time,queue_cnt,0
1034,1,0
1034,2,0
1034,3,0
1034,4,0
1034,5,0
1034,6,0
1034,7,0
1034,8,0
1034,9,0
1034,10,0
1034,11,0
1034,12,0
1034,13,0
1034,14,0
1034,15,0
1034,16,0
1034,17,0
1034,18,0
1034,19,0
1034,20,0
1034,21,0
1034,22,0
1034,23,0
1034,24,0
1034,25,0
1034,26,0
1034,27,0
1034,28,0
1034,29,0
1034,30,0
1034,31,0
1034,32,128
1035,1,0
1035,2,0
1035,3,0
1035,4,0
1035,5,0
1035,6,0
1035,7,0
1035,8,0
1035,9,0
1035,10,0
1035,11,7
1035,12,2
1035,13,25
1035,14,3
1035,15,1
1035,16,0
1035,17,0
1035,18,0
1035,19,0
1035,20,0
1035,21,8
1035,22,2
1035,23,0
1035,24,0
1035,25,0
1035,26,0
1035,27,0
1035,28,0
1035,29,0
1035,30,0
1035,31,0
1035,32,27
1041,1,0
1041,2,0
1041,3,0
1041,4,0
1041,5,0
1041,6,0
1041,7,0
1041,8,0
1041,9,0
1041,10,0
1041,11,1
1041,12,1
1041,13,1
1041,14,1
1041,15,1
1041,16,1
1041,17,1
1041,18,1
1041,19,1
1041,20,1
1041,21,1
1041,22,1
1041,23,1
1041,24,1
1041,25,1
1041,26,1
1041,27,1
1041,28,1
1041,29,1
1041,30,1
1041,31,3
1041,32,7076
1042,1,0
1042,2,0
1042,3,0
1042,4,0
1042,5,0
1042,6,0
1042,7,0
1042,8,0
1042,9,0
1042,10,0
1042,11,0
1042,12,0
1042,13,0
1042,14,0
1042,15,0
1042,16,0
1042,17,0
1042,18,0
1042,19,0
1042,20,0
1042,21,0
1042,22,0
1042,23,0
1042,24,0
1042,25,0
1042,26,0
1042,27,1
1042,28,1
1042,29,1
1042,30,2
1042,31,2
1042,32,15985
1043,1,0
1043,2,0
1043,3,0
1043,4,0
1043,5,0
1043,6,0
1043,7,0
1043,8,0
1043,9,0
1043,10,0
1043,11,0
1043,12,0
1043,13,0
1043,14,0
1043,15,0
1043,16,0
1043,17,0
1043,18,0
1043,19,0
1043,20,0
1043,21,0
1043,22,0
1043,23,0
1043,24,0
1043,25,0
1043,26,0
1043,27,0
1043,28,1
1043,29,2
1043,30,3
1043,31,3
1043,32,5957
1044,1,0
1044,2,0
1044,3,0
1044,4,0
1044,5,0
1044,6,0
1044,7,0
1044,8,0
1044,9,0
1044,10,0
1044,11,0
1044,12,0
1044,13,0
1044,14,0
1044,15,0
1044,16,0
1044,17,0
1044,18,0
1044,19,0
1044,20,0
1044,21,0
1044,22,0
1044,23,0
1044,24,0
1044,25,0
1044,26,0
1044,27,1
1044,28,1
1044,29,2
1044,30,2
1044,31,4
1044,32,2938
1045,1,0
1045,2,0
1045,3,0
1045,4,0
1045,5,0
1045,6,0
1045,7,0
1045,8,0
1045,9,0
1045,10,0
1045,11,0
1045,12,0
1045,13,0
1045,14,0
1045,15,0
1045,16,0
1045,17,0
1045,18,0
1045,19,0
1045,20,1
1045,21,1
1045,22,1
1045,23,1
1045,24,1
1045,25,1
1045,26,1
1045,27,2
1045,28,1
1045,29,3
1045,30,8
1045,31,10
1045,32,3832
1046,1,0
1046,2,0
1046,3,0
1046,4,0
1046,5,0
1046,6,0
1046,7,0
1046,8,0
1046,9,0
1046,10,0
1046,11,0
1046,12,0
1046,13,0
1046,14,0
1046,15,0
1046,16,0
1046,17,0
1046,18,0
1046,19,0
1046,20,0
1046,21,0
1046,22,0
1046,23,0
1046,24,0
1046,25,1
1046,26,1
1046,27,1
1046,28,1
1046,29,1
1046,30,3
1046,31,5
1046,32,3174
1047,1,0
1047,2,0
1047,3,0
1047,4,0
1047,5,0
1047,6,0
1047,7,0
1047,8,0
1047,9,0
1047,10,0
1047,11,0
1047,12,0
1047,13,0
1047,14,1
1047,15,1
1047,16,1
1047,17,1
1047,18,1
1047,19,1
1047,20,1
1047,21,1
1047,22,1
1047,23,1
1047,24,3
1047,25,3
1047,26,4
1047,27,5
1047,28,3
1047,29,5
1047,30,4
1047,31,4
1047,32,12657
1048,1,0
1048,2,0
1048,3,0
1048,4,0
1048,5,0
1048,6,0
1048,7,0
1048,8,0
1048,9,0
1048,10,0
1048,11,0
1048,12,0
1048,13,0
1048,14,0
1048,15,0
1048,16,0
1048,17,0
1048,18,0
1048,19,0
1048,20,0
1048,21,0
1048,22,2
1048,23,3
1048,24,6
1048,25,5
1048,26,3
1048,27,3
1048,28,4
1048,29,4
1048,30,4
1048,31,7
1048,32,17210
1049,1,0
1049,2,0
1049,3,0
1049,4,0
1049,5,0
1049,6,0
1049,7,0
1049,8,0
1049,9,0
1049,10,0
1049,11,0
1049,12,0
1049,13,0
1049,14,0
1049,15,0
1049,16,0
1049,17,0
1049,18,0
1049,19,0
1049,20,0
1049,21,0
1049,22,0
1049,23,1
1049,24,1
1049,25,1
1049,26,1
1049,27,1
1049,28,1
1049,29,1
1049,30,5
1049,31,5
1049,32,18204
1050,1,0
1050,2,0
1050,3,0
1050,4,0
1050,5,0
1050,6,0
1050,7,0
1050,8,0
1050,9,0
1050,10,0
1050,11,0
1050,12,0
1050,13,0
1050,14,0
1050,15,0
1050,16,0
1050,17,0
1050,18,0
1050,19,0
1050,20,0
1050,21,0
1050,22,0
1050,23,0
1050,24,0
1050,25,0
1050,26,1
1050,27,2
1050,28,2
1050,29,4
1050,30,5
1050,31,5
1050,32,14194
1051,1,0
1051,2,0
1051,3,0
1051,4,0
1051,5,0
1051,6,0
1051,7,0
1051,8,0
1051,9,0
1051,10,0
1051,11,0
1051,12,0
1051,13,0
1051,14,0
1051,15,0
1051,16,0
1051,17,0
1051,18,0
1051,19,0
1051,20,0
1051,21,0
1051,22,0
1051,23,0
1051,24,0
1051,25,0
1051,26,0
1051,27,0
1051,28,0
1051,29,1
1051,30,1
1051,31,2
1051,32,11165
1052,1,0
1052,2,0
1052,3,0
1052,4,0
1052,5,0
1052,6,0
1052,7,0
1052,8,0
1052,9,0
1052,10,0
1052,11,0
1052,12,0
1052,13,0
1052,14,0
1052,15,0
1052,16,0
1052,17,0
1052,18,0
1052,19,0
1052,20,0
1052,21,0
1052,22,0
1052,23,0
1052,24,1
1052,25,1
1052,26,1
1052,27,1
1052,28,1
1052,29,1
1052,30,6
1052,31,6
1052,32,11269
1053,1,0
1053,2,0
1053,3,0
1053,4,0
1053,5,0
1053,6,0
1053,7,0
1053,8,0
1053,9,0
1053,10,0
1053,11,0
1053,12,0
1053,13,0
1053,14,0
1053,15,0
1053,16,1
1053,17,2
1053,18,3
1053,19,3
1053,20,2
1053,21,2
1053,22,1
1053,23,2
1053,24,4
1053,25,4
1053,26,5
1053,27,12
1053,28,20
1053,29,24
1053,30,36
1053,31,37
1053,32,13198
1054,1,0
1054,2,0
1054,3,0
1054,4,0
1054,5,0
1054,6,0
1054,7,0
1054,8,0
1054,9,0
1054,10,0
1054,11,0
1054,12,0
1054,13,2
1054,14,4
1054,15,3
1054,16,1
1054,17,1
1054,18,1
1054,19,4
1054,20,3
1054,21,1
1054,22,3
1054,23,6
1054,24,9
1054,25,13
1054,26,18
1054,27,24
1054,28,33
1054,29,38
1054,30,57
1054,31,60
1054,32,15086
1055,1,0
1055,2,0
1055,3,0
1055,4,0
1055,5,0
1055,6,0
1055,7,0
1055,8,0
1055,9,0
1055,10,0
1055,11,0
1055,12,0
1055,13,2
1055,14,2
1055,15,2
1055,16,2
1055,17,4
1055,18,4
1055,19,3
1055,20,3
1055,21,6
1055,22,12
1055,23,17
1055,24,19
1055,25,22
1055,26,28
1055,27,26
1055,28,37
1055,29,38
1055,30,45
1055,31,52
1055,32,26285
1056,1,0
1056,2,0
1056,3,0
1056,4,0
1056,5,0
1056,6,0
1056,7,0
1056,8,0
1056,9,0
1056,10,0
1056,11,20
1056,12,8
1056,13,9
1056,14,8
1056,15,9
1056,16,11
1056,17,9
1056,18,10
1056,19,12
1056,20,11
1056,21,12
1056,22,10
1056,23,11
1056,24,13
1056,25,15
1056,26,22
1056,27,23
1056,28,26
1056,29,31
1056,30,30
1056,31,43
1056,32,18453
1057,1,0
1057,2,0
1057,3,0
1057,4,0
1057,5,0
1057,6,0
1057,7,0
1057,8,0
1057,9,0
1057,10,0
1057,11,0
1057,12,0
1057,13,0
1057,14,0
1057,15,0
1057,16,0
1057,17,0
1057,18,0
1057,19,0
1057,20,0
1057,21,0
1057,22,1
1057,23,1
1057,24,4
1057,25,3
1057,26,6
1057,27,9
1057,28,8
1057,29,12
1057,30,15
1057,31,26
1057,32,14245
1058,1,0
1058,2,0
1058,3,0
1058,4,0
1058,5,0
1058,6,0
1058,7,0
1058,8,0
1058,9,0
1058,10,0
1058,11,4
1058,12,4
1058,13,5
1058,14,6
1058,15,6
1058,16,6
1058,17,9
1058,18,12
1058,19,14
1058,20,13
1058,21,14
1058,22,10
1058,23,12
1058,24,14
1058,25,19
1058,26,24
1058,27,28
1058,28,26
1058,29,24
1058,30,30
1058,31,35
1058,32,14942
1059,1,0
1059,2,0
1059,3,0
1059,4,0
1059,5,0
1059,6,0
1059,7,0
1059,8,0
1059,9,0
1059,10,0
1059,11,0
1059,12,0
1059,13,0
1059,14,0
1059,15,2
1059,16,3
1059,17,2
1059,18,3
1059,19,3
1059,20,3
1059,21,7
1059,22,12
1059,23,16
1059,24,26
1059,25,28
1059,26,40
1059,27,44
1059,28,61
1059,29,53
1059,30,67
1059,31,74
1059,32,14762
1060,1,0
1060,2,0
1060,3,0
1060,4,0
1060,5,0
1060,6,0
1060,7,0
1060,8,0
1060,9,0
1060,10,0
1060,11,2
1060,12,2
1060,13,2
1060,14,2
1060,15,3
1060,16,4
1060,17,4
1060,18,5
1060,19,11
1060,20,11
1060,21,11
1060,22,19
1060,23,26
1060,24,32
1060,25,44
1060,26,42
1060,27,41
1060,28,46
1060,29,43
1060,30,51
1060,31,73
1060,32,21369
1061,1,0
1061,2,0
1061,3,0
1061,4,0
1061,5,0
1061,6,0
1061,7,0
1061,8,0
1061,9,0
1061,10,0
1061,11,4337
1061,12,8
1061,13,11
1061,14,17
1061,15,17
1061,16,14
1061,17,12
1061,18,13
1061,19,14
1061,20,10
1061,21,11
1061,22,16
1061,23,16
1061,24,15
1061,25,20
1061,26,25
1061,27,33
1061,28,37
1061,29,42
1061,30,50
1061,31,50
1061,32,16178
1062,1,0
1062,2,0
1062,3,0
1062,4,0
1062,5,0
1062,6,0
1062,7,0
1062,8,0
1062,9,0
1062,10,0
1062,11,10136
1062,12,0
1062,13,0
1062,14,0
1062,15,0
1062,16,0
1062,17,0
1062,18,0
1062,19,0
1062,20,0
1062,21,0
1062,22,0
1062,23,0
1062,24,0
1062,25,0
1062,26,0
1062,27,0
1062,28,0
1062,29,0
1062,30,0
1062,31,0
1062,32,0
1063,1,0
1063,2,0
1063,3,0
1063,4,0
1063,5,0
1063,6,0
1063,7,0
1063,8,0
1063,9,0
1063,10,0
1063,11,9705
1063,12,0
1063,13,0
1063,14,0
1063,15,0
1063,16,0
1063,17,0
1063,18,0
1063,19,0
1063,20,0
1063,21,0
1063,22,0
1063,23,0
1063,24,0
1063,25,0
1063,26,0
1063,27,0
1063,28,0
1063,29,0
1063,30,0
1063,31,0
1063,32,0
1064,1,0
1064,2,0
1064,3,0
1064,4,0
1064,5,0
1064,6,0
1064,7,0
1064,8,0
1064,9,0
1064,10,0
1064,11,8702
1064,12,0
1064,13,0
1064,14,0
1064,15,0
1064,16,0
1064,17,0
1064,18,0
1064,19,0
1064,20,0
1064,21,0
1064,22,0
1064,23,0
1064,24,0
1064,25,0
1064,26,0
1064,27,0
1064,28,0
1064,29,0
1064,30,0
1064,31,0
1064,32,0
1065,1,0
1065,2,0
1065,3,0
1065,4,0
1065,5,0
1065,6,0
1065,7,0
1065,8,0
1065,9,0
1065,10,0
1065,11,9258
1065,12,0
1065,13,0
1065,14,0
1065,15,0
1065,16,0
1065,17,0
1065,18,0
1065,19,0
1065,20,0
1065,21,0
1065,22,0
1065,23,0
1065,24,0
1065,25,0
1065,26,0
1065,27,0
1065,28,0
1065,29,0
1065,30,0
1065,31,0
1065,32,0
1066,1,0
1066,2,0
1066,3,0
1066,4,0
1066,5,0
1066,6,0
1066,7,0
1066,8,0
1066,9,0
1066,10,0
1066,11,9258
1066,12,0
1066,13,0
1066,14,0
1066,15,0
1066,16,0
1066,17,0
1066,18,0
1066,19,0
1066,20,0
1066,21,0
1066,22,0
1066,23,0
1066,24,0
1066,25,0
1066,26,0
1066,27,0
1066,28,0
1066,29,0
1066,30,0
1066,31,0
1066,32,0
1067,1,0
1067,2,0
1067,3,0
1067,4,0
1067,5,0
1067,6,0
1067,7,0
1067,8,0
1067,9,0
1067,10,0
1067,11,783
1067,12,57
1067,13,59
1067,14,64
1067,15,69
1067,16,66
1067,17,73
1067,18,80
1067,19,88
1067,20,87
1067,21,93
1067,22,107
1067,23,120
1067,24,120
1067,25,120
1067,26,130
1067,27,132
1067,28,129
1067,29,139
1067,30,138
1067,31,151
1067,32,24331
1068,1,0
1068,2,0
1068,3,0
1068,4,0
1068,5,0
1068,6,0
1068,7,0
1068,8,0
1068,9,0
1068,10,0
1068,11,52
1068,12,14
1068,13,16
1068,14,16
1068,15,16
1068,16,16
1068,17,18
1068,18,17
1068,19,17
1068,20,20
1068,21,23
1068,22,24
1068,23,32
1068,24,40
1068,25,49
1068,26,53
1068,27,65
1068,28,73
1068,29,64
1068,30,79
1068,31,89
1068,32,21084
1069,1,0
1069,2,0
1069,3,0
1069,4,0
1069,5,0
1069,6,0
1069,7,0
1069,8,0
1069,9,0
1069,10,0
1069,11,1
1069,12,4
1069,13,6
1069,14,5
1069,15,4
1069,16,6
1069,17,6
1069,18,7
1069,19,8
1069,20,11
1069,21,10
1069,22,9
1069,23,13
1069,24,18
1069,25,24
1069,26,33
1069,27,41
1069,28,49
1069,29,61
1069,30,75
1069,31,99
1069,32,17877
1070,1,0
1070,2,0
1070,3,0
1070,4,0
1070,5,0
1070,6,0
1070,7,0
1070,8,0
1070,9,0
1070,10,0
1070,11,0
1070,12,0
1070,13,0
1070,14,1
1070,15,2
1070,16,4
1070,17,3
1070,18,5
1070,19,6
1070,20,11
1070,21,19
1070,22,24
1070,23,35
1070,24,39
1070,25,42
1070,26,50
1070,27,49
1070,28,62
1070,29,63
1070,30,96
1070,31,108
1070,32,14502
1071,1,0
1071,2,0
1071,3,0
1071,4,0
1071,5,0
1071,6,0
1071,7,0
1071,8,0
1071,9,0
1071,10,0
1071,11,1
1071,12,1
1071,13,1
1071,14,2
1071,15,3
1071,16,3
1071,17,3
1071,18,3
1071,19,5
1071,20,9
1071,21,15
1071,22,15
1071,23,22
1071,24,28
1071,25,29
1071,26,40
1071,27,46
1071,28,51
1071,29,65
1071,30,81
1071,31,77
1071,32,12287
1072,1,0
1072,2,0
1072,3,0
1072,4,0
1072,5,0
1072,6,0
1072,7,0
1072,8,0
1072,9,0
1072,10,0
1072,11,1
1072,12,1
1072,13,1
1072,14,2
1072,15,2
1072,16,2
1072,17,5
1072,18,6
1072,19,15
1072,20,17
1072,21,22
1072,22,27
1072,23,34
1072,24,35
1072,25,44
1072,26,60
1072,27,63
1072,28,91
1072,29,88
1072,30,105
1072,31,109
1072,32,18436
1073,1,0
1073,2,0
1073,3,0
1073,4,0
1073,5,0
1073,6,0
1073,7,0
1073,8,0
1073,9,0
1073,10,0
1073,11,0
1073,12,2
1073,13,4
1073,14,5
1073,15,6
1073,16,5
1073,17,6
1073,18,4
1073,19,5
1073,20,4
1073,21,5
1073,22,12
1073,23,14
1073,24,17
1073,25,21
1073,26,32
1073,27,40
1073,28,36
1073,29,50
1073,30,63
1073,31,69
1073,32,25887
1074,1,0
1074,2,0
1074,3,0
1074,4,0
1074,5,0
1074,6,0
1074,7,0
1074,8,0
1074,9,0
1074,10,0
1074,11,0
1074,12,0
1074,13,0
1074,14,0
1074,15,0
1074,16,1
1074,17,1
1074,18,2
1074,19,4
1074,20,7
1074,21,12
1074,22,17
1074,23,13
1074,24,18
1074,25,22
1074,26,27
1074,27,37
1074,28,30
1074,29,33
1074,30,41
1074,31,56
1074,32,29649
1075,1,0
1075,2,0
1075,3,0
1075,4,0
1075,5,0
1075,6,0
1075,7,0
1075,8,0
1075,9,0
1075,10,0
1075,11,1
1075,12,1
1075,13,1
1075,14,1
1075,15,1
1075,16,1
1075,17,1
1075,18,1
1075,19,1
1075,20,1
1075,21,1
1075,22,1
1075,23,1
1075,24,2
1075,25,3
1075,26,5
1075,27,5
1075,28,6
1075,29,7
1075,30,10
1075,31,10
1075,32,27579
1076,1,0
1076,2,0
1076,3,0
1076,4,0
1076,5,0
1076,6,0
1076,7,0
1076,8,0
1076,9,0
1076,10,0
1076,11,0
1076,12,0
1076,13,0
1076,14,0
1076,15,0
1076,16,0
1076,17,0
1076,18,0
1076,19,0
1076,20,0
1076,21,0
1076,22,0
1076,23,0
1076,24,0
1076,25,0
1076,26,0
1076,27,2
1076,28,1
1076,29,2
1076,30,2
1076,31,3
1076,32,30260
1077,1,0
1077,2,0
1077,3,0
1077,4,0
1077,5,0
1077,6,0
1077,7,0
1077,8,0
1077,9,0
1077,10,0
1077,11,0
1077,12,0
1077,13,0
1077,14,0
1077,15,0
1077,16,0
1077,17,0
1077,18,2
1077,19,2
1077,20,4
1077,21,1
1077,22,4
1077,23,6
1077,24,4
1077,25,9
1077,26,17
1077,27,19
1077,28,25
1077,29,27
1077,30,35
1077,31,42
1077,32,30041
1078,1,0
1078,2,0
1078,3,0
1078,4,0
1078,5,0
1078,6,0
1078,7,0
1078,8,0
1078,9,0
1078,10,0
1078,11,1
1078,12,2
1078,13,2
1078,14,2
1078,15,2
1078,16,2
1078,17,3
1078,18,6
1078,19,6
1078,20,5
1078,21,8
1078,22,10
1078,23,9
1078,24,14
1078,25,20
1078,26,25
1078,27,39
1078,28,41
1078,29,49
1078,30,65
1078,31,79
1078,32,25831
1079,1,0
1079,2,0
1079,3,0
1079,4,0
1079,5,0
1079,6,0
1079,7,0
1079,8,0
1079,9,0
1079,10,0
1079,11,0
1079,12,1
1079,13,1
1079,14,3
1079,15,2
1079,16,4
1079,17,3
1079,18,8
1079,19,9
1079,20,10
1079,21,11
1079,22,14
1079,23,17
1079,24,19
1079,25,24
1079,26,32
1079,27,32
1079,28,38
1079,29,55
1079,30,67
1079,31,76
1079,32,23576
1080,1,0
1080,2,0
1080,3,0
1080,4,0
1080,5,0
1080,6,0
1080,7,0
1080,8,0
1080,9,0
1080,10,0
1080,11,7
1080,12,7
1080,13,10
1080,14,12
1080,15,15
1080,16,14
1080,17,15
1080,18,13
1080,19,14
1080,20,16
1080,21,20
1080,22,21
1080,23,22
1080,24,26
1080,25,31
1080,26,34
1080,27,35
1080,28,44
1080,29,52
1080,30,67
1080,31,93
1080,32,21550
1081,1,0
1081,2,0
1081,3,0
1081,4,0
1081,5,0
1081,6,0
1081,7,0
1081,8,0
1081,9,0
1081,10,0
1081,11,222
1081,12,83
1081,13,88
1081,14,88
1081,15,104
1081,16,97
1081,17,93
1081,18,95
1081,19,104
1081,20,116
1081,21,116
1081,22,114
1081,23,126
1081,24,120
1081,25,119
1081,26,126
1081,27,133
1081,28,131
1081,29,157
1081,30,154
1081,31,163
1081,32,20598
1082,1,0
1082,2,0
1082,3,0
1082,4,0
1082,5,0
1082,6,0
1082,7,0
1082,8,0
1082,9,0
1082,10,0
1082,11,56
1082,12,26
1082,13,31
1082,14,35
1082,15,37
1082,16,38
1082,17,43
1082,18,44
1082,19,46
1082,20,47
1082,21,44
1082,22,47
1082,23,55
1082,24,61
1082,25,59
1082,26,71
1082,27,71
1082,28,76
1082,29,89
1082,30,95
1082,31,99
1082,32,14539
1083,1,0
1083,2,0
1083,3,0
1083,4,0
1083,5,0
1083,6,0
1083,7,0
1083,8,0
1083,9,0
1083,10,0
1083,11,130
1083,12,25
1083,13,31
1083,14,32
1083,15,41
1083,16,43
1083,17,43
1083,18,41
1083,19,38
1083,20,39
1083,21,45
1083,22,42
1083,23,49
1083,24,56
1083,25,72
1083,26,77
1083,27,84
1083,28,92
1083,29,103
1083,30,124
1083,31,130
1083,32,14625
1084,1,0
1084,2,0
1084,3,0
1084,4,0
1084,5,0
1084,6,0
1084,7,0
1084,8,0
1084,9,0
1084,10,0
1084,11,2
1084,12,2
1084,13,3
1084,14,3
1084,15,4
1084,16,6
1084,17,7
1084,18,5
1084,19,7
1084,20,7
1084,21,14
1084,22,13
1084,23,22
1084,24,24
1084,25,28
1084,26,40
1084,27,45
1084,28,58
1084,29,82
1084,30,96
1084,31,104
1084,32,15416
1085,1,0
1085,2,0
1085,3,0
1085,4,0
1085,5,0
1085,6,0
1085,7,0
1085,8,0
1085,9,0
1085,10,0
1085,11,2
1085,12,2
1085,13,4
1085,14,5
1085,15,5
1085,16,7
1085,17,8
1085,18,9
1085,19,12
1085,20,22
1085,21,17
1085,22,20
1085,23,22
1085,24,32
1085,25,38
1085,26,43
1085,27,52
1085,28,72
1085,29,82
1085,30,90
1085,31,91
1085,32,18378
1086,1,0
1086,2,0
1086,3,0
1086,4,0
1086,5,0
1086,6,0
1086,7,0
1086,8,0
1086,9,0
1086,10,0
1086,11,33
1086,12,9
1086,13,8
1086,14,8
1086,15,6
1086,16,8
1086,17,9
1086,18,13
1086,19,17
1086,20,20
1086,21,23
1086,22,35
1086,23,31
1086,24,30
1086,25,33
1086,26,36
1086,27,31
1086,28,39
1086,29,55
1086,30,61
1086,31,66
1086,32,28500
1087,1,0
1087,2,0
1087,3,0
1087,4,0
1087,5,0
1087,6,0
1087,7,0
1087,8,0
1087,9,0
1087,10,0
1087,11,12575
1087,12,4
1087,13,3
1087,14,3
1087,15,3
1087,16,4
1087,17,4
1087,18,4
1087,19,5
1087,20,5
1087,21,6
1087,22,6
1087,23,6
1087,24,9
1087,25,5
1087,26,5
1087,27,5
1087,28,6
1087,29,6
1087,30,8
1087,31,6
1087,32,2732
1088,1,0
1088,2,0
1088,3,0
1088,4,0
1088,5,0
1088,6,0
1088,7,0
1088,8,0
1088,9,12614
1088,10,2
1088,11,2694
1088,12,0
1088,13,0
1088,14,0
1088,15,0
1088,16,0
1088,17,0
1088,18,0
1088,19,0
1088,20,0
1088,21,0
1088,22,0
1088,23,0
1088,24,0
1088,25,0
1088,26,0
1088,27,0
1088,28,0
1088,29,0
1088,30,0
1088,31,0
1088,32,0
1089,1,0
1089,2,0
1089,3,0
1089,4,0
1089,5,0
1089,6,0
1089,7,0
1089,8,0
1089,9,17826
1089,10,0
1089,11,0
1089,12,0
1089,13,0
1089,14,0
1089,15,0
1089,16,0
1089,17,0
1089,18,0
1089,19,0
1089,20,0
1089,21,0
1089,22,0
1089,23,0
1089,24,0
1089,25,0
1089,26,0
1089,27,0
1089,28,0
1089,29,0
1089,30,0
1089,31,0
1089,32,0
1090,1,0
1090,2,0
1090,3,0
1090,4,0
1090,5,0
1090,6,0
1090,7,0
1090,8,0
1090,9,17949
1090,10,0
1090,11,0
1090,12,0
1090,13,0
1090,14,0
1090,15,0
1090,16,0
1090,17,0
1090,18,0
1090,19,0
1090,20,0
1090,21,0
1090,22,0
1090,23,0
1090,24,0
1090,25,0
1090,26,0
1090,27,0
1090,28,0
1090,29,0
1090,30,0
1090,31,0
1090,32,0
1091,1,0
1091,2,0
1091,3,0
1091,4,0
1091,5,0
1091,6,0
1091,7,0
1091,8,0
1091,9,17242
1091,10,0
1091,11,0
1091,12,0
1091,13,0
1091,14,0
1091,15,0
1091,16,0
1091,17,0
1091,18,0
1091,19,0
1091,20,0
1091,21,0
1091,22,0
1091,23,0
1091,24,0
1091,25,0
1091,26,0
1091,27,0
1091,28,0
1091,29,0
1091,30,0
1091,31,0
1091,32,0
1092,1,0
1092,2,0
1092,3,0
1092,4,0
1092,5,0
1092,6,0
1092,7,0
1092,8,0
1092,9,17225
1092,10,0
1092,11,0
1092,12,0
1092,13,0
1092,14,0
1092,15,0
1092,16,0
1092,17,0
1092,18,0
1092,19,0
1092,20,0
1092,21,0
1092,22,0
1092,23,0
1092,24,0
1092,25,0
1092,26,0
1092,27,0
1092,28,0
1092,29,0
1092,30,0
1092,31,0
1092,32,0
1093,1,0
1093,2,0
1093,3,0
1093,4,0
1093,5,0
1093,6,0
1093,7,0
1093,8,0
1093,9,17140
1093,10,0
1093,11,0
1093,12,0
1093,13,0
1093,14,0
1093,15,0
1093,16,0
1093,17,0
1093,18,0
1093,19,0
1093,20,0
1093,21,0
1093,22,0
1093,23,0
1093,24,0
1093,25,0
1093,26,0
1093,27,0
1093,28,0
1093,29,0
1093,30,0
1093,31,0
1093,32,0
1094,1,0
1094,2,0
1094,3,0
1094,4,0
1094,5,0
1094,6,0
1094,7,0
1094,8,0
1094,9,17527
1094,10,0
1094,11,0
1094,12,0
1094,13,0
1094,14,0
1094,15,0
1094,16,0
1094,17,0
1094,18,0
1094,19,0
1094,20,0
1094,21,0
1094,22,0
1094,23,0
1094,24,0
1094,25,0
1094,26,0
1094,27,0
1094,28,0
1094,29,0
1094,30,0
1094,31,0
1094,32,0
1095,1,0
1095,2,0
1095,3,0
1095,4,0
1095,5,0
1095,6,0
1095,7,0
1095,8,0
1095,9,17849
1095,10,0
1095,11,0
1095,12,0
1095,13,0
1095,14,0
1095,15,0
1095,16,0
1095,17,0
1095,18,0
1095,19,0
1095,20,0
1095,21,0
1095,22,0
1095,23,0
1095,24,0
1095,25,0
1095,26,0
1095,27,0
1095,28,0
1095,29,0
1095,30,0
1095,31,0
1095,32,0
1096,1,0
1096,2,0
1096,3,0
1096,4,0
1096,5,0
1096,6,0
1096,7,0
1096,8,0
1096,9,17834
1096,10,0
1096,11,0
1096,12,0
1096,13,0
1096,14,0
1096,15,0
1096,16,0
1096,17,0
1096,18,0
1096,19,0
1096,20,0
1096,21,0
1096,22,0
1096,23,0
1096,24,0
1096,25,0
1096,26,0
1096,27,0
1096,28,0
1096,29,0
1096,30,0
1096,31,0
1096,32,0
1097,1,0
1097,2,0
1097,3,0
1097,4,0
1097,5,0
1097,6,0
1097,7,0
1097,8,0
1097,9,15032
1097,10,0
1097,11,0
1097,12,0
1097,13,0
1097,14,0
1097,15,0
1097,16,0
1097,17,0
1097,18,0
1097,19,0
1097,20,0
1097,21,0
1097,22,0
1097,23,0
1097,24,0
1097,25,0
1097,26,0
1097,27,0
1097,28,0
1097,29,0
1097,30,0
1097,31,0
1097,32,0
1098,1,0
1098,2,0
1098,3,0
1098,4,0
1098,5,0
1098,6,0
1098,7,0
1098,8,0
1098,9,11377
1098,10,0
1098,11,0
1098,12,0
1098,13,0
1098,14,0
1098,15,0
1098,16,0
1098,17,0
1098,18,0
1098,19,0
1098,20,0
1098,21,0
1098,22,0
1098,23,0
1098,24,0
1098,25,0
1098,26,0
1098,27,0
1098,28,0
1098,29,0
1098,30,0
1098,31,0
1098,32,0
1099,1,0
1099,2,0
1099,3,0
1099,4,0
1099,5,0
1099,6,0
1099,7,0
1099,8,0
1099,9,4893
1099,10,136
1099,11,53
1099,12,24
1099,13,14
1099,14,10
1099,15,6
1099,16,6
1099,17,6
1099,18,6
1099,19,6
1099,20,7
1099,21,5
1099,22,5
1099,23,5
1099,24,5
1099,25,5
1099,26,5
1099,27,5
1099,28,5
1099,29,5
1099,30,5
1099,31,5
1099,32,5
1100,1,0
1100,2,0
1100,3,0
1100,4,0
1100,5,0
1100,6,0
1100,7,0
1100,8,0
1100,9,3900
1100,10,257
1100,11,39
1100,12,17
1100,13,12
1100,14,11
1100,15,4
1100,16,0
1100,17,0
1100,18,0
1100,19,0
1100,20,0
1100,21,0
1100,22,0
1100,23,0
1100,24,0
1100,25,0
1100,26,0
1100,27,0
1100,28,0
1100,29,0
1100,30,0
1100,31,0
1100,32,0
1101,1,0
1101,2,0
1101,3,0
1101,4,0
1101,5,0
1101,6,0
1101,7,0
1101,8,0
1101,9,4750
1101,10,0
1101,11,0
1101,12,0
1101,13,0
1101,14,0
1101,15,0
1101,16,0
1101,17,0
1101,18,0
1101,19,0
1101,20,0
1101,21,0
1101,22,0
1101,23,0
1101,24,0
1101,25,0
1101,26,0
1101,27,0
1101,28,0
1101,29,0
1101,30,0
1101,31,0
1101,32,0
1102,1,0
1102,2,0
1102,3,0
1102,4,0
1102,5,0
1102,6,0
1102,7,0
1102,8,0
1102,9,531
1102,10,10
1102,11,10
1102,12,10
1102,13,10
1102,14,10
1102,15,10
1102,16,10
1102,17,10
1102,18,10
1102,19,10
1102,20,11
1102,21,11
1102,22,11
1102,23,11
1102,24,11
1102,25,9
1102,26,9
1102,27,9
1102,28,9
1102,29,9
1102,30,9
1102,31,9
1102,32,10
1103,1,0
1103,2,0
1103,3,0
1103,4,0
1103,5,0
1103,6,0
1103,7,0
1103,8,0
1103,9,4801
1103,10,5
1103,11,4
1103,12,4
1103,13,4
1103,14,4
1103,15,4
1103,16,4
1103,17,4
1103,18,4
1103,19,4
1103,20,4
1103,21,4
1103,22,3
1103,23,3
1103,24,3
1103,25,3
1103,26,3
1103,27,3
1103,28,3
1103,29,3
1103,30,3
1103,31,3
1103,32,4
1104,1,0
1104,2,0
1104,3,0
1104,4,0
1104,5,0
1104,6,0
1104,7,0
1104,8,0
1104,9,4467
1104,10,8
1104,11,6
1104,12,7
1104,13,6
1104,14,6
1104,15,6
1104,16,6
1104,17,6
1104,18,6
1104,19,6
1104,20,6
1104,21,6
1104,22,6
1104,23,6
1104,24,5
1104,25,5
1104,26,5
1104,27,5
1104,28,5
1104,29,5
1104,30,5
1104,31,5
1104,32,5
1105,1,0
1105,2,0
1105,3,0
1105,4,0
1105,5,0
1105,6,0
1105,7,0
1105,8,0
1105,9,3469
1105,10,7
1105,11,7
1105,12,7
1105,13,7
1105,14,6
1105,15,6
1105,16,6
1105,17,6
1105,18,6
1105,19,6
1105,20,6
1105,21,6
1105,22,6
1105,23,6
1105,24,6
1105,25,6
1105,26,6
1105,27,6
1105,28,6
1105,29,6
1105,30,6
1105,31,6
1105,32,6
1106,1,0
1106,2,0
1106,3,0
1106,4,0
1106,5,0
1106,6,0
1106,7,0
1106,8,0
1106,9,5920
1106,10,7
1106,11,5
1106,12,5
1106,13,5
1106,14,5
1106,15,5
1106,16,5
1106,17,5
1106,18,5
1106,19,5
1106,20,5
1106,21,5
1106,22,5
1106,23,5
1106,24,6
1106,25,6
1106,26,6
1106,27,6
1106,28,5
1106,29,5
1106,30,5
1106,31,5
1106,32,5
1107,1,0
1107,2,0
1107,3,0
1107,4,0
1107,5,0
1107,6,0
1107,7,0
1107,8,0
1107,9,2870
1107,10,486
1107,11,707
1107,12,742
1107,13,766
1107,14,775
1107,15,857
1107,16,820
1107,17,945
1107,18,876
1107,19,1118
1107,20,1135
1107,21,912
1107,22,944
1107,23,946
1107,24,947
1107,25,836
1107,26,821
1107,27,863
1107,28,795
1107,29,853
1107,30,957
1107,31,917
1107,32,35101
1108,1,0
1108,2,0
1108,3,0
1108,4,0
1108,5,0
1108,6,0
1108,7,0
1108,8,0
1108,9,1262
1108,10,567
1108,11,688
1108,12,785
1108,13,751
1108,14,897
1108,15,942
1108,16,1031
1108,17,1060
1108,18,975
1108,19,972
1108,20,1025
1108,21,1246
1108,22,1131
1108,23,1093
1108,24,970
1108,25,1023
1108,26,986
1108,27,956
1108,28,1007
1108,29,1031
1108,30,1038
1108,31,988
1108,32,39497
1109,1,0
1109,2,0
1109,3,0
1109,4,0
1109,5,0
1109,6,0
1109,7,0
1109,8,0
1109,9,899
1109,10,368
1109,11,539
1109,12,497
1109,13,562
1109,14,667
1109,15,616
1109,16,614
1109,17,671
1109,18,616
1109,19,625
1109,20,698
1109,21,699
1109,22,683
1109,23,731
1109,24,632
1109,25,664
1109,26,650
1109,27,734
1109,28,712
1109,29,689
1109,30,748
1109,31,784
1109,32,52242
1110,1,0
1110,2,0
1110,3,0
1110,4,0
1110,5,0
1110,6,0
1110,7,0
1110,8,0
1110,9,8
1110,10,15
1110,11,22
1110,12,21
1110,13,24
1110,14,30
1110,15,37
1110,16,40
1110,17,41
1110,18,47
1110,19,48
1110,20,52
1110,21,63
1110,22,72
1110,23,88
1110,24,110
1110,25,156
1110,26,168
1110,27,207
1110,28,228
1110,29,273
1110,30,316
1110,31,362
1110,32,81042
1111,1,0
1111,2,0
1111,3,0
1111,4,0
1111,5,0
1111,6,0
1111,7,0
1111,8,0
1111,9,48
1111,10,19
1111,11,19
1111,12,20
1111,13,24
1111,14,30
1111,15,30
1111,16,33
1111,17,30
1111,18,38
1111,19,41
1111,20,46
1111,21,47
1111,22,53
1111,23,62
1111,24,72
1111,25,80
1111,26,87
1111,27,103
1111,28,120
1111,29,150
1111,30,190
1111,31,222
1111,32,81608
1112,1,0
1112,2,0
1112,3,0
1112,4,0
1112,5,0
1112,6,0
1112,7,0
1112,8,0
1112,9,12
1112,10,15
1112,11,18
1112,12,19
1112,13,22
1112,14,26
1112,15,28
1112,16,30
1112,17,32
1112,18,30
1112,19,36
1112,20,40
1112,21,42
1112,22,50
1112,23,59
1112,24,75
1112,25,93
1112,26,130
1112,27,148
1112,28,188
1112,29,218
1112,30,263
1112,31,337
1112,32,80487
1113,1,0
1113,2,0
1113,3,0
1113,4,0
1113,5,0
1113,6,0
1113,7,0
1113,8,0
1113,9,3
1113,10,4
1113,11,5
1113,12,6
1113,13,9
1113,14,12
1113,15,14
1113,16,17
1113,17,20
1113,18,20
1113,19,26
1113,20,30
1113,21,34
1113,22,40
1113,23,51
1113,24,58
1113,25,70
1113,26,94
1113,27,114
1113,28,155
1113,29,177
1113,30,240
1113,31,355
1113,32,82310
1114,1,0
1114,2,0
1114,3,0
1114,4,0
1114,5,0
1114,6,0
1114,7,0
1114,8,0
1114,9,10
1114,10,14
1114,11,22
1114,12,30
1114,13,38
1114,14,44
1114,15,35
1114,16,26
1114,17,29
1114,18,29
1114,19,35
1114,20,33
1114,21,38
1114,22,39
1114,23,47
1114,24,72
1114,25,85
1114,26,108
1114,27,128
1114,28,180
1114,29,265
1114,30,341
1114,31,443
1114,32,81420
1115,1,0
1115,2,0
1115,3,0
1115,4,0
1115,5,0
1115,6,0
1115,7,0
1115,8,0
1115,9,747
1115,10,104
1115,11,108
1115,12,247
1115,13,165
1115,14,166
1115,15,166
1115,16,184
1115,17,171
1115,18,221
1115,19,253
1115,20,265
1115,21,246
1115,22,234
1115,23,176
1115,24,226
1115,25,195
1115,26,235
1115,27,226
1115,28,276
1115,29,293
1115,30,338
1115,31,411
1115,32,71805
1116,1,0
1116,2,0
1116,3,0
1116,4,0
1116,5,0
1116,6,0
1116,7,0
1116,8,0
1116,9,1996
1116,10,581
1116,11,587
1116,12,639
1116,13,905
1116,14,1026
1116,15,1004
1116,16,1030
1116,17,982
1116,18,978
1116,19,1048
1116,20,1261
1116,21,871
1116,22,849
1116,23,864
1116,24,797
1116,25,872
1116,26,909
1116,27,904
1116,28,964
1116,29,880
1116,30,957
1116,31,956
1116,32,37772
1117,1,0
1117,2,0
1117,3,0
1117,4,0
1117,5,0
1117,6,0
1117,7,0
1117,8,0
1117,9,1412
1117,10,614
1117,11,560
1117,12,653
1117,13,681
1117,14,797
1117,15,848
1117,16,862
1117,17,1100
1117,18,876
1117,19,907
1117,20,1009
1117,21,954
1117,22,816
1117,23,970
1117,24,974
1117,25,945
1117,26,943
1117,27,1053
1117,28,970
1117,29,1002
1117,30,1025
1117,31,1016
1117,32,41582
1118,1,0
1118,2,0
1118,3,0
1118,4,0
1118,5,0
1118,6,0
1118,7,0
1118,8,0
1118,9,1038
1118,10,396
1118,11,515
1118,12,506
1118,13,556
1118,14,514
1118,15,602
1118,16,622
1118,17,645
1118,18,658
1118,19,620
1118,20,696
1118,21,643
1118,22,703
1118,23,684
1118,24,637
1118,25,783
1118,26,821
1118,27,858
1118,28,786
1118,29,772
1118,30,800
1118,31,916
1118,32,52133
1119,1,0
1119,2,0
1119,3,0
1119,4,0
1119,5,0
1119,6,0
1119,7,0
1119,8,0
1119,9,9
1119,10,13
1119,11,13
1119,12,14
1119,13,16
1119,14,17
1119,15,21
1119,16,26
1119,17,30
1119,18,36
1119,19,39
1119,20,39
1119,21,44
1119,22,47
1119,23,53
1119,24,58
1119,25,59
1119,26,67
1119,27,79
1119,28,108
1119,29,137
1119,30,210
1119,31,342
1119,32,81257
1120,1,0
1120,2,0
1120,3,0
1120,4,0
1120,5,0
1120,6,0
1120,7,0
1120,8,0
1120,9,4
1120,10,6
1120,11,7
1120,12,10
1120,13,11
1120,14,15
1120,15,15
1120,16,20
1120,17,22
1120,18,24
1120,19,30
1120,20,31
1120,21,32
1120,22,37
1120,23,42
1120,24,52
1120,25,57
1120,26,81
1120,27,114
1120,28,182
1120,29,215
1120,30,252
1120,31,386
1120,32,81680
1121,1,0
1121,2,0
1121,3,0
1121,4,0
1121,5,0
1121,6,0
1121,7,0
1121,8,0
1121,9,507
1121,10,146
1121,11,128
1121,12,122
1121,13,139
1121,14,153
1121,15,166
1121,16,164
1121,17,163
1121,18,174
1121,19,147
1121,20,152
1121,21,163
1121,22,197
1121,23,192
1121,24,208
1121,25,222
1121,26,244
1121,27,251
1121,28,268
1121,29,306
1121,30,386
1121,31,430
1121,32,72391
1122,1,0
1122,2,0
1122,3,0
1122,4,0
1122,5,0
1122,6,0
1122,7,0
1122,8,0
1122,9,2311
1122,10,588
1122,11,581
1122,12,541
1122,13,581
1122,14,650
1122,15,631
1122,16,694
1122,17,708
1122,18,748
1122,19,738
1122,20,821
1122,21,915
1122,22,800
1122,23,697
1122,24,671
1122,25,641
1122,26,655
1122,27,734
1122,28,874
1122,29,798
1122,30,826
1122,31,767
1122,32,37540
1123,1,0
1123,2,0
1123,3,0
1123,4,0
1123,5,0
1123,6,0
1123,7,0
1123,8,0
1123,9,2958
1123,10,574
1123,11,538
1123,12,604
1123,13,681
1123,14,815
1123,15,839
1123,16,852
1123,17,844
1123,18,886
1123,19,928
1123,20,884
1123,21,786
1123,22,826
1123,23,922
1123,24,953
1123,25,914
1123,26,848
1123,27,882
1123,28,858
1123,29,935
1123,30,832
1123,31,826
1123,32,34781
1124,1,0
1124,2,0
1124,3,0
1124,4,0
1124,5,0
1124,6,0
1124,7,0
1124,8,0
1124,9,2736
1124,10,637
1124,11,604
1124,12,644
1124,13,665
1124,14,598
1124,15,694
1124,16,655
1124,17,694
1124,18,659
1124,19,674
1124,20,645
1124,21,753
1124,22,666
1124,23,662
1124,24,617
1124,25,628
1124,26,659
1124,27,677
1124,28,683
1124,29,783
1124,30,790
1124,31,900
1124,32,38497
1125,1,0
1125,2,0
1125,3,0
1125,4,0
1125,5,0
1125,6,0
1125,7,0
1125,8,0
1125,9,2312
1125,10,629
1125,11,531
1125,12,515
1125,13,591
1125,14,653
1125,15,736
1125,16,845
1125,17,805
1125,18,761
1125,19,818
1125,20,847
1125,21,787
1125,22,802
1125,23,809
1125,24,885
1125,25,920
1125,26,935
1125,27,971
1125,28,839
1125,29,795
1125,30,819
1125,31,825
1125,32,38593
1126,1,0
1126,2,0
1126,3,0
1126,4,0
1126,5,0
1126,6,0
1126,7,0
1126,8,0
1126,9,2936
1126,10,682
1126,11,773
1126,12,736
1126,13,606
1126,14,636
1126,15,721
1126,16,747
1126,17,700
1126,18,721
1126,19,723
1126,20,781
1126,21,780
1126,22,797
1126,23,807
1126,24,771
1126,25,819
1126,26,806
1126,27,780
1126,28,811
1126,29,750
1126,30,785
1126,31,869
1126,32,35006
1127,1,0
1127,2,0
1127,3,0
1127,4,0
1127,5,0
1127,6,0
1127,7,0
1127,8,0
1127,9,11366
1127,10,106
1127,11,116
1127,12,130
1127,13,270
1127,14,203
1127,15,178
1127,16,239
1127,17,278
1127,18,243
1127,19,203
1127,20,232
1127,21,139
1127,22,232
1127,23,196
1127,24,207
1127,25,190
1127,26,195
1127,27,154
1127,28,202
1127,29,160
1127,30,181
1127,31,174
1127,32,4830
1128,1,0
1128,2,0
1128,3,0
1128,4,0
1128,5,0
1128,6,0
1128,7,0
1128,8,0
1128,9,17721
1128,10,0
1128,11,0
1128,12,0
1128,13,0
1128,14,0
1128,15,0
1128,16,0
1128,17,0
1128,18,0
1128,19,0
1128,20,0
1128,21,0
1128,22,0
1128,23,0
1128,24,0
1128,25,0
1128,26,0
1128,27,0
1128,28,0
1128,29,0
1128,30,0
1128,31,0
1128,32,0
1129,1,0
1129,2,0
1129,3,0
1129,4,0
1129,5,0
1129,6,0
1129,7,0
1129,8,0
1129,9,17812
1129,10,0
1129,11,0
1129,12,0
1129,13,0
1129,14,0
1129,15,0
1129,16,0
1129,17,0
1129,18,0
1129,19,0
1129,20,0
1129,21,0
1129,22,0
1129,23,0
1129,24,0
1129,25,0
1129,26,0
1129,27,0
1129,28,0
1129,29,0
1129,30,0
1129,31,0
1129,32,0
1130,1,0
1130,2,0
1130,3,0
1130,4,0
1130,5,0
1130,6,0
1130,7,0
1130,8,0
1130,9,17837
1130,10,0
1130,11,0
1130,12,0
1130,13,0
1130,14,0
1130,15,0
1130,16,0
1130,17,0
1130,18,0
1130,19,0
1130,20,0
1130,21,0
1130,22,0
1130,23,0
1130,24,0
1130,25,0
1130,26,0
1130,27,0
1130,28,0
1130,29,0
1130,30,0
1130,31,0
1130,32,0
1131,1,0
1131,2,0
1131,3,0
1131,4,0
1131,5,0
1131,6,0
1131,7,0
1131,8,0
1131,9,17207
1131,10,38
1131,11,2
1131,12,0
1131,13,0
1131,14,0
1131,15,0
1131,16,0
1131,17,0
1131,18,0
1131,19,0
1131,20,0
1131,21,0
1131,22,0
1131,23,0
1131,24,0
1131,25,0
1131,26,0
1131,27,0
1131,28,0
1131,29,0
1131,30,0
1131,31,0
1131,32,0
1132,1,0
1132,2,0
1132,3,0
1132,4,0
1132,5,0
1132,6,0
1132,7,0
1132,8,0
1132,9,17403
1132,10,0
1132,11,0
1132,12,0
1132,13,0
1132,14,0
1132,15,0
1132,16,0
1132,17,0
1132,18,0
1132,19,0
1132,20,0
1132,21,0
1132,22,0
1132,23,0
1132,24,0
1132,25,0
1132,26,0
1132,27,0
1132,28,0
1132,29,0
1132,30,0
1132,31,0
1132,32,0
1133,1,0
1133,2,0
1133,3,0
1133,4,0
1133,5,0
1133,6,0
1133,7,0
1133,8,0
1133,9,16746
1133,10,0
1133,11,0
1133,12,0
1133,13,0
1133,14,0
1133,15,0
1133,16,0
1133,17,0
1133,18,0
1133,19,0
1133,20,0
1133,21,0
1133,22,0
1133,23,0
1133,24,0
1133,25,0
1133,26,0
1133,27,0
1133,28,0
1133,29,0
1133,30,0
1133,31,0
1133,32,0
1134,1,0
1134,2,0
1134,3,0
1134,4,0
1134,5,0
1134,6,0
1134,7,0
1134,8,0
1134,9,17337
1134,10,0
1134,11,0
1134,12,0
1134,13,0
1134,14,0
1134,15,0
1134,16,0
1134,17,0
1134,18,0
1134,19,0
1134,20,0
1134,21,0
1134,22,0
1134,23,0
1134,24,0
1134,25,0
1134,26,0
1134,27,0
1134,28,0
1134,29,0
1134,30,0
1134,31,0
1134,32,0
1135,1,0
1135,2,0
1135,3,0
1135,4,0
1135,5,0
1135,6,0
1135,7,0
1135,8,0
1135,9,16274
1135,10,0
1135,11,0
1135,12,0
1135,13,0
1135,14,0
1135,15,0
1135,16,0
1135,17,0
1135,18,0
1135,19,0
1135,20,0
1135,21,0
1135,22,0
1135,23,0
1135,24,0
1135,25,0
1135,26,0
1135,27,0
1135,28,0
1135,29,0
1135,30,0
1135,31,0
1135,32,0
1136,1,0
1136,2,0
1136,3,0
1136,4,0
1136,5,0
1136,6,0
1136,7,0
1136,8,0
1136,9,15527
1136,10,45
1136,11,11
1136,12,5
1136,13,3
1136,14,2
1136,15,0
1136,16,0
1136,17,0
1136,18,0
1136,19,0
1136,20,0
1136,21,0
1136,22,0
1136,23,0
1136,24,0
1136,25,0
1136,26,0
1136,27,0
1136,28,0
1136,29,0
1136,30,0
1136,31,0
1136,32,0
1137,1,0
1137,2,0
1137,3,0
1137,4,0
1137,5,0
1137,6,0
1137,7,0
1137,8,0
1137,9,17309
1137,10,0
1137,11,0
1137,12,0
1137,13,0
1137,14,0
1137,15,0
1137,16,0
1137,17,0
1137,18,0
1137,19,0
1137,20,0
1137,21,0
1137,22,0
1137,23,0
1137,24,0
1137,25,0
1137,26,0
1137,27,0
1137,28,0
1137,29,0
1137,30,0
1137,31,0
1137,32,0
1138,1,0
1138,2,0
1138,3,0
1138,4,0
1138,5,0
1138,6,0
1138,7,0
1138,8,0
1138,9,17935
1138,10,0
1138,11,0
1138,12,0
1138,13,0
1138,14,0
1138,15,0
1138,16,0
1138,17,0
1138,18,0
1138,19,0
1138,20,0
1138,21,0
1138,22,0
1138,23,0
1138,24,0
1138,25,0
1138,26,0
1138,27,0
1138,28,0
1138,29,0
1138,30,0
1138,31,0
1138,32,0
1139,1,0
1139,2,0
1139,3,0
1139,4,0
1139,5,0
1139,6,0
1139,7,0
1139,8,0
1139,9,17913
1139,10,0
1139,11,0
1139,12,0
1139,13,0
1139,14,0
1139,15,0
1139,16,0
1139,17,0
1139,18,0
1139,19,0
1139,20,0
1139,21,0
1139,22,0
1139,23,0
1139,24,0
1139,25,0
1139,26,0
1139,27,0
1139,28,0
1139,29,0
1139,30,0
1139,31,0
1139,32,0
1140,1,0
1140,2,0
1140,3,0
1140,4,0
1140,5,0
1140,6,0
1140,7,0
1140,8,0
1140,9,16874
1140,10,0
1140,11,0
1140,12,0
1140,13,0
1140,14,0
1140,15,0
1140,16,0
1140,17,0
1140,18,0
1140,19,0
1140,20,0
1140,21,0
1140,22,0
1140,23,0
1140,24,0
1140,25,0
1140,26,0
1140,27,0
1140,28,0
1140,29,0
1140,30,0
1140,31,0
1140,32,0
1141,1,0
1141,2,0
1141,3,0
1141,4,0
1141,5,0
1141,6,0
1141,7,0
1141,8,0
1141,9,12529
1141,10,0
1141,11,0
1141,12,0
1141,13,0
1141,14,0
1141,15,0
1141,16,0
1141,17,0
1141,18,0
1141,19,0
1141,20,0
1141,21,0
1141,22,0
1141,23,0
1141,24,0
1141,25,0
1141,26,0
1141,27,0
1141,28,0
1141,29,0
1141,30,0
1141,31,0
1141,32,0
1142,1,0
1142,2,0
1142,3,0
1142,4,0
1142,5,0
1142,6,0
1142,7,0
1142,8,0
1142,9,8088
1142,10,11
1142,11,10
1142,12,11
1142,13,10
1142,14,8
1142,15,9
1142,16,9
1142,17,10
1142,18,9
1142,19,10
1142,20,11
1142,21,10
1142,22,16
1142,23,18
1142,24,19
1142,25,19
1142,26,23
1142,27,23
1142,28,28
1142,29,39
1142,30,40
1142,31,50
1142,32,8578
1143,1,0
1143,2,0
1143,3,0
1143,4,0
1143,5,0
1143,6,0
1143,7,0
1143,8,0
1143,9,69
1143,10,8
1143,11,8
1143,12,8
1143,13,9
1143,14,8
1143,15,8
1143,16,8
1143,17,8
1143,18,9
1143,19,10
1143,20,9
1143,21,12
1143,22,11
1143,23,16
1143,24,16
1143,25,15
1143,26,21
1143,27,23
1143,28,25
1143,29,34
1143,30,42
1143,31,61
1143,32,27243
1144,1,0
1144,2,0
1144,3,0
1144,4,0
1144,5,0
1144,6,0
1144,7,0
1144,8,0
1144,9,52
1144,10,3
1144,11,4
1144,12,5
1144,13,5
1144,14,7
1144,15,5
1144,16,4
1144,17,4
1144,18,6
1144,19,6
1144,20,5
1144,21,6
1144,22,6
1144,23,7
1144,24,10
1144,25,11
1144,26,14
1144,27,19
1144,28,19
1144,29,29
1144,30,42
1144,31,63
1144,32,20282
1145,1,0
1145,2,0
1145,3,0
1145,4,0
1145,5,0
1145,6,0
1145,7,0
1145,8,0
1145,9,1
1145,10,3
1145,11,2
1145,12,2
1145,13,2
1145,14,4
1145,15,4
1145,16,6
1145,17,5
1145,18,3
1145,19,3
1145,20,2
1145,21,2
1145,22,2
1145,23,2
1145,24,2
1145,25,6
1145,26,8
1145,27,9
1145,28,13
1145,29,26
1145,30,37
1145,31,43
1145,32,15006
1146,1,0
1146,2,0
1146,3,0
1146,4,0
1146,5,0
1146,6,0
1146,7,0
1146,8,0
1146,9,15
1146,10,2
1146,11,2
1146,12,2
1146,13,2
1146,14,2
1146,15,2
1146,16,3
1146,17,3
1146,18,2
1146,19,4
1146,20,6
1146,21,5
1146,22,5
1146,23,5
1146,24,8
1146,25,8
1146,26,9
1146,27,12
1146,28,17
1146,29,24
1146,30,47
1146,31,59
1146,32,15052
1147,1,0
1147,2,0
1147,3,0
1147,4,0
1147,5,0
1147,6,0
1147,7,0
1147,8,0
1147,9,0
1147,10,2
1147,11,2
1147,12,2
1147,13,2
1147,14,2
1147,15,2
1147,16,2
1147,17,2
1147,18,2
1147,19,2
1147,20,2
1147,21,2
1147,22,2
1147,23,3
1147,24,6
1147,25,7
1147,26,7
1147,27,9
1147,28,10
1147,29,19
1147,30,26
1147,31,37
1147,32,13565
1148,1,0
1148,2,0
1148,3,0
1148,4,0
1148,5,0
1148,6,0
1148,7,0
1148,8,0
1148,9,3
1148,10,4
1148,11,5
1148,12,5
1148,13,4
1148,14,4
1148,15,4
1148,16,6
1148,17,5
1148,18,5
1148,19,5
1148,20,7
1148,21,8
1148,22,8
1148,23,11
1148,24,10
1148,25,15
1148,26,15
1148,27,15
1148,28,24
1148,29,36
1148,30,47
1148,31,67
1148,32,23243
1149,1,0
1149,2,0
1149,3,0
1149,4,0
1149,5,0
1149,6,0
1149,7,0
1149,8,0
1149,9,0
1149,10,0
1149,11,0
1149,12,0
1149,13,1
1149,14,1
1149,15,2
1149,16,7
1149,17,9
1149,18,10
1149,19,11
1149,20,12
1149,21,11
1149,22,14
1149,23,17
1149,24,26
1149,25,35
1149,26,46
1149,27,54
1149,28,79
1149,29,104
1149,30,121
1149,31,138
1149,32,28259
1150,1,0
1150,2,0
1150,3,0
1150,4,0
1150,5,0
1150,6,0
1150,7,0
1150,8,0
1150,9,0
1150,10,0
1150,11,1
1150,12,1
1150,13,3
1150,14,5
1150,15,7
1150,16,8
1150,17,10
1150,18,8
1150,19,10
1150,20,13
1150,21,20
1150,22,26
1150,23,31
1150,24,37
1150,25,45
1150,26,55
1150,27,67
1150,28,71
1150,29,81
1150,30,110
1150,31,127
1150,32,28751
1151,1,0
1151,2,0
1151,3,0
1151,4,0
1151,5,0
1151,6,0
1151,7,0
1151,8,0
1151,9,0
1151,10,0
1151,11,1
1151,12,1
1151,13,1
1151,14,3
1151,15,2
1151,16,3
1151,17,3
1151,18,4
1151,19,6
1151,20,11
1151,21,13
1151,22,14
1151,23,18
1151,24,22
1151,25,25
1151,26,29
1151,27,29
1151,28,47
1151,29,62
1151,30,74
1151,31,109
1151,32,29363
1152,1,0
1152,2,0
1152,3,0
1152,4,0
1152,5,0
1152,6,0
1152,7,0
1152,8,0
1152,9,0
1152,10,0
1152,11,0
1152,12,0
1152,13,0
1152,14,0
1152,15,0
1152,16,0
1152,17,0
1152,18,0
1152,19,0
1152,20,0
1152,21,0
1152,22,0
1152,23,0
1152,24,0
1152,25,0
1152,26,0
1152,27,1
1152,28,3
1152,29,6
1152,30,11
1152,31,17
1152,32,30753
1153,1,0
1153,2,0
1153,3,0
1153,4,0
1153,5,0
1153,6,0
1153,7,0
1153,8,0
1153,9,0
1153,10,0
1153,11,0
1153,12,0
1153,13,0
1153,14,0
1153,15,0
1153,16,0
1153,17,0
1153,18,0
1153,19,0
1153,20,0
1153,21,0
1153,22,0
1153,23,0
1153,24,0
1153,25,0
1153,26,0
1153,27,0
1153,28,4
1153,29,7
1153,30,13
1153,31,25
1153,32,30173
1154,1,0
1154,2,0
1154,3,0
1154,4,0
1154,5,0
1154,6,0
1154,7,0
1154,8,0
1154,9,0
1154,10,0
1154,11,0
1154,12,0
1154,13,0
1154,14,0
1154,15,0
1154,16,0
1154,17,0
1154,18,0
1154,19,0
1154,20,0
1154,21,0
1154,22,0
1154,23,0
1154,24,0
1154,25,0
1154,26,0
1154,27,1
1154,28,1
1154,29,2
1154,30,4
1154,31,11
1154,32,22984
1155,1,0
1155,2,0
1155,3,0
1155,4,0
1155,5,0
1155,6,0
1155,7,0
1155,8,0
1155,9,0
1155,10,0
1155,11,0
1155,12,0
1155,13,0
1155,14,0
1155,15,0
1155,16,0
1155,17,0
1155,18,0
1155,19,0
1155,20,0
1155,21,0
1155,22,0
1155,23,0
1155,24,0
1155,25,0
1155,26,0
1155,27,1
1155,28,1
1155,29,3
1155,30,15
1155,31,28
1155,32,23755
1156,1,0
1156,2,0
1156,3,0
1156,4,0
1156,5,0
1156,6,0
1156,7,0
1156,8,0
1156,9,0
1156,10,0
1156,11,0
1156,12,0
1156,13,0
1156,14,0
1156,15,0
1156,16,0
1156,17,0
1156,18,0
1156,19,0
1156,20,0
1156,21,0
1156,22,0
1156,23,0
1156,24,0
1156,25,0
1156,26,0
1156,27,0
1156,28,2
1156,29,4
1156,30,5
1156,31,17
1156,32,22121
1157,1,0
1157,2,0
1157,3,0
1157,4,0
1157,5,0
1157,6,0
1157,7,0
1157,8,0
1157,9,1
1157,10,1
1157,11,1
1157,12,1
1157,13,1
1157,14,1
1157,15,2
1157,16,4
1157,17,8
1157,18,7
1157,19,7
1157,20,7
1157,21,6
1157,22,8
1157,23,14
1157,24,12
1157,25,11
1157,26,14
1157,27,12
1157,28,14
1157,29,27
1157,30,25
1157,31,37
1157,32,18478
1158,1,0
1158,2,0
1158,3,0
1158,4,0
1158,5,0
1158,6,0
1158,7,0
1158,8,0
1158,9,1
1158,10,2
1158,11,3
1158,12,6
1158,13,7
1158,14,9
1158,15,9
1158,16,12
1158,17,13
1158,18,18
1158,19,21
1158,20,18
1158,21,23
1158,22,27
1158,23,28
1158,24,40
1158,25,45
1158,26,57
1158,27,71
1158,28,73
1158,29,76
1158,30,100
1158,31,117
1158,32,13769
1159,1,0
1159,2,0
1159,3,0
1159,4,0
1159,5,0
1159,6,0
1159,7,0
1159,8,0
1159,9,0
1159,10,1
1159,11,6
1159,12,5
1159,13,5
1159,14,11
1159,15,12
1159,16,13
1159,17,13
1159,18,14
1159,19,20
1159,20,23
1159,21,20
1159,22,24
1159,23,32
1159,24,41
1159,25,56
1159,26,65
1159,27,73
1159,28,74
1159,29,85
1159,30,101
1159,31,130
1159,32,13493
1160,1,0
1160,2,0
1160,3,0
1160,4,0
1160,5,0
1160,6,0
1160,7,0
1160,8,0
1160,9,32
1160,10,1
1160,11,1
1160,12,1
1160,13,1
1160,14,4
1160,15,3
1160,16,4
1160,17,6
1160,18,7
1160,19,12
1160,20,16
1160,21,19
1160,22,19
1160,23,22
1160,24,27
1160,25,30
1160,26,44
1160,27,53
1160,28,52
1160,29,63
1160,30,83
1160,31,88
1160,32,16194
1161,1,0
1161,2,0
1161,3,0
1161,4,0
1161,5,0
1161,6,0
1161,7,0
1161,8,0
1161,9,581
1161,10,81
1161,11,85
1161,12,82
1161,13,83
1161,14,87
1161,15,91
1161,16,88
1161,17,89
1161,18,96
1161,19,98
1161,20,98
1161,21,105
1161,22,105
1161,23,102
1161,24,107
1161,25,115
1161,26,113
1161,27,111
1161,28,123
1161,29,134
1161,30,134
1161,31,143
1161,32,24533
1162,1,0
1162,2,0
1162,3,0
1162,4,0
1162,5,0
1162,6,0
1162,7,0
1162,8,0
1162,9,3036
1162,10,67
1162,11,75
1162,12,71
1162,13,82
1162,14,85
1162,15,85
1162,16,86
1162,17,96
1162,18,93
1162,19,86
1162,20,92
1162,21,84
1162,22,91
1162,23,96
1162,24,100
1162,25,98
1162,26,108
1162,27,112
1162,28,116
1162,29,116
1162,30,117
1162,31,144
1162,32,18574
1163,1,0
1163,2,0
1163,3,0
1163,4,0
1163,5,0
1163,6,0
1163,7,0
1163,8,0
1163,9,10388
1163,10,0
1163,11,0
1163,12,0
1163,13,0
1163,14,0
1163,15,0
1163,16,0
1163,17,0
1163,18,0
1163,19,0
1163,20,0
1163,21,0
1163,22,0
1163,23,0
1163,24,0
1163,25,0
1163,26,0
1163,27,0
1163,28,0
1163,29,0
1163,30,0
1163,31,0
1163,32,0
1164,1,0
1164,2,0
1164,3,0
1164,4,0
1164,5,0
1164,6,0
1164,7,0
1164,8,0
1164,9,10389
1164,10,0
1164,11,0
1164,12,0
1164,13,0
1164,14,0
1164,15,0
1164,16,0
1164,17,0
1164,18,0
1164,19,0
1164,20,0
1164,21,0
1164,22,0
1164,23,0
1164,24,0
1164,25,0
1164,26,0
1164,27,0
1164,28,0
1164,29,0
1164,30,0
1164,31,0
1164,32,0
1165,1,0
1165,2,0
1165,3,0
1165,4,0
1165,5,0
1165,6,0
1165,7,0
1165,8,0
1165,9,10460
1165,10,0
1165,11,0
1165,12,0
1165,13,0
1165,14,0
1165,15,0
1165,16,0
1165,17,0
1165,18,0
1165,19,0
1165,20,0
1165,21,0
1165,22,0
1165,23,0
1165,24,0
1165,25,0
1165,26,0
1165,27,0
1165,28,0
1165,29,0
1165,30,0
1165,31,0
1165,32,0
1166,1,0
1166,2,0
1166,3,0
1166,4,0
1166,5,0
1166,6,0
1166,7,0
1166,8,0
1166,9,10559
1166,10,0
1166,11,0
1166,12,0
1166,13,0
1166,14,0
1166,15,0
1166,16,0
1166,17,0
1166,18,0
1166,19,0
1166,20,0
1166,21,0
1166,22,0
1166,23,0
1166,24,0
1166,25,0
1166,26,0
1166,27,0
1166,28,0
1166,29,0
1166,30,0
1166,31,0
1166,32,0
1167,1,0
1167,2,0
1167,3,0
1167,4,0
1167,5,0
1167,6,0
1167,7,0
1167,8,0
1167,9,10199
1167,10,42
1167,11,1
1167,12,0
1167,13,0
1167,14,0
1167,15,0
1167,16,0
1167,17,0
1167,18,0
1167,19,0
1167,20,0
1167,21,0
1167,22,0
1167,23,0
1167,24,0
1167,25,0
1167,26,0
1167,27,0
1167,28,0
1167,29,0
1167,30,0
1167,31,0
1167,32,0
1168,1,0
1168,2,0
1168,3,0
1168,4,0
1168,5,0
1168,6,0
1168,7,0
1168,8,0
1168,9,10358
1168,10,0
1168,11,0
1168,12,0
1168,13,0
1168,14,0
1168,15,0
1168,16,0
1168,17,0
1168,18,0
1168,19,0
1168,20,0
1168,21,0
1168,22,0
1168,23,0
1168,24,0
1168,25,0
1168,26,0
1168,27,0
1168,28,0
1168,29,0
1168,30,0
1168,31,0
1168,32,0
1169,1,0
1169,2,0
1169,3,0
1169,4,0
1169,5,0
1169,6,0
1169,7,0
1169,8,0
1169,9,11146
1169,10,0
1169,11,0
1169,12,0
1169,13,0
1169,14,0
1169,15,0
1169,16,0
1169,17,0
1169,18,0
1169,19,0
1169,20,0
1169,21,0
1169,22,0
1169,23,0
1169,24,0
1169,25,0
1169,26,0
1169,27,0
1169,28,0
1169,29,0
1169,30,0
1169,31,0
1169,32,0
1170,1,0
1170,2,0
1170,3,0
1170,4,0
1170,5,0
1170,6,0
1170,7,0
1170,8,0
1170,9,17933
1170,10,0
1170,11,0
1170,12,0
1170,13,0
1170,14,0
1170,15,0
1170,16,0
1170,17,0
1170,18,0
1170,19,0
1170,20,0
1170,21,0
1170,22,0
1170,23,0
1170,24,0
1170,25,0
1170,26,0
1170,27,0
1170,28,0
1170,29,0
1170,30,0
1170,31,0
1170,32,0
1171,1,0
1171,2,0
1171,3,0
1171,4,0
1171,5,0
1171,6,0
1171,7,0
1171,8,0
1171,9,17809
1171,10,0
1171,11,0
1171,12,0
1171,13,0
1171,14,0
1171,15,0
1171,16,0
1171,17,0
1171,18,0
1171,19,0
1171,20,0
1171,21,0
1171,22,0
1171,23,0
1171,24,0
1171,25,0
1171,26,0
1171,27,0
1171,28,0
1171,29,0
1171,30,0
1171,31,0
1171,32,0
1172,1,0
1172,2,0
1172,3,0
1172,4,0
1172,5,0
1172,6,0
1172,7,0
1172,8,0
1172,9,16912
1172,10,0
1172,11,0
1172,12,0
1172,13,0
1172,14,0
1172,15,0
1172,16,0
1172,17,0
1172,18,0
1172,19,0
1172,20,0
1172,21,0
1172,22,0
1172,23,0
1172,24,0
1172,25,0
1172,26,0
1172,27,0
1172,28,0
1172,29,0
1172,30,0
1172,31,0
1172,32,0
1173,1,0
1173,2,0
1173,3,0
1173,4,0
1173,5,0
1173,6,0
1173,7,0
1173,8,0
1173,9,10971
1173,10,0
1173,11,0
1173,12,0
1173,13,0
1173,14,0
1173,15,0
1173,16,0
1173,17,0
1173,18,0
1173,19,0
1173,20,0
1173,21,0
1173,22,0
1173,23,0
1173,24,0
1173,25,0
1173,26,0
1173,27,0
1173,28,0
1173,29,0
1173,30,0
1173,31,0
1173,32,0
1174,1,0
1174,2,0
1174,3,0
1174,4,0
1174,5,0
1174,6,0
1174,7,0
1174,8,0
1174,9,17874
1174,10,0
1174,11,0
1174,12,0
1174,13,0
1174,14,0
1174,15,0
1174,16,0
1174,17,0
1174,18,0
1174,19,0
1174,20,0
1174,21,0
1174,22,0
1174,23,0
1174,24,0
1174,25,0
1174,26,0
1174,27,0
1174,28,0
1174,29,0
1174,30,0
1174,31,0
1174,32,0
1175,1,0
1175,2,0
1175,3,0
1175,4,0
1175,5,0
1175,6,0
1175,7,0
1175,8,0
1175,9,17864
1175,10,0
1175,11,0
1175,12,0
1175,13,0
1175,14,0
1175,15,0
1175,16,0
1175,17,0
1175,18,0
1175,19,0
1175,20,0
1175,21,0
1175,22,0
1175,23,0
1175,24,0
1175,25,0
1175,26,0
1175,27,0
1175,28,0
1175,29,0
1175,30,0
1175,31,0
1175,32,0
1176,1,0
1176,2,0
1176,3,0
1176,4,0
1176,5,0
1176,6,0
1176,7,0
1176,8,0
1176,9,17840
1176,10,0
1176,11,0
1176,12,0
1176,13,0
1176,14,0
1176,15,0
1176,16,0
1176,17,0
1176,18,0
1176,19,0
1176,20,0
1176,21,0
1176,22,0
1176,23,0
1176,24,0
1176,25,0
1176,26,0
1176,27,0
1176,28,0
1176,29,0
1176,30,0
1176,31,0
1176,32,0
1177,1,0
1177,2,0
1177,3,0
1177,4,0
1177,5,0
1177,6,0
1177,7,0
1177,8,0
1177,9,10663
1177,10,0
1177,11,0
1177,12,0
1177,13,0
1177,14,0
1177,15,0
1177,16,0
1177,17,0
1177,18,0
1177,19,0
1177,20,0
1177,21,0
1177,22,0
1177,23,0
1177,24,0
1177,25,0
1177,26,0
1177,27,0
1177,28,0
1177,29,0
1177,30,0
1177,31,0
1177,32,0
1178,1,0
1178,2,0
1178,3,0
1178,4,0
1178,5,0
1178,6,0
1178,7,0
1178,8,0
1178,9,10467
1178,10,0
1178,11,0
1178,12,0
1178,13,0
1178,14,0
1178,15,0
1178,16,0
1178,17,0
1178,18,0
1178,19,0
1178,20,0
1178,21,0
1178,22,0
1178,23,0
1178,24,0
1178,25,0
1178,26,0
1178,27,0
1178,28,0
1178,29,0
1178,30,0
1178,31,0
1178,32,0
1179,1,0
1179,2,0
1179,3,0
1179,4,0
1179,5,0
1179,6,0
1179,7,0
1179,8,0
1179,9,10513
1179,10,0
1179,11,0
1179,12,0
1179,13,0
1179,14,0
1179,15,0
1179,16,0
1179,17,0
1179,18,0
1179,19,0
1179,20,0
1179,21,0
1179,22,0
1179,23,0
1179,24,0
1179,25,0
1179,26,0
1179,27,0
1179,28,0
1179,29,0
1179,30,0
1179,31,0
1179,32,0
1180,1,0
1180,2,0
1180,3,0
1180,4,0
1180,5,0
1180,6,0
1180,7,0
1180,8,0
1180,9,10284
1180,10,0
1180,11,0
1180,12,0
1180,13,0
1180,14,0
1180,15,0
1180,16,0
1180,17,0
1180,18,0
1180,19,0
1180,20,0
1180,21,0
1180,22,0
1180,23,0
1180,24,0
1180,25,0
1180,26,0
1180,27,0
1180,28,0
1180,29,0
1180,30,0
1180,31,0
1180,32,0
1181,1,0
1181,2,0
1181,3,0
1181,4,0
1181,5,0
1181,6,0
1181,7,0
1181,8,0
1181,9,10317
1181,10,0
1181,11,0
1181,12,0
1181,13,0
1181,14,0
1181,15,0
1181,16,0
1181,17,0
1181,18,0
1181,19,0
1181,20,0
1181,21,0
1181,22,0
1181,23,0
1181,24,0
1181,25,0
1181,26,0
1181,27,0
1181,28,0
1181,29,0
1181,30,0
1181,31,0
1181,32,0
1182,1,0
1182,2,0
1182,3,0
1182,4,0
1182,5,0
1182,6,0
1182,7,0
1182,8,0
1182,9,11300
1182,10,0
1182,11,0
1182,12,0
1182,13,0
1182,14,0
1182,15,0
1182,16,0
1182,17,0
1182,18,0
1182,19,0
1182,20,0
1182,21,0
1182,22,0
1182,23,0
1182,24,0
1182,25,0
1182,26,0
1182,27,0
1182,28,0
1182,29,0
1182,30,0
1182,31,0
1182,32,0
1183,1,0
1183,2,0
1183,3,0
1183,4,0
1183,5,0
1183,6,0
1183,7,0
1183,8,0
1183,9,9003
1183,10,31
1183,11,27
1183,12,26
1183,13,30
1183,14,29
1183,15,65
1183,16,134
1183,17,132
1183,18,109
1183,19,85
1183,20,121
1183,21,127
1183,22,105
1183,23,91
1183,24,107
1183,25,105
1183,26,63
1183,27,105
1183,28,119
1183,29,126
1183,30,105
1183,31,64
1183,32,2728
1184,1,0
1184,2,0
1184,3,0
1184,4,0
1184,5,0
1184,6,0
1184,7,0
1184,8,0
1184,9,4
1184,10,11
1184,11,20
1184,12,69
1184,13,145
1184,14,68
1184,15,17
1184,16,19
1184,17,23
1184,18,26
1184,19,33
1184,20,37
1184,21,44
1184,22,52
1184,23,57
1184,24,91
1184,25,117
1184,26,134
1184,27,130
1184,28,167
1184,29,222
1184,30,270
1184,31,338
1184,32,81720
1185,1,0
1185,2,0
1185,3,0
1185,4,0
1185,5,0
1185,6,0
1185,7,0
1185,8,0
1185,9,9
1185,10,12
1185,11,15
1185,12,15
1185,13,17
1185,14,22
1185,15,25
1185,16,23
1185,17,29
1185,18,30
1185,19,36
1185,20,38
1185,21,49
1185,22,48
1185,23,60
1185,24,71
1185,25,99
1185,26,106
1185,27,122
1185,28,148
1185,29,199
1185,30,249
1185,31,332
1185,32,82050
1186,1,0
1186,2,0
1186,3,0
1186,4,0
1186,5,0
1186,6,0
1186,7,0
1186,8,0
1186,9,2
1186,10,4
1186,11,6
1186,12,7
1186,13,8
1186,14,10
1186,15,14
1186,16,17
1186,17,20
1186,18,30
1186,19,34
1186,20,38
1186,21,44
1186,22,48
1186,23,67
1186,24,72
1186,25,96
1186,26,128
1186,27,153
1186,28,159
1186,29,182
1186,30,249
1186,31,323
1186,32,81330
1187,1,0
1187,2,0
1187,3,0
1187,4,0
1187,5,0
1187,6,0
1187,7,0
1187,8,0
1187,9,1412
1187,10,414
1187,11,625
1187,12,678
1187,13,515
1187,14,619
1187,15,685
1187,16,787
1187,17,792
1187,18,796
1187,19,848
1187,20,797
1187,21,1013
1187,22,926
1187,23,874
1187,24,811
1187,25,766
1187,26,819
1187,27,881
1187,28,805
1187,29,808
1187,30,789
1187,31,910
1187,32,50833
1188,1,0
1188,2,0
1188,3,0
1188,4,0
1188,5,0
1188,6,0
1188,7,0
1188,8,0
1188,9,226
1188,10,58
1188,11,112
1188,12,119
1188,13,100
1188,14,97
1188,15,95
1188,16,119
1188,17,204
1188,18,119
1188,19,110
1188,20,135
1188,21,137
1188,22,145
1188,23,202
1188,24,223
1188,25,203
1188,26,194
1188,27,225
1188,28,239
1188,29,283
1188,30,294
1188,31,388
1188,32,75931
1189,1,0
1189,2,0
1189,3,0
1189,4,0
1189,5,0
1189,6,0
1189,7,0
1189,8,0
1189,9,8
1189,10,12
1189,11,13
1189,12,15
1189,13,17
1189,14,17
1189,15,19
1189,16,24
1189,17,27
1189,18,31
1189,19,34
1189,20,40
1189,21,45
1189,22,47
1189,23,47
1189,24,51
1189,25,50
1189,26,67
1189,27,99
1189,28,142
1189,29,213
1189,30,291
1189,31,396
1189,32,81371
1190,1,0
1190,2,0
1190,3,0
1190,4,0
1190,5,0
1190,6,0
1190,7,0
1190,8,0
1190,9,4
1190,10,9
1190,11,53
1190,12,49
1190,13,26
1190,14,28
1190,15,29
1190,16,30
1190,17,28
1190,18,29
1190,19,31
1190,20,34
1190,21,49
1190,22,50
1190,23,51
1190,24,57
1190,25,55
1190,26,58
1190,27,69
1190,28,77
1190,29,107
1190,30,165
1190,31,261
1190,32,82593
1191,1,0
1191,2,0
1191,3,0
1191,4,0
1191,5,0
1191,6,0
1191,7,0
1191,8,0
1191,9,1724
1191,10,448
1191,11,517
1191,12,699
1191,13,549
1191,14,584
1191,15,695
1191,16,732
1191,17,676
1191,18,660
1191,19,741
1191,20,724
1191,21,674
1191,22,704
1191,23,651
1191,24,698
1191,25,731
1191,26,675
1191,27,708
1191,28,771
1191,29,704
1191,30,771
1191,31,747
1191,32,42296
1192,1,0
1192,2,0
1192,3,0
1192,4,0
1192,5,0
1192,6,0
1192,7,0
1192,8,0
1192,9,251
1192,10,314
1192,11,371
1192,12,516
1192,13,581
1192,14,651
1192,15,630
1192,16,755
1192,17,795
1192,18,926
1192,19,965
1192,20,913
1192,21,855
1192,22,865
1192,23,961
1192,24,757
1192,25,779
1192,26,779
1192,27,773
1192,28,782
1192,29,762
1192,30,780
1192,31,859
1192,32,37463
1193,1,0
1193,2,0
1193,3,0
1193,4,0
1193,5,0
1193,6,0
1193,7,0
1193,8,0
1193,9,175
1193,10,234
1193,11,276
1193,12,309
1193,13,409
1193,14,361
1193,15,425
1193,16,449
1193,17,368
1193,18,400
1193,19,500
1193,20,514
1193,21,516
1193,22,451
1193,23,510
1193,24,505
1193,25,568
1193,26,529
1193,27,540
1193,28,540
1193,29,602
1193,30,606
1193,31,709
1193,32,26339
1194,1,0
1194,2,0
1194,3,0
1194,4,0
1194,5,0
1194,6,0
1194,7,0
1194,8,0
1194,9,187
1194,10,212
1194,11,244
1194,12,272
1194,13,308
1194,14,353
1194,15,418
1194,16,367
1194,17,393
1194,18,419
1194,19,470
1194,20,463
1194,21,409
1194,22,397
1194,23,397
1194,24,423
1194,25,418
1194,26,413
1194,27,468
1194,28,538
1194,29,510
1194,30,542
1194,31,518
1194,32,24564
1195,1,0
1195,2,0
1195,3,0
1195,4,0
1195,5,0
1195,6,0
1195,7,0
1195,8,0
1195,9,204
1195,10,281
1195,11,339
1195,12,397
1195,13,555
1195,14,615
1195,15,628
1195,16,636
1195,17,784
1195,18,681
1195,19,656
1195,20,809
1195,21,813
1195,22,777
1195,23,723
1195,24,676
1195,25,704
1195,26,754
1195,27,845
1195,28,790
1195,29,812
1195,30,852
1195,31,914
1195,32,39404
1196,1,0
1196,2,0
1196,3,0
1196,4,0
1196,5,0
1196,6,0
1196,7,0
1196,8,47
1196,9,165
1196,10,229
1196,11,232
1196,12,397
1196,13,585
1196,14,517
1196,15,543
1196,16,604
1196,17,542
1196,18,562
1196,19,674
1196,20,596
1196,21,586
1196,22,567
1196,23,589
1196,24,498
1196,25,495
1196,26,518
1196,27,509
1196,28,524
1196,29,553
1196,30,648
1196,31,592
1196,32,24511
1197,1,0
1197,2,0
1197,3,0
1197,4,0
1197,5,0
1197,6,0
1197,7,0
1197,8,104
1197,9,154
1197,10,179
1197,11,208
1197,12,264
1197,13,288
1197,14,317
1197,15,268
1197,16,309
1197,17,434
1197,18,407
1197,19,419
1197,20,369
1197,21,404
1197,22,419
1197,23,461
1197,24,457
1197,25,397
1197,26,389
1197,27,449
1197,28,432
1197,29,376
1197,30,490
1197,31,516
1197,32,19201
1198,1,0
1198,2,0
1198,3,0
1198,4,0
1198,5,0
1198,6,0
1198,7,0
1198,8,132
1198,9,193
1198,10,205
1198,11,225
1198,12,479
1198,13,482
1198,14,357
1198,15,328
1198,16,366
1198,17,359
1198,18,324
1198,19,357
1198,20,347
1198,21,325
1198,22,328
1198,23,299
1198,24,330
1198,25,322
1198,26,338
1198,27,344
1198,28,358
1198,29,357
1198,30,418
1198,31,403
1198,32,18505
1199,1,0
1199,2,0
1199,3,0
1199,4,0
1199,5,0
1199,6,0
1199,7,0
1199,8,36
1199,9,42
1199,10,72
1199,11,102
1199,12,77
1199,13,83
1199,14,86
1199,15,79
1199,16,109
1199,17,95
1199,18,139
1199,19,166
1199,20,129
1199,21,152
1199,22,194
1199,23,184
1199,24,178
1199,25,214
1199,26,273
1199,27,393
1199,28,251
1199,29,226
1199,30,312
1199,31,331
1199,32,29959
1200,1,0
1200,2,0
1200,3,0
1200,4,0
1200,5,0
1200,6,0
1200,7,0
1200,8,1
1200,9,5
1200,10,6
1200,11,10
1200,12,9
1200,13,13
1200,14,12
1200,15,17
1200,16,157
1200,17,131
1200,18,73
1200,19,56
1200,20,30
1200,21,40
1200,22,32
1200,23,42
1200,24,40
1200,25,45
1200,26,62
1200,27,87
1200,28,88
1200,29,111
1200,30,130
1200,31,180
1200,32,28839
1201,1,0
1201,2,0
1201,3,0
1201,4,0
1201,5,0
1201,6,0
1201,7,0
1201,8,7
1201,9,5
1201,10,12
1201,11,14
1201,12,9
1201,13,20
1201,14,18
1201,15,16
1201,16,16
1201,17,21
1201,18,18
1201,19,41
1201,20,59
1201,21,66
1201,22,91
1201,23,129
1201,24,193
1201,25,127
1201,26,96
1201,27,119
1201,28,255
1201,29,196
1201,30,204
1201,31,290
1201,32,31381
1202,1,0
1202,2,0
1202,3,0
1202,4,0
1202,5,0
1202,6,0
1202,7,0
1202,8,5
1202,9,11
1202,10,9
1202,11,8
1202,12,11
1202,13,23
1202,14,22
1202,15,24
1202,16,18
1202,17,22
1202,18,25
1202,19,32
1202,20,36
1202,21,62
1202,22,53
1202,23,63
1202,24,68
1202,25,72
1202,26,79
1202,27,88
1202,28,93
1202,29,127
1202,30,180
1202,31,216
1202,32,34058
1203,1,0
1203,2,0
1203,3,0
1203,4,0
1203,5,0
1203,6,0
1203,7,0
1203,8,13
1203,9,15
1203,10,74
1203,11,301
1203,12,194
1203,13,51
1203,14,70
1203,15,89
1203,16,156
1203,17,98
1203,18,59
1203,19,82
1203,20,68
1203,21,83
1203,22,90
1203,23,123
1203,24,107
1203,25,112
1203,26,97
1203,27,174
1203,28,257
1203,29,329
1203,30,204
1203,31,287
1203,32,24313
1204,1,0
1204,2,0
1204,3,0
1204,4,0
1204,5,0
1204,6,0
1204,7,0
1204,8,77
1204,9,112
1204,10,261
1204,11,281
1204,12,668
1204,13,339
1204,14,156
1204,15,212
1204,16,115
1204,17,67
1204,18,86
1204,19,47
1204,20,38
1204,21,96
1204,22,97
1204,23,106
1204,24,142
1204,25,67
1204,26,41
1204,27,59
1204,28,77
1204,29,59
1204,30,52
1204,31,63
1204,32,84
1205,1,0
1205,2,0
1205,3,0
1205,4,0
1205,5,0
1205,6,0
1205,7,0
1205,8,35
1205,9,35
1205,10,36
1205,11,34
1205,12,28
1205,13,25
1205,14,0
1205,15,0
1205,16,0
1205,17,0
1205,18,0
1205,19,0
1205,20,0
1205,21,0
1205,22,0
1205,23,0
1205,24,0
1205,25,0
1205,26,0
1205,27,0
1205,28,0
1205,29,0
1205,30,0
1205,31,0
1205,32,0
1206,1,0
1206,2,0
1206,3,0
1206,4,0
1206,5,0
1206,6,0
1206,7,0
1206,8,25
1206,9,25
1206,10,24
1206,11,24
1206,12,24
1206,13,24
1206,14,1
1206,15,0
1206,16,0
1206,17,0
1206,18,0
1206,19,0
1206,20,0
1206,21,0
1206,22,0
1206,23,0
1206,24,0
1206,25,0
1206,26,0
1206,27,0
1206,28,0
1206,29,0
1206,30,0
1206,31,0
1206,32,0
1207,1,0
1207,2,0
1207,3,0
1207,4,0
1207,5,0
1207,6,0
1207,7,0
1207,8,31
1207,9,31
1207,10,30
1207,11,30
1207,12,29
1207,13,28
1207,14,0
1207,15,0
1207,16,0
1207,17,0
1207,18,0
1207,19,0
1207,20,0
1207,21,0
1207,22,0
1207,23,0
1207,24,0
1207,25,0
1207,26,0
1207,27,0
1207,28,0
1207,29,0
1207,30,0
1207,31,0
1207,32,0
1208,1,0
1208,2,0
1208,3,0
1208,4,0
1208,5,0
1208,6,0
1208,7,0
1208,8,30
1208,9,28
1208,10,27
1208,11,27
1208,12,27
1208,13,26
1208,14,0
1208,15,0
1208,16,0
1208,17,0
1208,18,0
1208,19,0
1208,20,0
1208,21,0
1208,22,0
1208,23,0
1208,24,0
1208,25,0
1208,26,0
1208,27,0
1208,28,0
1208,29,0
1208,30,0
1208,31,0
1208,32,0
1209,1,0
1209,2,0
1209,3,0
1209,4,0
1209,5,0
1209,6,0
1209,7,0
1209,8,25
1209,9,25
1209,10,26
1209,11,25
1209,12,24
1209,13,23
1209,14,1
1209,15,0
1209,16,0
1209,17,0
1209,18,0
1209,19,0
1209,20,0
1209,21,0
1209,22,0
1209,23,0
1209,24,0
1209,25,0
1209,26,0
1209,27,0
1209,28,0
1209,29,0
1209,30,0
1209,31,0
1209,32,0
1210,1,0
1210,2,0
1210,3,0
1210,4,0
1210,5,0
1210,6,0
1210,7,0
1210,8,31
1210,9,31
1210,10,31
1210,11,31
1210,12,31
1210,13,29
1210,14,0
1210,15,0
1210,16,0
1210,17,0
1210,18,0
1210,19,0
1210,20,0
1210,21,0
1210,22,0
1210,23,0
1210,24,0
1210,25,0
1210,26,0
1210,27,0
1210,28,0
1210,29,0
1210,30,0
1210,31,0
1210,32,0
1211,1,0
1211,2,0
1211,3,0
1211,4,0
1211,5,0
1211,6,0
1211,7,0
1211,8,30
1211,9,30
1211,10,28
1211,11,28
1211,12,28
1211,13,28
1211,14,0
1211,15,0
1211,16,0
1211,17,0
1211,18,0
1211,19,0
1211,20,0
1211,21,0
1211,22,0
1211,23,0
1211,24,0
1211,25,0
1211,26,0
1211,27,0
1211,28,0
1211,29,0
1211,30,0
1211,31,0
1211,32,0
1212,1,0
1212,2,0
1212,3,0
1212,4,0
1212,5,0
1212,6,0
1212,7,0
1212,8,27
1212,9,27
1212,10,24
1212,11,24
1212,12,24
1212,13,24
1212,14,0
1212,15,0
1212,16,0
1212,17,0
1212,18,0
1212,19,0
1212,20,0
1212,21,0
1212,22,0
1212,23,0
1212,24,0
1212,25,0
1212,26,0
1212,27,0
1212,28,0
1212,29,0
1212,30,0
1212,31,0
1212,32,0
1213,1,0
1213,2,0
1213,3,0
1213,4,0
1213,5,0
1213,6,473
1213,7,69
1213,8,41
1213,9,33
1213,10,27
1213,11,21
1213,12,20
1213,13,19
1213,14,2
1213,15,2
1213,16,1
1213,17,1
1213,18,1
1213,19,1
1213,20,3
1213,21,1
1213,22,1
1213,23,1
1213,24,1
1213,25,2
1213,26,1
1213,27,1
1213,28,1
1213,29,1
1213,30,0
1213,31,0
1213,32,0
1214,1,0
1214,2,0
1214,3,0
1214,4,0
1214,5,0
1214,6,4922
1214,7,116
1214,8,49
1214,9,29
1214,10,18
1214,11,11
1214,12,0
1214,13,0
1214,14,0
1214,15,0
1214,16,0
1214,17,0
1214,18,0
1214,19,0
1214,20,0
1214,21,0
1214,22,0
1214,23,0
1214,24,0
1214,25,0
1214,26,0
1214,27,0
1214,28,0
1214,29,0
1214,30,0
1214,31,0
1214,32,0
1215,1,0
1215,2,0
1215,3,0
1215,4,0
1215,5,0
1215,6,5591
1215,7,132
1215,8,47
1215,9,25
1215,10,12
1215,11,6
1215,12,0
1215,13,0
1215,14,0
1215,15,0
1215,16,0
1215,17,0
1215,18,0
1215,19,0
1215,20,0
1215,21,0
1215,22,0
1215,23,0
1215,24,0
1215,25,0
1215,26,0
1215,27,0
1215,28,0
1215,29,0
1215,30,0
1215,31,0
1215,32,0
1216,1,0
1216,2,0
1216,3,0
1216,4,0
1216,5,0
1216,6,4155
1216,7,134
1216,8,63
1216,9,44
1216,10,22
1216,11,11
1216,12,0
1216,13,0
1216,14,0
1216,15,0
1216,16,0
1216,17,0
1216,18,0
1216,19,0
1216,20,0
1216,21,0
1216,22,0
1216,23,0
1216,24,0
1216,25,0
1216,26,0
1216,27,0
1216,28,0
1216,29,0
1216,30,0
1216,31,0
1216,32,0
1217,1,0
1217,2,0
1217,3,0
1217,4,0
1217,5,0
1217,6,4552
1217,7,145
1217,8,60
1217,9,37
1217,10,25
1217,11,12
1217,12,1
1217,13,0
1217,14,0
1217,15,0
1217,16,0
1217,17,0
1217,18,0
1217,19,0
1217,20,0
1217,21,0
1217,22,0
1217,23,0
1217,24,0
1217,25,0
1217,26,0
1217,27,0
1217,28,0
1217,29,0
1217,30,0
1217,31,0
1217,32,0
1218,1,0
1218,2,0
1218,3,0
1218,4,0
1218,5,0
1218,6,9205
1218,7,240
1218,8,39
1218,9,9
1218,10,5
1218,11,1
1218,12,0
1218,13,0
1218,14,0
1218,15,0
1218,16,0
1218,17,0
1218,18,0
1218,19,0
1218,20,0
1218,21,0
1218,22,0
1218,23,0
1218,24,0
1218,25,0
1218,26,0
1218,27,0
1218,28,0
1218,29,0
1218,30,0
1218,31,0
1218,32,0
1219,1,0
1219,2,0
1219,3,0
1219,4,0
1219,5,0
1219,6,7437
1219,7,228
1219,8,55
1219,9,20
1219,10,14
1219,11,6
1219,12,0
1219,13,0
1219,14,0
1219,15,0
1219,16,0
1219,17,0
1219,18,0
1219,19,0
1219,20,0
1219,21,0
1219,22,0
1219,23,0
1219,24,0
1219,25,0
1219,26,0
1219,27,0
1219,28,0
1219,29,0
1219,30,0
1219,31,0
1219,32,0
1220,1,0
1220,2,0
1220,3,0
1220,4,0
1220,5,0
1220,6,4091
1220,7,187
1220,8,75
1220,9,40
1220,10,24
1220,11,16
1220,12,1
1220,13,0
1220,14,0
1220,15,0
1220,16,0
1220,17,0
1220,18,0
1220,19,0
1220,20,0
1220,21,0
1220,22,0
1220,23,0
1220,24,0
1220,25,0
1220,26,0
1220,27,0
1220,28,0
1220,29,0
1220,30,0
1220,31,0
1220,32,0
1221,1,0
1221,2,0
1221,3,0
1221,4,0
1221,5,0
1221,6,5649
1221,7,142
1221,8,49
1221,9,30
1221,10,20
1221,11,11
1221,12,0
1221,13,0
1221,14,0
1221,15,0
1221,16,0
1221,17,0
1221,18,0
1221,19,0
1221,20,0
1221,21,0
1221,22,0
1221,23,0
1221,24,0
1221,25,0
1221,26,0
1221,27,0
1221,28,0
1221,29,0
1221,30,0
1221,31,0
1221,32,0
1222,1,0
1222,2,0
1222,3,0
1222,4,0
1222,5,0
1222,6,5806
1222,7,110
1222,8,34
1222,9,23
1222,10,15
1222,11,5
1222,12,0
1222,13,0
1222,14,0
1222,15,0
1222,16,0
1222,17,0
1222,18,0
1222,19,0
1222,20,0
1222,21,0
1222,22,0
1222,23,0
1222,24,0
1222,25,0
1222,26,0
1222,27,0
1222,28,0
1222,29,0
1222,30,0
1222,31,0
1222,32,0
1223,1,0
1223,2,0
1223,3,0
1223,4,0
1223,5,0
1223,6,6382
1223,7,141
1223,8,47
1223,9,16
1223,10,12
1223,11,6
1223,12,0
1223,13,0
1223,14,0
1223,15,0
1223,16,0
1223,17,0
1223,18,0
1223,19,0
1223,20,0
1223,21,0
1223,22,0
1223,23,0
1223,24,0
1223,25,0
1223,26,0
1223,27,0
1223,28,0
1223,29,0
1223,30,0
1223,31,0
1223,32,0
1224,1,0
1224,2,0
1224,3,0
1224,4,0
1224,5,0
1224,6,7054
1224,7,85
1224,8,26
1224,9,17
1224,10,13
1224,11,6
1224,12,0
1224,13,0
1224,14,0
1224,15,0
1224,16,0
1224,17,0
1224,18,0
1224,19,0
1224,20,0
1224,21,0
1224,22,0
1224,23,0
1224,24,0
1224,25,0
1224,26,0
1224,27,0
1224,28,0
1224,29,0
1224,30,0
1224,31,0
1224,32,0
1225,1,0
1225,2,0
1225,3,0
1225,4,0
1225,5,0
1225,6,7149
1225,7,100
1225,8,32
1225,9,18
1225,10,8
1225,11,4
1225,12,1
1225,13,0
1225,14,0
1225,15,0
1225,16,0
1225,17,0
1225,18,0
1225,19,0
1225,20,0
1225,21,0
1225,22,0
1225,23,0
1225,24,0
1225,25,0
1225,26,0
1225,27,0
1225,28,0
1225,29,0
1225,30,0
1225,31,0
1225,32,0
1226,1,0
1226,2,0
1226,3,0
1226,4,0
1226,5,0
1226,6,8139
1226,7,37
1226,8,9
1226,9,3
1226,10,3
1226,11,4
1226,12,1
1226,13,0
1226,14,0
1226,15,0
1226,16,0
1226,17,0
1226,18,0
1226,19,0
1226,20,0
1226,21,0
1226,22,0
1226,23,0
1226,24,0
1226,25,0
1226,26,0
1226,27,0
1226,28,0
1226,29,0
1226,30,0
1226,31,0
1226,32,0
1227,1,0
1227,2,0
1227,3,0
1227,4,0
1227,5,0
1227,6,5111
1227,7,163
1227,8,37
1227,9,23
1227,10,11
1227,11,8
1227,12,0
1227,13,0
1227,14,0
1227,15,0
1227,16,0
1227,17,0
1227,18,0
1227,19,0
1227,20,0
1227,21,0
1227,22,0
1227,23,0
1227,24,0
1227,25,0
1227,26,0
1227,27,0
1227,28,0
1227,29,0
1227,30,0
1227,31,0
1227,32,0
1228,1,0
1228,2,0
1228,3,0
1228,4,0
1228,5,0
1228,6,9842
1228,7,160
1228,8,32
1228,9,15
1228,10,10
1228,11,7
1228,12,1
1228,13,0
1228,14,0
1228,15,0
1228,16,0
1228,17,0
1228,18,0
1228,19,0
1228,20,0
1228,21,0
1228,22,0
1228,23,0
1228,24,0
1228,25,0
1228,26,0
1228,27,0
1228,28,0
1228,29,0
1228,30,0
1228,31,0
1228,32,0
1229,1,0
1229,2,0
1229,3,0
1229,4,0
1229,5,0
1229,6,10671
1229,7,151
1229,8,33
1229,9,16
1229,10,10
1229,11,8
1229,12,0
1229,13,0
1229,14,0
1229,15,0
1229,16,0
1229,17,0
1229,18,0
1229,19,0
1229,20,0
1229,21,0
1229,22,0
1229,23,0
1229,24,0
1229,25,0
1229,26,0
1229,27,0
1229,28,0
1229,29,0
1229,30,0
1229,31,0
1229,32,0
1230,1,0
1230,2,0
1230,3,0
1230,4,0
1230,5,0
1230,6,10710
1230,7,135
1230,8,44
1230,9,19
1230,10,12
1230,11,6
1230,12,0
1230,13,0
1230,14,0
1230,15,0
1230,16,0
1230,17,0
1230,18,0
1230,19,0
1230,20,0
1230,21,0
1230,22,0
1230,23,0
1230,24,0
1230,25,0
1230,26,0
1230,27,0
1230,28,0
1230,29,0
1230,30,0
1230,31,0
1230,32,0
1231,1,0
1231,2,0
1231,3,0
1231,4,0
1231,5,0
1231,6,12513
1231,7,190
1231,8,25
1231,9,11
1231,10,6
1231,11,3
1231,12,0
1231,13,0
1231,14,0
1231,15,0
1231,16,0
1231,17,0
1231,18,0
1231,19,0
1231,20,0
1231,21,0
1231,22,0
1231,23,0
1231,24,0
1231,25,0
1231,26,0
1231,27,0
1231,28,0
1231,29,0
1231,30,0
1231,31,0
1231,32,0
1232,1,0
1232,2,0
1232,3,0
1232,4,0
1232,5,0
1232,6,12048
1232,7,168
1232,8,29
1232,9,10
1232,10,5
1232,11,2
1232,12,0
1232,13,0
1232,14,0
1232,15,0
1232,16,0
1232,17,0
1232,18,0
1232,19,0
1232,20,0
1232,21,0
1232,22,0
1232,23,0
1232,24,0
1232,25,0
1232,26,0
1232,27,0
1232,28,0
1232,29,0
1232,30,0
1232,31,0
1232,32,0
1233,1,0
1233,2,0
1233,3,0
1233,4,0
1233,5,0
1233,6,8089
1233,7,250
1233,8,41
1233,9,22
1233,10,13
1233,11,6
1233,12,0
1233,13,0
1233,14,0
1233,15,0
1233,16,0
1233,17,0
1233,18,0
1233,19,0
1233,20,0
1233,21,0
1233,22,0
1233,23,0
1233,24,0
1233,25,0
1233,26,0
1233,27,0
1233,28,0
1233,29,0
1233,30,0
1233,31,0
1233,32,0
1234,1,0
1234,2,0
1234,3,0
1234,4,0
1234,5,0
1234,6,10114
1234,7,261
1234,8,37
1234,9,13
1234,10,6
1234,11,5
1234,12,0
1234,13,0
1234,14,0
1234,15,0
1234,16,0
1234,17,0
1234,18,0
1234,19,0
1234,20,0
1234,21,0
1234,22,0
1234,23,0
1234,24,0
1234,25,0
1234,26,0
1234,27,0
1234,28,0
1234,29,0
1234,30,0
1234,31,0
1234,32,0
1235,1,0
1235,2,0
1235,3,0
1235,4,0
1235,5,0
1235,6,14591
1235,7,16
1235,8,15
1235,9,9
1235,10,5
1235,11,3
1235,12,0
1235,13,0
1235,14,0
1235,15,0
1235,16,0
1235,17,0
1235,18,0
1235,19,0
1235,20,0
1235,21,0
1235,22,0
1235,23,0
1235,24,0
1235,25,0
1235,26,0
1235,27,0
1235,28,0
1235,29,0
1235,30,0
1235,31,0
1235,32,0
1236,1,0
1236,2,0
1236,3,0
1236,4,0
1236,5,0
1236,6,17757
1236,7,0
1236,8,0
1236,9,0
1236,10,0
1236,11,0
1236,12,0
1236,13,0
1236,14,0
1236,15,0
1236,16,0
1236,17,0
1236,18,0
1236,19,0
1236,20,0
1236,21,0
1236,22,0
1236,23,0
1236,24,0
1236,25,0
1236,26,0
1236,27,0
1236,28,0
1236,29,0
1236,30,0
1236,31,0
1236,32,0
1237,1,0
1237,2,0
1237,3,0
1237,4,0
1237,5,0
1237,6,17922
1237,7,0
1237,8,0
1237,9,0
1237,10,0
1237,11,0
1237,12,0
1237,13,0
1237,14,0
1237,15,0
1237,16,0
1237,17,0
1237,18,0
1237,19,0
1237,20,0
1237,21,0
1237,22,0
1237,23,0
1237,24,0
1237,25,0
1237,26,0
1237,27,0
1237,28,0
1237,29,0
1237,30,0
1237,31,0
1237,32,0
1238,1,0
1238,2,0
1238,3,0
1238,4,0
1238,5,0
1238,6,17885
1238,7,0
1238,8,0
1238,9,0
1238,10,0
1238,11,0
1238,12,0
1238,13,0
1238,14,0
1238,15,0
1238,16,0
1238,17,0
1238,18,0
1238,19,0
1238,20,0
1238,21,0
1238,22,0
1238,23,0
1238,24,0
1238,25,0
1238,26,0
1238,27,0
1238,28,0
1238,29,0
1238,30,0
1238,31,0
1238,32,0
1239,1,0
1239,2,0
1239,3,0
1239,4,0
1239,5,0
1239,6,17839
1239,7,0
1239,8,0
1239,9,0
1239,10,0
1239,11,0
1239,12,0
1239,13,0
1239,14,0
1239,15,0
1239,16,0
1239,17,0
1239,18,0
1239,19,0
1239,20,0
1239,21,0
1239,22,0
1239,23,0
1239,24,0
1239,25,0
1239,26,0
1239,27,0
1239,28,0
1239,29,0
1239,30,0
1239,31,0
1239,32,0
1240,1,0
1240,2,0
1240,3,0
1240,4,0
1240,5,0
1240,6,10598
1240,7,42
1240,8,20
1240,9,11
1240,10,9
1240,11,9
1240,12,0
1240,13,0
1240,14,0
1240,15,0
1240,16,0
1240,17,0
1240,18,0
1240,19,0
1240,20,0
1240,21,0
1240,22,0
1240,23,0
1240,24,0
1240,25,0
1240,26,0
1240,27,0
1240,28,0
1240,29,0
1240,30,0
1240,31,0
1240,32,0
1241,1,0
1241,2,0
1241,3,0
1241,4,0
1241,5,0
1241,6,7703
1241,7,95
1241,8,57
1241,9,29
1241,10,17
1241,11,13
1241,12,8
1241,13,8
1241,14,8
1241,15,8
1241,16,8
1241,17,8
1241,18,8
1241,19,7
1241,20,7
1241,21,7
1241,22,2
1241,23,0
1241,24,0
1241,25,0
1241,26,0
1241,27,0
1241,28,0
1241,29,0
1241,30,0
1241,31,0
1241,32,0
1242,1,0
1242,2,0
1242,3,0
1242,4,0
1242,5,0
1242,6,13195
1242,7,7
1242,8,7
1242,9,7
1242,10,7
1242,11,6
1242,12,0
1242,13,0
1242,14,0
1242,15,0
1242,16,0
1242,17,0
1242,18,0
1242,19,0
1242,20,0
1242,21,0
1242,22,0
1242,23,0
1242,24,0
1242,25,0
1242,26,0
1242,27,0
1242,28,0
1242,29,0
1242,30,0
1242,31,0
1242,32,0
1243,1,0
1243,2,0
1243,3,0
1243,4,0
1243,5,0
1243,6,17831
1243,7,0
1243,8,0
1243,9,0
1243,10,0
1243,11,0
1243,12,0
1243,13,0
1243,14,0
1243,15,0
1243,16,0
1243,17,0
1243,18,0
1243,19,0
1243,20,0
1243,21,0
1243,22,0
1243,23,0
1243,24,0
1243,25,0
1243,26,0
1243,27,0
1243,28,0
1243,29,0
1243,30,0
1243,31,0
1243,32,0
1244,1,0
1244,2,0
1244,3,0
1244,4,0
1244,5,0
1244,6,17845
1244,7,0
1244,8,0
1244,9,0
1244,10,0
1244,11,0
1244,12,0
1244,13,0
1244,14,0
1244,15,0
1244,16,0
1244,17,0
1244,18,0
1244,19,0
1244,20,0
1244,21,0
1244,22,0
1244,23,0
1244,24,0
1244,25,0
1244,26,0
1244,27,0
1244,28,0
1244,29,0
1244,30,0
1244,31,0
1244,32,0
1245,1,0
1245,2,0
1245,3,0
1245,4,0
1245,5,0
1245,6,17844
1245,7,0
1245,8,0
1245,9,0
1245,10,0
1245,11,0
1245,12,0
1245,13,0
1245,14,0
1245,15,0
1245,16,0
1245,17,0
1245,18,0
1245,19,0
1245,20,0
1245,21,0
1245,22,0
1245,23,0
1245,24,0
1245,25,0
1245,26,0
1245,27,0
1245,28,0
1245,29,0
1245,30,0
1245,31,0
1245,32,0
1246,1,0
1246,2,0
1246,3,0
1246,4,0
1246,5,0
1246,6,17950
1246,7,0
1246,8,0
1246,9,0
1246,10,0
1246,11,0
1246,12,0
1246,13,0
1246,14,0
1246,15,0
1246,16,0
1246,17,0
1246,18,0
1246,19,0
1246,20,0
1246,21,0
1246,22,0
1246,23,0
1246,24,0
1246,25,0
1246,26,0
1246,27,0
1246,28,0
1246,29,0
1246,30,0
1246,31,0
1246,32,0
1247,1,0
1247,2,0
1247,3,0
1247,4,0
1247,5,0
1247,6,17407
1247,7,23
1247,8,2
1247,9,0
1247,10,0
1247,11,0
1247,12,0
1247,13,0
1247,14,0
1247,15,0
1247,16,0
1247,17,0
1247,18,0
1247,19,0
1247,20,0
1247,21,0
1247,22,0
1247,23,0
1247,24,0
1247,25,0
1247,26,0
1247,27,0
1247,28,0
1247,29,0
1247,30,0
1247,31,0
1247,32,0
1248,1,0
1248,2,0
1248,3,0
1248,4,0
1248,5,0
1248,6,17805
1248,7,0
1248,8,0
1248,9,0
1248,10,0
1248,11,0
1248,12,0
1248,13,0
1248,14,0
1248,15,0
1248,16,0
1248,17,0
1248,18,0
1248,19,0
1248,20,0
1248,21,0
1248,22,0
1248,23,0
1248,24,0
1248,25,0
1248,26,0
1248,27,0
1248,28,0
1248,29,0
1248,30,0
1248,31,0
1248,32,0
1249,1,0
1249,2,0
1249,3,0
1249,4,0
1249,5,0
1249,6,17513
1249,7,0
1249,8,0
1249,9,0
1249,10,0
1249,11,0
1249,12,0
1249,13,0
1249,14,0
1249,15,0
1249,16,0
1249,17,0
1249,18,0
1249,19,0
1249,20,0
1249,21,0
1249,22,0
1249,23,0
1249,24,0
1249,25,0
1249,26,0
1249,27,0
1249,28,0
1249,29,0
1249,30,0
1249,31,0
1249,32,0
1250,1,0
1250,2,0
1250,3,0
1250,4,0
1250,5,0
1250,6,17274
1250,7,0
1250,8,0
1250,9,0
1250,10,0
1250,11,0
1250,12,0
1250,13,0
1250,14,0
1250,15,0
1250,16,0
1250,17,0
1250,18,0
1250,19,0
1250,20,0
1250,21,0
1250,22,0
1250,23,0
1250,24,0
1250,25,0
1250,26,0
1250,27,0
1250,28,0
1250,29,0
1250,30,0
1250,31,0
1250,32,0
1251,1,0
1251,2,0
1251,3,0
1251,4,0
1251,5,0
1251,6,17047
1251,7,0
1251,8,0
1251,9,0
1251,10,0
1251,11,0
1251,12,0
1251,13,0
1251,14,0
1251,15,0
1251,16,0
1251,17,0
1251,18,0
1251,19,0
1251,20,0
1251,21,0
1251,22,0
1251,23,0
1251,24,0
1251,25,0
1251,26,0
1251,27,0
1251,28,0
1251,29,0
1251,30,0
1251,31,0
1251,32,0
1252,1,0
1252,2,0
1252,3,0
1252,4,0
1252,5,0
1252,6,16570
1252,7,0
1252,8,0
1252,9,0
1252,10,0
1252,11,0
1252,12,0
1252,13,0
1252,14,0
1252,15,0
1252,16,0
1252,17,0
1252,18,0
1252,19,0
1252,20,0
1252,21,0
1252,22,0
1252,23,0
1252,24,0
1252,25,0
1252,26,0
1252,27,0
1252,28,0
1252,29,0
1252,30,0
1252,31,0
1252,32,0
1253,1,0
1253,2,0
1253,3,0
1253,4,0
1253,5,0
1253,6,17270
1253,7,0
1253,8,0
1253,9,0
1253,10,0
1253,11,0
1253,12,0
1253,13,0
1253,14,0
1253,15,0
1253,16,0
1253,17,0
1253,18,0
1253,19,0
1253,20,0
1253,21,0
1253,22,0
1253,23,0
1253,24,0
1253,25,0
1253,26,0
1253,27,0
1253,28,0
1253,29,0
1253,30,0
1253,31,0
1253,32,0
1254,1,0
1254,2,0
1254,3,0
1254,4,0
1254,5,0
1254,6,17049
1254,7,0
1254,8,0
1254,9,0
1254,10,0
1254,11,0
1254,12,0
1254,13,0
1254,14,0
1254,15,0
1254,16,0
1254,17,0
1254,18,0
1254,19,0
1254,20,0
1254,21,0
1254,22,0
1254,23,0
1254,24,0
1254,25,0
1254,26,0
1254,27,0
1254,28,0
1254,29,0
1254,30,0
1254,31,0
1254,32,0
1255,1,0
1255,2,0
1255,3,0
1255,4,0
1255,5,0
1255,6,17145
1255,7,0
1255,8,0
1255,9,0
1255,10,0
1255,11,0
1255,12,0
1255,13,0
1255,14,0
1255,15,0
1255,16,0
1255,17,0
1255,18,0
1255,19,0
1255,20,0
1255,21,0
1255,22,0
1255,23,0
1255,24,0
1255,25,0
1255,26,0
1255,27,0
1255,28,0
1255,29,0
1255,30,0
1255,31,0
1255,32,0
1256,1,0
1256,2,0
1256,3,0
1256,4,0
1256,5,0
1256,6,17438
1256,7,0
1256,8,0
1256,9,0
1256,10,0
1256,11,0
1256,12,0
1256,13,0
1256,14,0
1256,15,0
1256,16,0
1256,17,0
1256,18,0
1256,19,0
1256,20,0
1256,21,0
1256,22,0
1256,23,0
1256,24,0
1256,25,0
1256,26,0
1256,27,0
1256,28,0
1256,29,0
1256,30,0
1256,31,0
1256,32,0
1257,1,0
1257,2,0
1257,3,0
1257,4,0
1257,5,0
1257,6,15392
1257,7,0
1257,8,0
1257,9,0
1257,10,0
1257,11,0
1257,12,0
1257,13,0
1257,14,0
1257,15,0
1257,16,0
1257,17,0
1257,18,0
1257,19,0
1257,20,0
1257,21,0
1257,22,0
1257,23,0
1257,24,0
1257,25,0
1257,26,0
1257,27,0
1257,28,0
1257,29,0
1257,30,0
1257,31,0
1257,32,0
1258,1,0
1258,2,0
1258,3,0
1258,4,0
1258,5,0
1258,6,5
1258,7,4
1258,8,4
1258,9,4
1258,10,0
1258,11,0
1258,12,0
1258,13,0
1258,14,0
1258,15,0
1258,16,0
1258,17,0
1258,18,0
1258,19,0
1258,20,0
1258,21,0
1258,22,0
1258,23,0
1258,24,0
1258,25,0
1258,26,0
1258,27,0
1258,28,0
1258,29,0
1258,30,0
1258,31,0
1258,32,0
1259,1,0
1259,2,0
1259,3,0
1259,4,0
1259,5,0
1259,6,37
1259,7,36
1259,8,30
1259,9,29
1259,10,28
1259,11,26
1259,12,0
1259,13,0
1259,14,0
1259,15,0
1259,16,0
1259,17,0
1259,18,0
1259,19,0
1259,20,0
1259,21,0
1259,22,0
1259,23,0
1259,24,0
1259,25,0
1259,26,0
1259,27,0
1259,28,0
1259,29,0
1259,30,0
1259,31,0
1259,32,0
1260,1,0
1260,2,0
1260,3,0
1260,4,0
1260,5,0
1260,6,40
1260,7,38
1260,8,36
1260,9,36
1260,10,36
1260,11,33
1260,12,6
1260,13,6
1260,14,6
1260,15,6
1260,16,6
1260,17,6
1260,18,6
1260,19,5
1260,20,5
1260,21,5
1260,22,5
1260,23,7
1260,24,7
1260,25,5
1260,26,5
1260,27,5
1260,28,4
1260,29,2
1260,30,0
1260,31,0
1260,32,0
1261,1,0
1261,2,0
1261,3,0
1261,4,0
1261,5,0
1261,6,33
1261,7,33
1261,8,30
1261,9,30
1261,10,30
1261,11,26
1261,12,0
1261,13,0
1261,14,0
1261,15,0
1261,16,0
1261,17,0
1261,18,0
1261,19,0
1261,20,0
1261,21,0
1261,22,0
1261,23,0
1261,24,0
1261,25,0
1261,26,0
1261,27,0
1261,28,0
1261,29,0
1261,30,0
1261,31,0
1261,32,0
1262,1,0
1262,2,0
1262,3,0
1262,4,0
1262,5,0
1262,6,26
1262,7,25
1262,8,25
1262,9,24
1262,10,21
1262,11,21
1262,12,0
1262,13,0
1262,14,0
1262,15,0
1262,16,0
1262,17,0
1262,18,0
1262,19,0
1262,20,0
1262,21,0
1262,22,0
1262,23,0
1262,24,0
1262,25,0
1262,26,0
1262,27,0
1262,28,0
1262,29,0
1262,30,0
1262,31,0
1262,32,0
1263,1,0
1263,2,0
1263,3,0
1263,4,0
1263,5,0
1263,6,30
1263,7,30
1263,8,30
1263,9,28
1263,10,27
1263,11,27
1263,12,0
1263,13,0
1263,14,0
1263,15,0
1263,16,0
1263,17,0
1263,18,0
1263,19,0
1263,20,0
1263,21,0
1263,22,0
1263,23,0
1263,24,0
1263,25,0
1263,26,0
1263,27,0
1263,28,0
1263,29,0
1263,30,0
1263,31,0
1263,32,0
1264,1,0
1264,2,0
1264,3,0
1264,4,0
1264,5,0
1264,6,26
1264,7,25
1264,8,25
1264,9,25
1264,10,24
1264,11,24
1264,12,0
1264,13,0
1264,14,0
1264,15,0
1264,16,0
1264,17,0
1264,18,0
1264,19,0
1264,20,0
1264,21,0
1264,22,0
1264,23,0
1264,24,0
1264,25,0
1264,26,0
1264,27,0
1264,28,0
1264,29,0
1264,30,0
1264,31,0
1264,32,0
1265,1,0
1265,2,0
1265,3,0
1265,4,0
1265,5,0
1265,6,30
1265,7,29
1265,8,28
1265,9,28
1265,10,27
1265,11,27
1265,12,0
1265,13,0
1265,14,0
1265,15,0
1265,16,0
1265,17,0
1265,18,0
1265,19,0
1265,20,0
1265,21,0
1265,22,0
1265,23,0
1265,24,0
1265,25,0
1265,26,0
1265,27,0
1265,28,0
1265,29,0
1265,30,0
1265,31,0
1265,32,0
1266,1,0
1266,2,0
1266,3,0
1266,4,0
1266,5,0
1266,6,31
1266,7,29
1266,8,29
1266,9,29
1266,10,28
1266,11,27
1266,12,0
1266,13,0
1266,14,0
1266,15,0
1266,16,0
1266,17,0
1266,18,0
1266,19,0
1266,20,0
1266,21,0
1266,22,0
1266,23,0
1266,24,0
1266,25,0
1266,26,0
1266,27,0
1266,28,0
1266,29,0
1266,30,0
1266,31,0
1266,32,0
1267,1,0
1267,2,0
1267,3,0
1267,4,0
1267,5,0
1267,6,29
1267,7,28
1267,8,28
1267,9,28
1267,10,28
1267,11,27
1267,12,0
1267,13,0
1267,14,0
1267,15,0
1267,16,0
1267,17,0
1267,18,0
1267,19,0
1267,20,0
1267,21,0
1267,22,0
1267,23,0
1267,24,0
1267,25,0
1267,26,0
1267,27,0
1267,28,0
1267,29,0
1267,30,0
1267,31,0
1267,32,0
1268,1,0
1268,2,0
1268,3,0
1268,4,0
1268,5,0
1268,6,38
1268,7,35
1268,8,38
1268,9,36
1268,10,31
1268,11,30
1268,12,1
1268,13,0
1268,14,0
1268,15,0
1268,16,0
1268,17,0
1268,18,0
1268,19,0
1268,20,0
1268,21,0
1268,22,0
1268,23,0
1268,24,0
1268,25,0
1268,26,0
1268,27,0
1268,28,0
1268,29,0
1268,30,0
1268,31,0
1268,32,0
1269,1,0
1269,2,0
1269,3,0
1269,4,0
1269,5,0
1269,6,5422
1269,7,222
1269,8,86
1269,9,43
1269,10,25
1269,11,19
1269,12,7
1269,13,6
1269,14,6
1269,15,6
1269,16,6
1269,17,6
1269,18,6
1269,19,6
1269,20,6
1269,21,6
1269,22,6
1269,23,6
1269,24,6
1269,25,7
1269,26,8
1269,27,8
1269,28,5
1269,29,2
1269,30,0
1269,31,0
1269,32,0
1270,1,0
1270,2,0
1270,3,0
1270,4,0
1270,5,0
1270,6,7943
1270,7,243
1270,8,68
1270,9,23
1270,10,11
1270,11,4
1270,12,0
1270,13,0
1270,14,0
1270,15,0
1270,16,0
1270,17,0
1270,18,0
1270,19,0
1270,20,0
1270,21,0
1270,22,0
1270,23,0
1270,24,0
1270,25,0
1270,26,0
1270,27,0
1270,28,0
1270,29,0
1270,30,0
1270,31,0
1270,32,0
1271,1,0
1271,2,0
1271,3,0
1271,4,0
1271,5,0
1271,6,8029
1271,7,233
1271,8,56
1271,9,23
1271,10,16
1271,11,7
1271,12,0
1271,13,0
1271,14,0
1271,15,0
1271,16,0
1271,17,0
1271,18,0
1271,19,0
1271,20,0
1271,21,0
1271,22,0
1271,23,0
1271,24,0
1271,25,0
1271,26,0
1271,27,0
1271,28,0
1271,29,0
1271,30,0
1271,31,0
1271,32,0
1272,1,0
1272,2,0
1272,3,0
1272,4,0
1272,5,0
1272,6,8882
1272,7,225
1272,8,50
1272,9,15
1272,10,12
1272,11,6
1272,12,0
1272,13,0
1272,14,0
1272,15,0
1272,16,0
1272,17,0
1272,18,0
1272,19,0
1272,20,0
1272,21,0
1272,22,0
1272,23,0
1272,24,0
1272,25,0
1272,26,0
1272,27,0
1272,28,0
1272,29,0
1272,30,0
1272,31,0
1272,32,0
1273,1,0
1273,2,0
1273,3,0
1273,4,0
1273,5,0
1273,6,4412
1273,7,188
1273,8,57
1273,9,33
1273,10,25
1273,11,19
1273,12,3
1273,13,0
1273,14,0
1273,15,0
1273,16,0
1273,17,0
1273,18,0
1273,19,0
1273,20,0
1273,21,0
1273,22,0
1273,23,0
1273,24,0
1273,25,0
1273,26,0
1273,27,0
1273,28,0
1273,29,0
1273,30,0
1273,31,0
1273,32,0
1274,1,0
1274,2,0
1274,3,0
1274,4,0
1274,5,0
1274,6,3521
1274,7,98
1274,8,65
1274,9,48
1274,10,30
1274,11,25
1274,12,8
1274,13,8
1274,14,9
1274,15,8
1274,16,8
1274,17,9
1274,18,8
1274,19,8
1274,20,8
1274,21,7
1274,22,2
1274,23,0
1274,24,0
1274,25,0
1274,26,0
1274,27,0
1274,28,0
1274,29,0
1274,30,0
1274,31,0
1274,32,0
1275,1,0
1275,2,0
1275,3,0
1275,4,0
1275,5,0
1275,6,7220
1275,7,119
1275,8,42
1275,9,25
1275,10,17
1275,11,9
1275,12,2
1275,13,0
1275,14,0
1275,15,0
1275,16,0
1275,17,0
1275,18,0
1275,19,0
1275,20,0
1275,21,0
1275,22,0
1275,23,0
1275,24,0
1275,25,0
1275,26,0
1275,27,0
1275,28,0
1275,29,0
1275,30,0
1275,31,0
1275,32,0
1276,1,0
1276,2,0
1276,3,0
1276,4,0
1276,5,0
1276,6,9262
1276,7,191
1276,8,49
1276,9,28
1276,10,24
1276,11,21
1276,12,16
1276,13,16
1276,14,17
1276,15,16
1276,16,16
1276,17,16
1276,18,16
1276,19,16
1276,20,16
1276,21,16
1276,22,16
1276,23,17
1276,24,16
1276,25,16
1276,26,17
1276,27,17
1276,28,15
1276,29,14
1276,30,0
1276,31,0
1276,32,0
1277,1,0
1277,2,0
1277,3,0
1277,4,0
1277,5,0
1277,6,10242
1277,7,172
1277,8,36
1277,9,17
1277,10,10
1277,11,6
1277,12,1
1277,13,0
1277,14,0
1277,15,0
1277,16,0
1277,17,0
1277,18,0
1277,19,0
1277,20,0
1277,21,0
1277,22,0
1277,23,0
1277,24,0
1277,25,0
1277,26,0
1277,27,0
1277,28,0
1277,29,0
1277,30,0
1277,31,0
1277,32,0
1278,1,0
1278,2,0
1278,3,0
1278,4,0
1278,5,0
1278,6,8876
1278,7,138
1278,8,44
1278,9,21
1278,10,14
1278,11,11
1278,12,2
1278,13,0
1278,14,0
1278,15,0
1278,16,0
1278,17,0
1278,18,0
1278,19,0
1278,20,0
1278,21,0
1278,22,0
1278,23,0
1278,24,0
1278,25,0
1278,26,0
1278,27,0
1278,28,0
1278,29,0
1278,30,0
1278,31,0
1278,32,0
1279,1,0
1279,2,0
1279,3,0
1279,4,0
1279,5,0
1279,6,11298
1279,7,114
1279,8,22
1279,9,7
1279,10,4
1279,11,1
1279,12,0
1279,13,0
1279,14,0
1279,15,0
1279,16,0
1279,17,0
1279,18,0
1279,19,0
1279,20,0
1279,21,0
1279,22,0
1279,23,0
1279,24,0
1279,25,0
1279,26,0
1279,27,0
1279,28,0
1279,29,0
1279,30,0
1279,31,0
1279,32,0
1280,1,0
1280,2,0
1280,3,0
1280,4,0
1280,5,0
1280,6,8958
1280,7,112
1280,8,9
1280,9,3
1280,10,0
1280,11,0
1280,12,0
1280,13,0
1280,14,0
1280,15,0
1280,16,0
1280,17,0
1280,18,0
1280,19,0
1280,20,0
1280,21,0
1280,22,0
1280,23,0
1280,24,0
1280,25,0
1280,26,0
1280,27,0
1280,28,0
1280,29,0
1280,30,0
1280,31,0
1280,32,0
1281,1,0
1281,2,0
1281,3,0
1281,4,0
1281,5,0
1281,6,7136
1281,7,15
1281,8,15
1281,9,14
1281,10,9
1281,11,6
1281,12,0
1281,13,0
1281,14,0
1281,15,0
1281,16,0
1281,17,0
1281,18,0
1281,19,0
1281,20,0
1281,21,0
1281,22,0
1281,23,0
1281,24,0
1281,25,0
1281,26,0
1281,27,0
1281,28,0
1281,29,0
1281,30,0
1281,31,0
1281,32,0
1282,1,0
1282,2,0
1282,3,0
1282,4,0
1282,5,0
1282,6,6679
1282,7,86
1282,8,16
1282,9,9
1282,10,8
1282,11,8
1282,12,0
1282,13,0
1282,14,0
1282,15,0
1282,16,0
1282,17,0
1282,18,0
1282,19,0
1282,20,0
1282,21,0
1282,22,0
1282,23,0
1282,24,0
1282,25,0
1282,26,0
1282,27,0
1282,28,0
1282,29,0
1282,30,0
1282,31,0
1282,32,0
1283,1,0
1283,2,0
1283,3,0
1283,4,0
1283,5,0
1283,6,8975
1283,7,54
1283,8,9
1283,9,1
1283,10,0
1283,11,0
1283,12,0
1283,13,0
1283,14,0
1283,15,0
1283,16,0
1283,17,0
1283,18,0
1283,19,0
1283,20,0
1283,21,0
1283,22,0
1283,23,0
1283,24,0
1283,25,0
1283,26,0
1283,27,0
1283,28,0
1283,29,0
1283,30,0
1283,31,0
1283,32,0
1284,1,0
1284,2,0
1284,3,0
1284,4,0
1284,5,0
1284,6,8590
1284,7,83
1284,8,12
1284,9,0
1284,10,0
1284,11,0
1284,12,0
1284,13,0
1284,14,0
1284,15,0
1284,16,0
1284,17,0
1284,18,0
1284,19,0
1284,20,0
1284,21,0
1284,22,0
1284,23,0
1284,24,0
1284,25,0
1284,26,0
1284,27,0
1284,28,0
1284,29,0
1284,30,0
1284,31,0
1284,32,0
1285,1,0
1285,2,0
1285,3,0
1285,4,0
1285,5,0
1285,6,8269
1285,7,56
1285,8,11
1285,9,5
1285,10,3
1285,11,2
1285,12,0
1285,13,0
1285,14,0
1285,15,0
1285,16,0
1285,17,0
1285,18,0
1285,19,0
1285,20,0
1285,21,0
1285,22,0
1285,23,0
1285,24,0
1285,25,0
1285,26,0
1285,27,0
1285,28,0
1285,29,0
1285,30,0
1285,31,0
1285,32,0
1286,1,0
1286,2,0
1286,3,0
1286,4,0
1286,5,0
1286,6,9759
1286,7,34
1286,8,7
1286,9,1
1286,10,0
1286,11,0
1286,12,0
1286,13,0
1286,14,0
1286,15,0
1286,16,0
1286,17,0
1286,18,0
1286,19,0
1286,20,0
1286,21,0
1286,22,0
1286,23,0
1286,24,0
1286,25,0
1286,26,0
1286,27,0
1286,28,0
1286,29,0
1286,30,0
1286,31,0
1286,32,0
1287,1,0
1287,2,0
1287,3,0
1287,4,0
1287,5,0
1287,6,7068
1287,7,93
1287,8,26
1287,9,13
1287,10,7
1287,11,3
1287,12,0
1287,13,0
1287,14,0
1287,15,0
1287,16,0
1287,17,0
1287,18,0
1287,19,0
1287,20,0
1287,21,0
1287,22,0
1287,23,0
1287,24,0
1287,25,0
1287,26,0
1287,27,0
1287,28,0
1287,29,0
1287,30,0
1287,31,0
1287,32,0
1288,1,0
1288,2,0
1288,3,0
1288,4,0
1288,5,0
1288,6,7742
1288,7,122
1288,8,43
1288,9,21
1288,10,17
1288,11,10
1288,12,2
1288,13,0
1288,14,0
1288,15,0
1288,16,0
1288,17,0
1288,18,0
1288,19,0
1288,20,0
1288,21,0
1288,22,0
1288,23,0
1288,24,0
1288,25,0
1288,26,0
1288,27,0
1288,28,0
1288,29,0
1288,30,0
1288,31,0
1288,32,0
1289,1,0
1289,2,0
1289,3,0
1289,4,0
1289,5,0
1289,6,16402
1289,7,33
1289,8,7
1289,9,3
1289,10,2
1289,11,1
1289,12,0
1289,13,0
1289,14,0
1289,15,0
1289,16,0
1289,17,0
1289,18,0
1289,19,0
1289,20,0
1289,21,0
1289,22,0
1289,23,0
1289,24,0
1289,25,0
1289,26,0
1289,27,0
1289,28,0
1289,29,0
1289,30,0
1289,31,0
1289,32,0
1290,1,0
1290,2,0
1290,3,0
1290,4,0
1290,5,0
1290,6,3895
1290,7,0
1290,8,0
1290,9,0
1290,10,0
1290,11,0
1290,12,0
1290,13,0
1290,14,0
1290,15,0
1290,16,0
1290,17,0
1290,18,0
1290,19,0
1290,20,0
1290,21,0
1290,22,0
1290,23,0
1290,24,0
1290,25,0
1290,26,0
1290,27,0
1290,28,0
1290,29,0
1290,30,0
1290,31,0
1290,32,0
1294,1,0
1294,2,0
1294,3,0
1294,4,0
1294,5,0
1294,6,23
1294,7,23
1294,8,23
1294,9,22
1294,10,13
1294,11,13
1294,12,0
1294,13,0
1294,14,0
1294,15,0
1294,16,0
1294,17,0
1294,18,0
1294,19,0
1294,20,0
1294,21,0
1294,22,0
1294,23,0
1294,24,0
1294,25,0
1294,26,0
1294,27,0
1294,28,0
1294,29,0
1294,30,0
1294,31,0
1294,32,0
1300,1,0
1300,2,0
1300,3,0
1300,4,0
1300,5,0
1300,6,25
1300,7,25
1300,8,25
1300,9,25
1300,10,25
1300,11,24
1300,12,0
1300,13,0
1300,14,0
1300,15,0
1300,16,0
1300,17,0
1300,18,0
1300,19,0
1300,20,0
1300,21,0
1300,22,0
1300,23,0
1300,24,0
1300,25,0
1300,26,0
1300,27,0
1300,28,0
1300,29,0
1300,30,0
1300,31,0
1300,32,0
1301,1,0
1301,2,0
1301,3,0
1301,4,0
1301,5,0
1301,6,27
1301,7,27
1301,8,27
1301,9,27
1301,10,27
1301,11,27
1301,12,0
1301,13,0
1301,14,0
1301,15,0
1301,16,0
1301,17,0
1301,18,0
1301,19,0
1301,20,0
1301,21,0
1301,22,0
1301,23,0
1301,24,0
1301,25,0
1301,26,0
1301,27,0
1301,28,0
1301,29,0
1301,30,0
1301,31,0
1301,32,0
1302,1,0
1302,2,0
1302,3,0
1302,4,0
1302,5,0
1302,6,29
1302,7,29
1302,8,29
1302,9,26
1302,10,26
1302,11,26
1302,12,0
1302,13,0
1302,14,0
1302,15,0
1302,16,0
1302,17,0
1302,18,0
1302,19,0
1302,20,0
1302,21,0
1302,22,0
1302,23,0
1302,24,0
1302,25,0
1302,26,0
1302,27,0
1302,28,0
1302,29,0
1302,30,0
1302,31,0
1302,32,0
1303,1,0
1303,2,0
1303,3,0
1303,4,0
1303,5,0
1303,6,30
1303,7,29
1303,8,29
1303,9,29
1303,10,27
1303,11,27
1303,12,0
1303,13,0
1303,14,0
1303,15,0
1303,16,0
1303,17,0
1303,18,0
1303,19,0
1303,20,0
1303,21,0
1303,22,0
1303,23,0
1303,24,0
1303,25,0
1303,26,0
1303,27,0
1303,28,0
1303,29,0
1303,30,0
1303,31,0
1303,32,0
1304,1,0
1304,2,0
1304,3,0
1304,4,0
1304,5,0
1304,6,29
1304,7,27
1304,8,27
1304,9,27
1304,10,26
1304,11,26
1304,12,0
1304,13,0
1304,14,0
1304,15,0
1304,16,0
1304,17,0
1304,18,0
1304,19,0
1304,20,0
1304,21,0
1304,22,0
1304,23,0
1304,24,0
1304,25,0
1304,26,0
1304,27,0
1304,28,0
1304,29,0
1304,30,0
1304,31,0
1304,32,0
1305,1,0
1305,2,0
1305,3,0
1305,4,0
1305,5,0
1305,6,31
1305,7,29
1305,8,29
1305,9,29
1305,10,28
1305,11,28
1305,12,0
1305,13,0
1305,14,0
1305,15,0
1305,16,0
1305,17,0
1305,18,0
1305,19,0
1305,20,0
1305,21,0
1305,22,0
1305,23,0
1305,24,0
1305,25,0
1305,26,0
1305,27,0
1305,28,0
1305,29,0
1305,30,0
1305,31,0
1305,32,0
1306,1,0
1306,2,0
1306,3,0
1306,4,0
1306,5,0
1306,6,30
1306,7,30
1306,8,30
1306,9,30
1306,10,27
1306,11,27
1306,12,0
1306,13,0
1306,14,0
1306,15,0
1306,16,0
1306,17,0
1306,18,0
1306,19,0
1306,20,0
1306,21,0
1306,22,0
1306,23,0
1306,24,0
1306,25,0
1306,26,0
1306,27,0
1306,28,0
1306,29,0
1306,30,0
1306,31,0
1306,32,0
1307,1,0
1307,2,0
1307,3,0
1307,4,0
1307,5,0
1307,6,31
1307,7,31
1307,8,28
1307,9,28
1307,10,28
1307,11,28
1307,12,0
1307,13,0
1307,14,0
1307,15,0
1307,16,0
1307,17,0
1307,18,0
1307,19,0
1307,20,0
1307,21,0
1307,22,0
1307,23,0
1307,24,0
1307,25,0
1307,26,0
1307,27,0
1307,28,0
1307,29,0
1307,30,0
1307,31,0
1307,32,0
1308,1,0
1308,2,0
1308,3,0
1308,4,0
1308,5,0
1308,6,26
1308,7,26
1308,8,26
1308,9,26
1308,10,26
1308,11,24
1308,12,0
1308,13,0
1308,14,0
1308,15,0
1308,16,0
1308,17,0
1308,18,0
1308,19,0
1308,20,0
1308,21,0
1308,22,0
1308,23,0
1308,24,0
1308,25,0
1308,26,0
1308,27,0
1308,28,0
1308,29,0
1308,30,0
1308,31,0
1308,32,0
1309,1,0
1309,2,0
1309,3,0
1309,4,0
1309,5,0
1309,6,31
1309,7,31
1309,8,30
1309,9,30
1309,10,30
1309,11,29
1309,12,0
1309,13,0
1309,14,0
1309,15,0
1309,16,0
1309,17,0
1309,18,0
1309,19,0
1309,20,0
1309,21,0
1309,22,0
1309,23,0
1309,24,0
1309,25,0
1309,26,0
1309,27,0
1309,28,0
1309,29,0
1309,30,0
1309,31,0
1309,32,0
1310,1,0
1310,2,0
1310,3,0
1310,4,0
1310,5,0
1310,6,30
1310,7,30
1310,8,28
1310,9,28
1310,10,28
1310,11,28
1310,12,0
1310,13,0
1310,14,0
1310,15,0
1310,16,0
1310,17,0
1310,18,0
1310,19,0
1310,20,0
1310,21,0
1310,22,0
1310,23,0
1310,24,0
1310,25,0
1310,26,0
1310,27,0
1310,28,0
1310,29,0
1310,30,0
1310,31,0
1310,32,0
1311,1,0
1311,2,0
1311,3,0
1311,4,0
1311,5,0
1311,6,27
1311,7,27
1311,8,26
1311,9,26
1311,10,26
1311,11,24
1311,12,0
1311,13,0
1311,14,0
1311,15,0
1311,16,0
1311,17,0
1311,18,0
1311,19,0
1311,20,0
1311,21,0
1311,22,0
1311,23,0
1311,24,0
1311,25,0
1311,26,0
1311,27,0
1311,28,0
1311,29,0
1311,30,0
1311,31,0
1311,32,0
1312,1,0
1312,2,0
1312,3,0
1312,4,0
1312,5,0
1312,6,26
1312,7,26
1312,8,26
1312,9,26
1312,10,26
1312,11,24
1312,12,0
1312,13,0
1312,14,0
1312,15,0
1312,16,0
1312,17,0
1312,18,0
1312,19,0
1312,20,0
1312,21,0
1312,22,0
1312,23,0
1312,24,0
1312,25,0
1312,26,0
1312,27,0
1312,28,0
1312,29,0
1312,30,0
1312,31,0
1312,32,0
1313,1,0
1313,2,0
1313,3,0
1313,4,0
1313,5,0
1313,6,26
1313,7,26
1313,8,26
1313,9,26
1313,10,26
1313,11,24
1313,12,0
1313,13,0
1313,14,0
1313,15,0
1313,16,0
1313,17,0
1313,18,0
1313,19,0
1313,20,0
1313,21,0
1313,22,0
1313,23,0
1313,24,0
1313,25,0
1313,26,0
1313,27,0
1313,28,0
1313,29,0
1313,30,0
1313,31,0
1313,32,0
1314,1,0
1314,2,0
1314,3,0
1314,4,0
1314,5,0
1314,6,28
1314,7,28
1314,8,26
1314,9,26
1314,10,26
1314,11,26
1314,12,0
1314,13,0
1314,14,0
1314,15,0
1314,16,0
1314,17,0
1314,18,0
1314,19,0
1314,20,0
1314,21,0
1314,22,0
1314,23,0
1314,24,0
1314,25,0
1314,26,0
1314,27,0
1314,28,0
1314,29,0
1314,30,0
1314,31,0
1314,32,0
1315,1,0
1315,2,0
1315,3,0
1315,4,0
1315,5,0
1315,6,29
1315,7,29
1315,8,27
1315,9,27
1315,10,27
1315,11,27
1315,12,0
1315,13,0
1315,14,0
1315,15,0
1315,16,0
1315,17,0
1315,18,0
1315,19,0
1315,20,0
1315,21,0
1315,22,0
1315,23,0
1315,24,0
1315,25,0
1315,26,0
1315,27,0
1315,28,0
1315,29,0
1315,30,0
1315,31,0
1315,32,0
1316,1,0
1316,2,0
1316,3,0
1316,4,0
1316,5,0
1316,6,28
1316,7,28
1316,8,27
1316,9,27
1316,10,27
1316,11,27
1316,12,0
1316,13,0
1316,14,0
1316,15,0
1316,16,0
1316,17,0
1316,18,0
1316,19,0
1316,20,0
1316,21,0
1316,22,0
1316,23,0
1316,24,0
1316,25,0
1316,26,0
1316,27,0
1316,28,0
1316,29,0
1316,30,0
1316,31,0
1316,32,0
1317,1,0
1317,2,0
1317,3,0
1317,4,0
1317,5,0
1317,6,28
1317,7,28
1317,8,26
1317,9,26
1317,10,26
1317,11,26
1317,12,0
1317,13,0
1317,14,0
1317,15,0
1317,16,0
1317,17,0
1317,18,0
1317,19,0
1317,20,0
1317,21,0
1317,22,0
1317,23,0
1317,24,0
1317,25,0
1317,26,0
1317,27,0
1317,28,0
1317,29,0
1317,30,0
1317,31,0
1317,32,0
1318,1,0
1318,2,0
1318,3,0
1318,4,0
1318,5,0
1318,6,28
1318,7,28
1318,8,26
1318,9,26
1318,10,26
1318,11,26
1318,12,0
1318,13,0
1318,14,0
1318,15,0
1318,16,0
1318,17,0
1318,18,0
1318,19,0
1318,20,0
1318,21,0
1318,22,0
1318,23,0
1318,24,0
1318,25,0
1318,26,0
1318,27,0
1318,28,0
1318,29,0
1318,30,0
1318,31,0
1318,32,0
1319,1,0
1319,2,0
1319,3,0
1319,4,0
1319,5,0
1319,6,28
1319,7,28
1319,8,27
1319,9,26
1319,10,26
1319,11,26
1319,12,0
1319,13,0
1319,14,0
1319,15,0
1319,16,0
1319,17,0
1319,18,0
1319,19,0
1319,20,0
1319,21,0
1319,22,0
1319,23,0
1319,24,0
1319,25,0
1319,26,0
1319,27,0
1319,28,0
1319,29,0
1319,30,0
1319,31,0
1319,32,0
1320,1,0
1320,2,0
1320,3,0
1320,4,0
1320,5,0
1320,6,34
1320,7,34
1320,8,34
1320,9,33
1320,10,33
1320,11,33
1320,12,7
1320,13,7
1320,14,7
1320,15,7
1320,16,7
1320,17,7
1320,18,7
1320,19,7
1320,20,7
1320,21,7
1320,22,9
1320,23,10
1320,24,7
1320,25,7
1320,26,7
1320,27,8
1320,28,7
1320,29,1
1320,30,0
1320,31,0
1320,32,0
1321,1,0
1321,2,0
1321,3,0
1321,4,0
1321,5,0
1321,6,30
1321,7,30
1321,8,29
1321,9,28
1321,10,28
1321,11,28
1321,12,0
1321,13,0
1321,14,0
1321,15,0
1321,16,0
1321,17,0
1321,18,0
1321,19,0
1321,20,0
1321,21,0
1321,22,0
1321,23,0
1321,24,0
1321,25,0
1321,26,0
1321,27,0
1321,28,0
1321,29,0
1321,30,0
1321,31,0
1321,32,0
1322,1,0
1322,2,0
1322,3,0
1322,4,0
1322,5,0
1322,6,28
1322,7,27
1322,8,27
1322,9,25
1322,10,25
1322,11,25
1322,12,0
1322,13,0
1322,14,0
1322,15,0
1322,16,0
1322,17,0
1322,18,0
1322,19,0
1322,20,0
1322,21,0
1322,22,0
1322,23,0
1322,24,0
1322,25,0
1322,26,0
1322,27,0
1322,28,0
1322,29,0
1322,30,0
1322,31,0
1322,32,0
1323,1,0
1323,2,0
1323,3,0
1323,4,0
1323,5,0
1323,6,28
1323,7,28
1323,8,28
1323,9,26
1323,10,26
1323,11,26
1323,12,0
1323,13,0
1323,14,0
1323,15,0
1323,16,0
1323,17,0
1323,18,0
1323,19,0
1323,20,0
1323,21,0
1323,22,0
1323,23,0
1323,24,0
1323,25,0
1323,26,0
1323,27,0
1323,28,0
1323,29,0
1323,30,0
1323,31,0
1323,32,0
1324,1,0
1324,2,0
1324,3,0
1324,4,0
1324,5,0
1324,6,27
1324,7,27
1324,8,27
1324,9,25
1324,10,25
1324,11,25
1324,12,0
1324,13,0
1324,14,0
1324,15,0
1324,16,0
1324,17,0
1324,18,0
1324,19,0
1324,20,0
1324,21,0
1324,22,0
1324,23,0
1324,24,0
1324,25,0
1324,26,0
1324,27,0
1324,28,0
1324,29,0
1324,30,0
1324,31,0
1324,32,0
1325,1,0
1325,2,0
1325,3,0
1325,4,0
1325,5,0
1325,6,29
1325,7,29
1325,8,29
1325,9,28
1325,10,28
1325,11,26
1325,12,0
1325,13,0
1325,14,0
1325,15,0
1325,16,0
1325,17,0
1325,18,0
1325,19,0
1325,20,0
1325,21,0
1325,22,0
1325,23,0
1325,24,0
1325,25,0
1325,26,0
1325,27,0
1325,28,0
1325,29,0
1325,30,0
1325,31,0
1325,32,0
1326,1,0
1326,2,0
1326,3,0
1326,4,0
1326,5,0
1326,6,28
1326,7,28
1326,8,28
1326,9,27
1326,10,27
1326,11,26
1326,12,0
1326,13,0
1326,14,0
1326,15,0
1326,16,0
1326,17,0
1326,18,0
1326,19,0
1326,20,0
1326,21,0
1326,22,0
1326,23,0
1326,24,0
1326,25,0
1326,26,0
1326,27,0
1326,28,0
1326,29,0
1326,30,0
1326,31,0
1326,32,0
1327,1,0
1327,2,0
1327,3,0
1327,4,0
1327,5,0
1327,6,31
1327,7,31
1327,8,31
1327,9,29
1327,10,29
1327,11,29
1327,12,0
1327,13,0
1327,14,0
1327,15,0
1327,16,0
1327,17,0
1327,18,0
1327,19,0
1327,20,0
1327,21,0
1327,22,0
1327,23,0
1327,24,0
1327,25,0
1327,26,0
1327,27,0
1327,28,0
1327,29,0
1327,30,0
1327,31,0
1327,32,0
1328,1,0
1328,2,0
1328,3,0
1328,4,0
1328,5,0
1328,6,16
1328,7,16
1328,8,14
1328,9,14
1328,10,14
1328,11,14
1328,12,3
1328,13,3
1328,14,3
1328,15,3
1328,16,3
1328,17,3
1328,18,3
1328,19,3
1328,20,3
1328,21,3
1328,22,3
1328,23,3
1328,24,3
1328,25,3
1328,26,3
1328,27,3
1328,28,2
1328,29,2
1328,30,0
1328,31,0
1328,32,0
1338,1,0
1338,2,0
1338,3,0
1338,4,0
1338,5,0
1338,6,7
1338,7,6
1338,8,5
1338,9,5
1338,10,5
1338,11,5
1338,12,5
1338,13,5
1338,14,6
1338,15,6
1338,16,5
1338,17,4
1338,18,4
1338,19,4
1338,20,4
1338,21,4
1338,22,4
1338,23,4
1338,24,4
1338,25,4
1338,26,4
1338,27,4
1338,28,4
1338,29,4
1338,30,0
1338,31,0
1338,32,0
1404,1,0
1404,2,0
1404,3,0
1404,4,0
1404,5,0
1404,6,2
1404,7,1
1404,8,1
1404,9,0
1404,10,0
1404,11,0
1404,12,0
1404,13,0
1404,14,0
1404,15,0
1404,16,0
1404,17,0
1404,18,0
1404,19,0
1404,20,0
1404,21,0
1404,22,0
1404,23,0
1404,24,0
1404,25,0
1404,26,0
1404,27,0
1404,28,0
1404,29,0
1404,30,0
1404,31,0
1404,32,0
1465,1,0
1465,2,0
1465,3,0
1465,4,0
1465,5,1
1465,6,2
1465,7,1
1465,8,0
1465,9,0
1465,10,0
1465,11,0
1465,12,0
1465,13,0
1465,14,0
1465,15,0
1465,16,0
1465,17,0
1465,18,0
1465,19,0
1465,20,0
1465,21,0
1465,22,0
1465,23,0
1465,24,0
1465,25,0
1465,26,0
1465,27,0
1465,28,0
1465,29,0
1465,30,0
1465,31,0
1465,32,0
