time,lba,count
1034,2621378,125
1034,5242756,0
1034,7864134,0
1034,10485512,0
1034,13106890,0
1034,15728268,0
1034,18349646,0
1034,20971024,0
1034,23592402,0
1034,26213780,0
1034,28835158,0
1034,31456536,0
1034,34077914,0
1034,36699292,0
1034,39320670,0
1034,41942048,0
1034,44563426,0
1034,47184804,0
1034,49806182,0
1034,52427560,0
1035,2621378,72
1035,5242756,0
1035,7864134,0
1035,10485512,0
1035,13106890,0
1035,15728268,0
1035,18349646,0
1035,20971024,0
1035,23592402,0
1035,26213780,0
1035,28835158,0
1035,31456536,0
1035,34077914,0
1035,36699292,0
1035,39320670,0
1035,41942048,0
1035,44563426,0
1035,47184804,0
1035,49806182,0
1035,52427560,0
1041,2621378,0
1041,5242756,0
1041,7864134,0
1041,10485512,0
1041,13106890,0
1041,15728268,0
1041,18349646,0
1041,20971024,0
1041,23592402,0
1041,26213780,0
1041,28835158,7099
1041,31456536,0
1041,34077914,0
1041,36699292,0
1041,39320670,0
1041,41942048,0
1041,44563426,0
1041,47184804,0
1041,49806182,0
1041,52427560,0
1042,2621378,0
1042,5242756,0
1042,7864134,0
1042,10485512,0
1042,13106890,0
1042,15728268,0
1042,18349646,0
1042,20971024,0
1042,23592402,0
1042,26213780,0
1042,28835158,15992
1042,31456536,0
1042,34077914,0
1042,36699292,0
1042,39320670,0
1042,41942048,0
1042,44563426,0
1042,47184804,0
1042,49806182,0
1042,52427560,0
1043,2621378,0
1043,5242756,0
1043,7864134,0
1043,10485512,0
1043,13106890,0
1043,15728268,0
1043,18349646,0
1043,20971024,0
1043,23592402,0
1043,26213780,0
1043,28835158,5966
1043,31456536,0
1043,34077914,0
1043,36699292,0
1043,39320670,0
1043,41942048,0
1043,44563426,0
1043,47184804,0
1043,49806182,0
1043,52427560,0
1044,2621378,0
1044,5242756,0
1044,7864134,0
1044,10485512,0
1044,13106890,0
1044,15728268,0
1044,18349646,0
1044,20971024,0
1044,23592402,0
1044,26213780,0
1044,28835158,2948
1044,31456536,0
1044,34077914,0
1044,36699292,0
1044,39320670,0
1044,41942048,0
1044,44563426,0
1044,47184804,0
1044,49806182,0
1044,52427560,0
1045,2621378,0
1045,5242756,0
1045,7864134,0
1045,10485512,0
1045,13106890,0
1045,15728268,0
1045,18349646,0
1045,20971024,0
1045,23592402,0
1045,26213780,0
1045,28835158,1578
1045,31456536,2285
1045,34077914,0
1045,36699292,0
1045,39320670,0
1045,41942048,0
1045,44563426,0
1045,47184804,0
1045,49806182,0
1045,52427560,0
1046,2621378,0
1046,5242756,0
1046,7864134,0
1046,10485512,0
1046,13106890,0
1046,15728268,0
1046,18349646,0
1046,20971024,0
1046,23592402,0
1046,26213780,0
1046,28835158,0
1046,31456536,3187
1046,34077914,0
1046,36699292,0
1046,39320670,0
1046,41942048,0
1046,44563426,0
1046,47184804,0
1046,49806182,0
1046,52427560,0
1047,2621378,0
1047,5242756,0
1047,7864134,0
1047,10485512,0
1047,13106890,0
1047,15728268,0
1047,18349646,0
1047,20971024,0
1047,23592402,0
1047,26213780,0
1047,28835158,0
1047,31456536,12698
1047,34077914,0
1047,36699292,0
1047,39320670,0
1047,41942048,0
1047,44563426,0
1047,47184804,0
1047,49806182,0
1047,52427560,0
1048,2621378,0
1048,5242756,0
1048,7864134,0
1048,10485512,0
1048,13106890,0
1048,15728268,0
1048,18349646,0
1048,20971024,0
1048,23592402,0
1048,26213780,0
1048,28835158,0
1048,31456536,17251
1048,34077914,0
1048,36699292,0
1048,39320670,0
1048,41942048,0
1048,44563426,0
1048,47184804,0
1048,49806182,0
1048,52427560,0
1049,2621378,25
1049,5242756,0
1049,7864134,0
1049,10485512,0
1049,13106890,0
1049,15728268,0
1049,18349646,0
1049,20971024,0
1049,23592402,0
1049,26213780,0
1049,28835158,0
1049,31456536,4830
1049,34077914,13366
1049,36699292,0
1049,39320670,0
1049,41942048,0
1049,44563426,0
1049,47184804,0
1049,49806182,0
1049,52427560,0
1050,2621378,189
1050,5242756,0
1050,7864134,0
1050,10485512,0
1050,13106890,0
1050,15728268,0
1050,18349646,0
1050,20971024,0
1050,23592402,0
1050,26213780,0
1050,28835158,0
1050,31456536,0
1050,34077914,14024
1050,36699292,0
1050,39320670,0
1050,41942048,0
1050,44563426,0
1050,47184804,0
1050,49806182,0
1050,52427560,0
1051,2621378,144
1051,5242756,0
1051,7864134,0
1051,10485512,0
1051,13106890,0
1051,15728268,0
1051,18349646,0
1051,20971024,0
1051,23592402,0
1051,26213780,0
1051,28835158,0
1051,31456536,0
1051,34077914,11025
1051,36699292,0
1051,39320670,0
1051,41942048,0
1051,44563426,0
1051,47184804,0
1051,49806182,0
1051,52427560,0
1052,2621378,143
1052,5242756,0
1052,7864134,0
1052,10485512,0
1052,13106890,0
1052,15728268,0
1052,18349646,0
1052,20971024,0
1052,23592402,0
1052,26213780,0
1052,28835158,0
1052,31456536,0
1052,34077914,11144
1052,36699292,0
1052,39320670,0
1052,41942048,0
1052,44563426,0
1052,47184804,0
1052,49806182,0
1052,52427560,0
1053,2621378,188
1053,5242756,0
1053,7864134,0
1053,10485512,0
1053,13106890,0
1053,15728268,0
1053,18349646,0
1053,20971024,0
1053,23592402,0
1053,26213780,0
1053,28835158,1175
1053,31456536,0
1053,34077914,2205
1053,36699292,9788
1053,39320670,0
1053,41942048,0
1053,44563426,0
1053,47184804,0
1053,49806182,0
1053,52427560,0
1054,2621378,228
1054,5242756,0
1054,7864134,0
1054,10485512,0
1054,13106890,0
1054,15728268,0
1054,18349646,0
1054,20971024,0
1054,23592402,0
1054,26213780,0
1054,28835158,11543
1054,31456536,0
1054,34077914,0
1054,36699292,3596
1054,39320670,0
1054,41942048,0
1054,44563426,0
1054,47184804,0
1054,49806182,0
1054,52427560,0
1055,2621378,519
1055,5242756,0
1055,7864134,0
1055,10485512,0
1055,13106890,0
1055,15728268,0
1055,18349646,0
1055,20971024,0
1055,23592402,0
1055,26213780,0
1055,28835158,26088
1055,31456536,0
1055,34077914,0
1055,36699292,2
1055,39320670,0
1055,41942048,0
1055,44563426,0
1055,47184804,0
1055,49806182,0
1055,52427560,0
1056,2621378,241
1056,5242756,0
1056,7864134,0
1056,10485512,0
1056,13106890,0
1056,15728268,0
1056,18349646,0
1056,20971024,0
1056,23592402,0
1056,26213780,0
1056,28835158,18555
1056,31456536,0
1056,34077914,0
1056,36699292,0
1056,39320670,0
1056,41942048,0
1056,44563426,0
1056,47184804,0
1056,49806182,0
1056,52427560,0
1057,2621378,117
1057,5242756,0
1057,7864134,0
1057,10485512,0
1057,13106890,0
1057,15728268,0
1057,18349646,0
1057,20971024,0
1057,23592402,0
1057,26213780,0
1057,28835158,13088
1057,31456536,1125
1057,34077914,0
1057,36699292,0
1057,39320670,0
1057,41942048,0
1057,44563426,0
1057,47184804,0
1057,49806182,0
1057,52427560,0
1058,2621378,181
1058,5242756,0
1058,7864134,0
1058,10485512,0
1058,13106890,0
1058,15728268,0
1058,18349646,0
1058,20971024,0
1058,23592402,0
1058,26213780,0
1058,28835158,6993
1058,31456536,8083
1058,34077914,0
1058,36699292,0
1058,39320670,0
1058,41942048,0
1058,44563426,0
1058,47184804,0
1058,49806182,0
1058,52427560,0
1059,2621378,216
1059,5242756,0
1059,7864134,0
1059,10485512,0
1059,13106890,0
1059,15728268,0
1059,18349646,0
1059,20971024,0
1059,23592402,0
1059,26213780,0
1059,28835158,317
1059,31456536,14673
1059,34077914,0
1059,36699292,0
1059,39320670,0
1059,41942048,0
1059,44563426,0
1059,47184804,0
1059,49806182,0
1059,52427560,0
1060,2621378,313
1060,5242756,0
1060,7864134,0
1060,10485512,0
1060,13106890,0
1060,15728268,0
1060,18349646,0
1060,20971024,0
1060,23592402,0
1060,26213780,0
1060,28835158,0
1060,31456536,21515
1060,34077914,0
1060,36699292,15
1060,39320670,0
1060,41942048,0
1060,44563426,0
1060,47184804,0
1060,49806182,0
1060,52427560,0
1061,2621378,4580
1061,5242756,0
1061,7864134,0
1061,10485512,0
1061,13106890,0
1061,15728268,0
1061,18349646,0
1061,20971024,0
1061,23592402,0
1061,26213780,0
1061,28835158,0
1061,31456536,16366
1061,34077914,0
1061,36699292,0
1061,39320670,0
1061,41942048,0
1061,44563426,0
1061,47184804,0
1061,49806182,0
1061,52427560,0
1062,2621378,10136
1062,5242756,0
1062,7864134,0
1062,10485512,0
1062,13106890,0
1062,15728268,0
1062,18349646,0
1062,20971024,0
1062,23592402,0
1062,26213780,0
1062,28835158,0
1062,31456536,0
1062,34077914,0
1062,36699292,0
1062,39320670,0
1062,41942048,0
1062,44563426,0
1062,47184804,0
1062,49806182,0
1062,52427560,0
1063,2621378,9705
1063,5242756,0
1063,7864134,0
1063,10485512,0
1063,13106890,0
1063,15728268,0
1063,18349646,0
1063,20971024,0
1063,23592402,0
1063,26213780,0
1063,28835158,0
1063,31456536,0
1063,34077914,0
1063,36699292,0
1063,39320670,0
1063,41942048,0
1063,44563426,0
1063,47184804,0
1063,49806182,0
1063,52427560,0
1064,2621378,8702
1064,5242756,0
1064,7864134,0
1064,10485512,0
1064,13106890,0
1064,15728268,0
1064,18349646,0
1064,20971024,0
1064,23592402,0
1064,26213780,0
1064,28835158,0
1064,31456536,0
1064,34077914,0
1064,36699292,0
1064,39320670,0
1064,41942048,0
1064,44563426,0
1064,47184804,0
1064,49806182,0
1064,52427560,0
1065,2621378,9258
1065,5242756,0
1065,7864134,0
1065,10485512,0
1065,13106890,0
1065,15728268,0
1065,18349646,0
1065,20971024,0
1065,23592402,0
1065,26213780,0
1065,28835158,0
1065,31456536,0
1065,34077914,0
1065,36699292,0
1065,39320670,0
1065,41942048,0
1065,44563426,0
1065,47184804,0
1065,49806182,0
1065,52427560,0
1066,2621378,9258
1066,5242756,0
1066,7864134,0
1066,10485512,0
1066,13106890,0
1066,15728268,0
1066,18349646,0
1066,20971024,0
1066,23592402,0
1066,26213780,0
1066,28835158,0
1066,31456536,0
1066,34077914,0
1066,36699292,0
1066,39320670,0
1066,41942048,0
1066,44563426,0
1066,47184804,0
1066,49806182,0
1066,52427560,0
1067,2621378,1115
1067,5242756,0
1067,7864134,0
1067,10485512,0
1067,13106890,0
1067,15728268,0
1067,18349646,0
1067,20971024,0
1067,23592402,0
1067,26213780,0
1067,28835158,26021
1067,31456536,0
1067,34077914,0
1067,36699292,0
1067,39320670,0
1067,41942048,0
1067,44563426,0
1067,47184804,0
1067,49806182,0
1067,52427560,0
1068,2621378,360
1068,5242756,0
1068,7864134,0
1068,10485512,0
1068,13106890,0
1068,15728268,0
1068,18349646,0
1068,20971024,0
1068,23592402,0
1068,26213780,0
1068,28835158,21517
1068,31456536,0
1068,34077914,0
1068,36699292,0
1068,39320670,0
1068,41942048,0
1068,44563426,0
1068,47184804,0
1068,49806182,0
1068,52427560,0
1069,2621378,265
1069,5242756,0
1069,7864134,0
1069,10485512,0
1069,13106890,0
1069,15728268,0
1069,18349646,0
1069,20971024,0
1069,23592402,0
1069,26213780,0
1069,28835158,17918
1069,31456536,184
1069,34077914,0
1069,36699292,0
1069,39320670,0
1069,41942048,0
1069,44563426,0
1069,47184804,0
1069,49806182,0
1069,52427560,0
1070,2621378,218
1070,5242756,0
1070,7864134,0
1070,10485512,0
1070,13106890,0
1070,15728268,0
1070,18349646,0
1070,20971024,0
1070,23592402,0
1070,26213780,0
1070,28835158,9699
1070,31456536,5204
1070,34077914,0
1070,36699292,0
1070,39320670,0
1070,41942048,0
1070,44563426,0
1070,47184804,0
1070,49806182,0
1070,52427560,0
1071,2621378,180
1071,5242756,0
1071,7864134,0
1071,10485512,0
1071,13106890,0
1071,15728268,0
1071,18349646,0
1071,20971024,0
1071,23592402,0
1071,26213780,0
1071,28835158,2534
1071,31456536,10073
1071,34077914,0
1071,36699292,0
1071,39320670,0
1071,41942048,0
1071,44563426,0
1071,47184804,0
1071,49806182,0
1071,52427560,0
1072,2621378,282
1072,5242756,0
1072,7864134,0
1072,10485512,0
1072,13106890,0
1072,15728268,0
1072,18349646,0
1072,20971024,0
1072,23592402,0
1072,26213780,0
1072,28835158,0
1072,31456536,18884
1072,34077914,0
1072,36699292,0
1072,39320670,0
1072,41942048,0
1072,44563426,0
1072,47184804,0
1072,49806182,0
1072,52427560,0
1073,2621378,391
1073,5242756,0
1073,7864134,0
1073,10485512,0
1073,13106890,0
1073,15728268,0
1073,18349646,0
1073,20971024,0
1073,23592402,0
1073,26213780,0
1073,28835158,0
1073,31456536,25787
1073,34077914,109
1073,36699292,0
1073,39320670,0
1073,41942048,0
1073,44563426,0
1073,47184804,0
1073,49806182,0
1073,52427560,0
1074,2621378,431
1074,5242756,0
1074,7864134,0
1074,10485512,0
1074,13106890,0
1074,15728268,0
1074,18349646,0
1074,20971024,0
1074,23592402,0
1074,26213780,0
1074,28835158,0
1074,31456536,18685
1074,34077914,10854
1074,36699292,0
1074,39320670,0
1074,41942048,0
1074,44563426,0
1074,47184804,0
1074,49806182,0
1074,52427560,0
1075,2621378,382
1075,5242756,0
1075,7864134,0
1075,10485512,0
1075,13106890,0
1075,15728268,0
1075,18349646,0
1075,20971024,0
1075,23592402,0
1075,26213780,0
1075,28835158,0
1075,31456536,738
1075,34077914,26508
1075,36699292,12
1075,39320670,0
1075,41942048,0
1075,44563426,0
1075,47184804,0
1075,49806182,0
1075,52427560,0
1076,2621378,433
1076,5242756,0
1076,7864134,0
1076,10485512,0
1076,13106890,0
1076,15728268,0
1076,18349646,0
1076,20971024,0
1076,23592402,0
1076,26213780,0
1076,28835158,0
1076,31456536,0
1076,34077914,29837
1076,36699292,0
1076,39320670,0
1076,41942048,0
1076,44563426,0
1076,47184804,0
1076,49806182,0
1076,52427560,0
1077,2621378,442
1077,5242756,0
1077,7864134,0
1077,10485512,0
1077,13106890,0
1077,15728268,0
1077,18349646,0
1077,20971024,0
1077,23592402,0
1077,26213780,0
1077,28835158,0
1077,31456536,0
1077,34077914,29782
1077,36699292,14
1077,39320670,0
1077,41942048,0
1077,44563426,0
1077,47184804,0
1077,49806182,0
1077,52427560,0
1078,2621378,389
1078,5242756,0
1078,7864134,0
1078,10485512,0
1078,13106890,0
1078,15728268,0
1078,18349646,0
1078,20971024,0
1078,23592402,0
1078,26213780,0
1078,28835158,782
1078,31456536,0
1078,34077914,16982
1078,36699292,8068
1078,39320670,0
1078,41942048,0
1078,44563426,0
1078,47184804,0
1078,49806182,0
1078,52427560,0
1079,2621378,337
1079,5242756,0
1079,7864134,0
1079,10485512,0
1079,13106890,0
1079,15728268,0
1079,18349646,0
1079,20971024,0
1079,23592402,0
1079,26213780,0
1079,28835158,8738
1079,31456536,0
1079,34077914,2027
1079,36699292,12900
1079,39320670,0
1079,41942048,0
1079,44563426,0
1079,47184804,0
1079,49806182,0
1079,52427560,0
1080,2621378,319
1080,5242756,0
1080,7864134,0
1080,10485512,0
1080,13106890,0
1080,15728268,0
1080,18349646,0
1080,20971024,0
1080,23592402,0
1080,26213780,0
1080,28835158,20057
1080,31456536,0
1080,34077914,0
1080,36699292,1742
1080,39320670,0
1080,41942048,0
1080,44563426,0
1080,47184804,0
1080,49806182,0
1080,52427560,0
1081,2621378,505
1081,5242756,0
1081,7864134,0
1081,10485512,0
1081,13106890,0
1081,15728268,0
1081,18349646,0
1081,20971024,0
1081,23592402,0
1081,26213780,0
1081,28835158,22642
1081,31456536,0
1081,34077914,0
1081,36699292,0
1081,39320670,0
1081,41942048,0
1081,44563426,0
1081,47184804,0
1081,49806182,0
1081,52427560,0
1082,2621378,274
1082,5242756,0
1082,7864134,0
1082,10485512,0
1082,13106890,0
1082,15728268,0
1082,18349646,0
1082,20971024,0
1082,23592402,0
1082,26213780,0
1082,28835158,13294
1082,31456536,2141
1082,34077914,0
1082,36699292,0
1082,39320670,0
1082,41942048,0
1082,44563426,0
1082,47184804,0
1082,49806182,0
1082,52427560,0
1083,2621378,357
1083,5242756,0
1083,7864134,0
1083,10485512,0
1083,13106890,0
1083,15728268,0
1083,18349646,0
1083,20971024,0
1083,23592402,0
1083,26213780,0
1083,28835158,8591
1083,31456536,7014
1083,34077914,0
1083,36699292,0
1083,39320670,0
1083,41942048,0
1083,44563426,0
1083,47184804,0
1083,49806182,0
1083,52427560,0
1084,2621378,227
1084,5242756,0
1084,7864134,0
1084,10485512,0
1084,13106890,0
1084,15728268,0
1084,18349646,0
1084,20971024,0
1084,23592402,0
1084,26213780,0
1084,28835158,3015
1084,31456536,12746
1084,34077914,0
1084,36699292,0
1084,39320670,0
1084,41942048,0
1084,44563426,0
1084,47184804,0
1084,49806182,0
1084,52427560,0
1085,2621378,278
1085,5242756,0
1085,7864134,0
1085,10485512,0
1085,13106890,0
1085,15728268,0
1085,18349646,0
1085,20971024,0
1085,23592402,0
1085,26213780,0
1085,28835158,865
1085,31456536,17869
1085,34077914,0
1085,36699292,1
1085,39320670,0
1085,41942048,0
1085,44563426,0
1085,47184804,0
1085,49806182,0
1085,52427560,0
1086,2621378,452
1086,5242756,0
1086,7864134,0
1086,10485512,0
1086,13106890,0
1086,15728268,0
1086,18349646,0
1086,20971024,0
1086,23592402,0
1086,26213780,0
1086,28835158,0
1086,31456536,25378
1086,34077914,3241
1086,36699292,0
1086,39320670,0
1086,41942048,0
1086,44563426,0
1086,47184804,0
1086,49806182,0
1086,52427560,0
1087,2621378,12593
1087,5242756,0
1087,7864134,0
1087,10485512,0
1087,13106890,0
1087,15728268,0
1087,18349646,0
1087,20971024,0
1087,23592402,0
1087,26213780,0
1087,28835158,0
1087,31456536,1937
1087,34077914,880
1087,36699292,0
1087,39320670,0
1087,41942048,0
1087,44563426,0
1087,47184804,0
1087,49806182,0
1087,52427560,0
1088,2621378,15310
1088,5242756,0
1088,7864134,0
1088,10485512,0
1088,13106890,0
1088,15728268,0
1088,18349646,0
1088,20971024,0
1088,23592402,0
1088,26213780,0
1088,28835158,0
1088,31456536,0
1088,34077914,0
1088,36699292,0
1088,39320670,0
1088,41942048,0
1088,44563426,0
1088,47184804,0
1088,49806182,0
1088,52427560,0
1089,2621378,17826
1089,5242756,0
1089,7864134,0
1089,10485512,0
1089,13106890,0
1089,15728268,0
1089,18349646,0
1089,20971024,0
1089,23592402,0
1089,26213780,0
1089,28835158,0
1089,31456536,0
1089,34077914,0
1089,36699292,0
1089,39320670,0
1089,41942048,0
1089,44563426,0
1089,47184804,0
1089,49806182,0
1089,52427560,0
1090,2621378,17949
1090,5242756,0
1090,7864134,0
1090,10485512,0
1090,13106890,0
1090,15728268,0
1090,18349646,0
1090,20971024,0
1090,23592402,0
1090,26213780,0
1090,28835158,0
1090,31456536,0
1090,34077914,0
1090,36699292,0
1090,39320670,0
1090,41942048,0
1090,44563426,0
1090,47184804,0
1090,49806182,0
1090,52427560,0
1091,2621378,17242
1091,5242756,0
1091,7864134,0
1091,10485512,0
1091,13106890,0
1091,15728268,0
1091,18349646,0
1091,20971024,0
1091,23592402,0
1091,26213780,0
1091,28835158,0
1091,31456536,0
1091,34077914,0
1091,36699292,0
1091,39320670,0
1091,41942048,0
1091,44563426,0
1091,47184804,0
1091,49806182,0
1091,52427560,0
1092,2621378,17225
1092,5242756,0
1092,7864134,0
1092,10485512,0
1092,13106890,0
1092,15728268,0
1092,18349646,0
1092,20971024,0
1092,23592402,0
1092,26213780,0
1092,28835158,0
1092,31456536,0
1092,34077914,0
1092,36699292,0
1092,39320670,0
1092,41942048,0
1092,44563426,0
1092,47184804,0
1092,49806182,0
1092,52427560,0
1093,2621378,17140
1093,5242756,0
1093,7864134,0
1093,10485512,0
1093,13106890,0
1093,15728268,0
1093,18349646,0
1093,20971024,0
1093,23592402,0
1093,26213780,0
1093,28835158,0
1093,31456536,0
1093,34077914,0
1093,36699292,0
1093,39320670,0
1093,41942048,0
1093,44563426,0
1093,47184804,0
1093,49806182,0
1093,52427560,0
1094,2621378,17527
1094,5242756,0
1094,7864134,0
1094,10485512,0
1094,13106890,0
1094,15728268,0
1094,18349646,0
1094,20971024,0
1094,23592402,0
1094,26213780,0
1094,28835158,0
1094,31456536,0
1094,34077914,0
1094,36699292,0
1094,39320670,0
1094,41942048,0
1094,44563426,0
1094,47184804,0
1094,49806182,0
1094,52427560,0
1095,2621378,17849
1095,5242756,0
1095,7864134,0
1095,10485512,0
1095,13106890,0
1095,15728268,0
1095,18349646,0
1095,20971024,0
1095,23592402,0
1095,26213780,0
1095,28835158,0
1095,31456536,0
1095,34077914,0
1095,36699292,0
1095,39320670,0
1095,41942048,0
1095,44563426,0
1095,47184804,0
1095,49806182,0
1095,52427560,0
1096,2621378,17834
1096,5242756,0
1096,7864134,0
1096,10485512,0
1096,13106890,0
1096,15728268,0
1096,18349646,0
1096,20971024,0
1096,23592402,0
1096,26213780,0
1096,28835158,0
1096,31456536,0
1096,34077914,0
1096,36699292,0
1096,39320670,0
1096,41942048,0
1096,44563426,0
1096,47184804,0
1096,49806182,0
1096,52427560,0
1097,2621378,15032
1097,5242756,0
1097,7864134,0
1097,10485512,0
1097,13106890,0
1097,15728268,0
1097,18349646,0
1097,20971024,0
1097,23592402,0
1097,26213780,0
1097,28835158,0
1097,31456536,0
1097,34077914,0
1097,36699292,0
1097,39320670,0
1097,41942048,0
1097,44563426,0
1097,47184804,0
1097,49806182,0
1097,52427560,0
1098,2621378,11377
1098,5242756,0
1098,7864134,0
1098,10485512,0
1098,13106890,0
1098,15728268,0
1098,18349646,0
1098,20971024,0
1098,23592402,0
1098,26213780,0
1098,28835158,0
1098,31456536,0
1098,34077914,0
1098,36699292,0
1098,39320670,0
1098,41942048,0
1098,44563426,0
1098,47184804,0
1098,49806182,0
1098,52427560,0
1099,2621378,5056
1099,5242756,0
1099,7864134,0
1099,10485512,0
1099,13106890,0
1099,15728268,0
1099,18349646,0
1099,20971024,0
1099,23592402,0
1099,26213780,0
1099,28835158,0
1099,31456536,0
1099,34077914,0
1099,36699292,171
1099,39320670,0
1099,41942048,0
1099,44563426,0
1099,47184804,0
1099,49806182,0
1099,52427560,0
1100,2621378,3924
1100,5242756,0
1100,7864134,0
1100,10485512,0
1100,13106890,0
1100,15728268,0
1100,18349646,0
1100,20971024,0
1100,23592402,0
1100,26213780,0
1100,28835158,0
1100,31456536,0
1100,34077914,0
1100,36699292,316
1100,39320670,0
1100,41942048,0
1100,44563426,0
1100,47184804,0
1100,49806182,0
1100,52427560,0
1101,2621378,4750
1101,5242756,0
1101,7864134,0
1101,10485512,0
1101,13106890,0
1101,15728268,0
1101,18349646,0
1101,20971024,0
1101,23592402,0
1101,26213780,0
1101,28835158,0
1101,31456536,0
1101,34077914,0
1101,36699292,0
1101,39320670,0
1101,41942048,0
1101,44563426,0
1101,47184804,0
1101,49806182,0
1101,52427560,0
1102,2621378,522
1102,5242756,0
1102,7864134,0
1102,10485512,0
1102,13106890,0
1102,15728268,0
1102,18349646,0
1102,20971024,0
1102,23592402,0
1102,26213780,0
1102,28835158,0
1102,31456536,0
1102,34077914,0
1102,36699292,237
1102,39320670,0
1102,41942048,0
1102,44563426,0
1102,47184804,0
1102,49806182,0
1102,52427560,0
1103,2621378,4800
1103,5242756,0
1103,7864134,0
1103,10485512,0
1103,13106890,0
1103,15728268,0
1103,18349646,0
1103,20971024,0
1103,23592402,0
1103,26213780,0
1103,28835158,0
1103,31456536,0
1103,34077914,0
1103,36699292,84
1103,39320670,0
1103,41942048,0
1103,44563426,0
1103,47184804,0
1103,49806182,0
1103,52427560,0
1104,2621378,4465
1104,5242756,0
1104,7864134,0
1104,10485512,0
1104,13106890,0
1104,15728268,0
1104,18349646,0
1104,20971024,0
1104,23592402,0
1104,26213780,0
1104,28835158,0
1104,31456536,0
1104,34077914,0
1104,36699292,95
1104,39320670,39
1104,41942048,0
1104,44563426,0
1104,47184804,0
1104,49806182,0
1104,52427560,0
1105,2621378,3463
1105,5242756,0
1105,7864134,0
1105,10485512,0
1105,13106890,0
1105,15728268,0
1105,18349646,0
1105,20971024,0
1105,23592402,0
1105,26213780,0
1105,28835158,0
1105,31456536,0
1105,34077914,0
1105,36699292,0
1105,39320670,148
1105,41942048,0
1105,44563426,0
1105,47184804,0
1105,49806182,0
1105,52427560,0
1106,2621378,5919
1106,5242756,0
1106,7864134,0
1106,10485512,0
1106,13106890,0
1106,15728268,0
1106,18349646,0
1106,20971024,0
1106,23592402,0
1106,26213780,0
1106,28835158,0
1106,31456536,0
1106,34077914,0
1106,36699292,0
1106,39320670,122
1106,41942048,0
1106,44563426,0
1106,47184804,0
1106,49806182,0
1106,52427560,0
1107,2621378,4993
1107,5242756,0
1107,7864134,0
1107,10485512,0
1107,13106890,0
1107,15728268,0
1107,18349646,0
1107,20971024,0
1107,23592402,0
1107,26213780,0
1107,28835158,0
1107,31456536,0
1107,34077914,0
1107,36699292,32586
1107,39320670,19410
1107,41942048,0
1107,44563426,0
1107,47184804,0
1107,49806182,0
1107,52427560,0
1108,2621378,3749
1108,5242756,0
1108,7864134,0
1108,10485512,0
1108,13106890,0
1108,15728268,0
1108,18349646,0
1108,20971024,0
1108,23592402,0
1108,26213780,0
1108,28835158,0
1108,31456536,0
1108,34077914,0
1108,36699292,36298
1108,39320670,21874
1108,41942048,0
1108,44563426,0
1108,47184804,0
1108,49806182,0
1108,52427560,0
1109,2621378,2621
1109,5242756,0
1109,7864134,0
1109,10485512,0
1109,13106890,0
1109,15728268,0
1109,18349646,0
1109,20971024,0
1109,23592402,0
1109,26213780,0
1109,28835158,0
1109,31456536,0
1109,34077914,0
1109,36699292,40458
1109,39320670,24261
1109,41942048,0
1109,44563426,0
1109,47184804,0
1109,49806182,0
1109,52427560,0
1110,2621378,711
1110,5242756,0
1110,7864134,0
1110,10485512,0
1110,13106890,0
1110,15728268,0
1110,18349646,0
1110,20971024,0
1110,23592402,0
1110,26213780,0
1110,28835158,0
1110,31456536,0
1110,34077914,0
1110,36699292,51655
1110,39320670,31104
1110,41942048,0
1110,44563426,0
1110,47184804,0
1110,49806182,0
1110,52427560,0
1111,2621378,797
1111,5242756,0
1111,7864134,0
1111,10485512,0
1111,13106890,0
1111,15728268,0
1111,18349646,0
1111,20971024,0
1111,23592402,0
1111,26213780,0
1111,28835158,0
1111,31456536,0
1111,34077914,0
1111,36699292,51484
1111,39320670,30891
1111,41942048,0
1111,44563426,0
1111,47184804,0
1111,49806182,0
1111,52427560,0
1112,2621378,713
1112,5242756,0
1112,7864134,0
1112,10485512,0
1112,13106890,0
1112,15728268,0
1112,18349646,0
1112,20971024,0
1112,23592402,0
1112,26213780,0
1112,28835158,0
1112,31456536,0
1112,34077914,0
1112,36699292,51145
1112,39320670,30540
1112,41942048,0
1112,44563426,0
1112,47184804,0
1112,49806182,0
1112,52427560,0
1113,2621378,779
1113,5242756,0
1113,7864134,0
1113,10485512,0
1113,13106890,0
1113,15728268,0
1113,18349646,0
1113,20971024,0
1113,23592402,0
1113,26213780,0
1113,28835158,0
1113,31456536,0
1113,34077914,0
1113,36699292,51998
1113,39320670,31087
1113,41942048,0
1113,44563426,0
1113,47184804,0
1113,49806182,0
1113,52427560,0
1114,2621378,806
1114,5242756,0
1114,7864134,0
1114,10485512,0
1114,13106890,0
1114,15728268,0
1114,18349646,0
1114,20971024,0
1114,23592402,0
1114,26213780,0
1114,28835158,0
1114,31456536,0
1114,34077914,0
1114,36699292,51834
1114,39320670,30871
1114,41942048,0
1114,44563426,0
1114,47184804,0
1114,49806182,0
1114,52427560,0
1115,2621378,1910
1115,5242756,0
1115,7864134,0
1115,10485512,0
1115,13106890,0
1115,15728268,0
1115,18349646,0
1115,20971024,0
1115,23592402,0
1115,26213780,0
1115,28835158,0
1115,31456536,0
1115,34077914,0
1115,36699292,47166
1115,39320670,28382
1115,41942048,0
1115,44563426,0
1115,47184804,0
1115,49806182,0
1115,52427560,0
1116,2621378,4723
1116,5242756,0
1116,7864134,0
1116,10485512,0
1116,13106890,0
1116,15728268,0
1116,18349646,0
1116,20971024,0
1116,23592402,0
1116,26213780,0
1116,28835158,0
1116,31456536,0
1116,34077914,0
1116,36699292,34082
1116,39320670,20827
1116,41942048,0
1116,44563426,0
1116,47184804,0
1116,49806182,0
1116,52427560,0
1117,2621378,4009
1117,5242756,0
1117,7864134,0
1117,10485512,0
1117,13106890,0
1117,15728268,0
1117,18349646,0
1117,20971024,0
1117,23592402,0
1117,26213780,0
1117,28835158,0
1117,31456536,0
1117,34077914,0
1117,36699292,36566
1117,39320670,21994
1117,41942048,0
1117,44563426,0
1117,47184804,0
1117,49806182,0
1117,52427560,0
1118,2621378,3128
1118,5242756,0
1118,7864134,0
1118,10485512,0
1118,13106890,0
1118,15728268,0
1118,18349646,0
1118,20971024,0
1118,23592402,0
1118,26213780,0
1118,28835158,0
1118,31456536,0
1118,34077914,0
1118,36699292,40670
1118,39320670,24106
1118,41942048,0
1118,44563426,0
1118,47184804,0
1118,49806182,0
1118,52427560,0
1119,2621378,732
1119,5242756,0
1119,7864134,0
1119,10485512,0
1119,13106890,0
1119,15728268,0
1119,18349646,0
1119,20971024,0
1119,23592402,0
1119,26213780,0
1119,28835158,0
1119,31456536,0
1119,34077914,0
1119,36699292,51396
1119,39320670,30606
1119,41942048,0
1119,44563426,0
1119,47184804,0
1119,49806182,0
1119,52427560,0
1120,2621378,732
1120,5242756,0
1120,7864134,0
1120,10485512,0
1120,13106890,0
1120,15728268,0
1120,18349646,0
1120,20971024,0
1120,23592402,0
1120,26213780,0
1120,28835158,0
1120,31456536,0
1120,34077914,0
1120,36699292,51852
1120,39320670,30741
1120,41942048,0
1120,44563426,0
1120,47184804,0
1120,49806182,0
1120,52427560,0
1121,2621378,1629
1121,5242756,0
1121,7864134,0
1121,10485512,0
1121,13106890,0
1121,15728268,0
1121,18349646,0
1121,20971024,0
1121,23592402,0
1121,26213780,0
1121,28835158,0
1121,31456536,0
1121,34077914,0
1121,36699292,47408
1121,39320670,28382
1121,41942048,0
1121,44563426,0
1121,47184804,0
1121,49806182,0
1121,52427560,0
1122,2621378,4963
1122,5242756,0
1122,7864134,0
1122,10485512,0
1122,13106890,0
1122,15728268,0
1122,18349646,0
1122,20971024,0
1122,23592402,0
1122,26213780,0
1122,28835158,0
1122,31456536,0
1122,34077914,0
1122,36699292,31616
1122,39320670,18931
1122,41942048,0
1122,44563426,0
1122,47184804,0
1122,49806182,0
1122,52427560,0
1123,2621378,5912
1123,5242756,0
1123,7864134,0
1123,10485512,0
1123,13106890,0
1123,15728268,0
1123,18349646,0
1123,20971024,0
1123,23592402,0
1123,26213780,0
1123,28835158,0
1123,31456536,0
1123,34077914,0
1123,36699292,31206
1123,39320670,18648
1123,41942048,0
1123,44563426,0
1123,47184804,0
1123,49806182,0
1123,52427560,0
1124,2621378,5679
1124,5242756,0
1124,7864134,0
1124,10485512,0
1124,13106890,0
1124,15728268,0
1124,18349646,0
1124,20971024,0
1124,23592402,0
1124,26213780,0
1124,28835158,0
1124,31456536,0
1124,34077914,0
1124,36699292,31635
1124,39320670,18906
1124,41942048,0
1124,44563426,0
1124,47184804,0
1124,49806182,0
1124,52427560,0
1125,2621378,5258
1125,5242756,0
1125,7864134,0
1125,10485512,0
1125,13106890,0
1125,15728268,0
1125,18349646,0
1125,20971024,0
1125,23592402,0
1125,26213780,0
1125,28835158,0
1125,31456536,0
1125,34077914,0
1125,36699292,32985
1125,39320670,19780
1125,41942048,0
1125,44563426,0
1125,47184804,0
1125,49806182,0
1125,52427560,0
1126,2621378,5782
1126,5242756,0
1126,7864134,0
1126,10485512,0
1126,13106890,0
1126,15728268,0
1126,18349646,0
1126,20971024,0
1126,23592402,0
1126,26213780,0
1126,28835158,0
1126,31456536,0
1126,34077914,0
1126,36699292,30638
1126,39320670,18123
1126,41942048,0
1126,44563426,0
1126,47184804,0
1126,49806182,0
1126,52427560,0
1127,2621378,11690
1127,5242756,0
1127,7864134,0
1127,10485512,0
1127,13106890,0
1127,15728268,0
1127,18349646,0
1127,20971024,0
1127,23592402,0
1127,26213780,0
1127,28835158,0
1127,31456536,0
1127,34077914,0
1127,36699292,5414
1127,39320670,3320
1127,41942048,0
1127,44563426,0
1127,47184804,0
1127,49806182,0
1127,52427560,0
1128,2621378,17721
1128,5242756,0
1128,7864134,0
1128,10485512,0
1128,13106890,0
1128,15728268,0
1128,18349646,0
1128,20971024,0
1128,23592402,0
1128,26213780,0
1128,28835158,0
1128,31456536,0
1128,34077914,0
1128,36699292,0
1128,39320670,0
1128,41942048,0
1128,44563426,0
1128,47184804,0
1128,49806182,0
1128,52427560,0
1129,2621378,17812
1129,5242756,0
1129,7864134,0
1129,10485512,0
1129,13106890,0
1129,15728268,0
1129,18349646,0
1129,20971024,0
1129,23592402,0
1129,26213780,0
1129,28835158,0
1129,31456536,0
1129,34077914,0
1129,36699292,0
1129,39320670,0
1129,41942048,0
1129,44563426,0
1129,47184804,0
1129,49806182,0
1129,52427560,0
1130,2621378,17837
1130,5242756,0
1130,7864134,0
1130,10485512,0
1130,13106890,0
1130,15728268,0
1130,18349646,0
1130,20971024,0
1130,23592402,0
1130,26213780,0
1130,28835158,0
1130,31456536,0
1130,34077914,0
1130,36699292,0
1130,39320670,0
1130,41942048,0
1130,44563426,0
1130,47184804,0
1130,49806182,0
1130,52427560,0
1131,2621378,17215
1131,5242756,0
1131,7864134,0
1131,10485512,0
1131,13106890,0
1131,15728268,0
1131,18349646,0
1131,20971024,0
1131,23592402,0
1131,26213780,0
1131,28835158,0
1131,31456536,0
1131,34077914,0
1131,36699292,0
1131,39320670,32
1131,41942048,0
1131,44563426,0
1131,47184804,0
1131,49806182,0
1131,52427560,0
1132,2621378,17403
1132,5242756,0
1132,7864134,0
1132,10485512,0
1132,13106890,0
1132,15728268,0
1132,18349646,0
1132,20971024,0
1132,23592402,0
1132,26213780,0
1132,28835158,0
1132,31456536,0
1132,34077914,0
1132,36699292,0
1132,39320670,0
1132,41942048,0
1132,44563426,0
1132,47184804,0
1132,49806182,0
1132,52427560,0
1133,2621378,16746
1133,5242756,0
1133,7864134,0
1133,10485512,0
1133,13106890,0
1133,15728268,0
1133,18349646,0
1133,20971024,0
1133,23592402,0
1133,26213780,0
1133,28835158,0
1133,31456536,0
1133,34077914,0
1133,36699292,0
1133,39320670,0
1133,41942048,0
1133,44563426,0
1133,47184804,0
1133,49806182,0
1133,52427560,0
1134,2621378,17106
1134,5242756,231
1134,7864134,0
1134,10485512,0
1134,13106890,0
1134,15728268,0
1134,18349646,0
1134,20971024,0
1134,23592402,0
1134,26213780,0
1134,28835158,0
1134,31456536,0
1134,34077914,0
1134,36699292,0
1134,39320670,0
1134,41942048,0
1134,44563426,0
1134,47184804,0
1134,49806182,0
1134,52427560,0
1135,2621378,0
1135,5242756,16274
1135,7864134,0
1135,10485512,0
1135,13106890,0
1135,15728268,0
1135,18349646,0
1135,20971024,0
1135,23592402,0
1135,26213780,0
1135,28835158,0
1135,31456536,0
1135,34077914,0
1135,36699292,0
1135,39320670,0
1135,41942048,0
1135,44563426,0
1135,47184804,0
1135,49806182,0
1135,52427560,0
1136,2621378,0
1136,5242756,15533
1136,7864134,0
1136,10485512,0
1136,13106890,0
1136,15728268,0
1136,18349646,0
1136,20971024,0
1136,23592402,0
1136,26213780,0
1136,28835158,0
1136,31456536,0
1136,34077914,0
1136,36699292,0
1136,39320670,60
1136,41942048,0
1136,44563426,0
1136,47184804,0
1136,49806182,0
1136,52427560,0
1137,2621378,0
1137,5242756,17309
1137,7864134,0
1137,10485512,0
1137,13106890,0
1137,15728268,0
1137,18349646,0
1137,20971024,0
1137,23592402,0
1137,26213780,0
1137,28835158,0
1137,31456536,0
1137,34077914,0
1137,36699292,0
1137,39320670,0
1137,41942048,0
1137,44563426,0
1137,47184804,0
1137,49806182,0
1137,52427560,0
1138,2621378,0
1138,5242756,17935
1138,7864134,0
1138,10485512,0
1138,13106890,0
1138,15728268,0
1138,18349646,0
1138,20971024,0
1138,23592402,0
1138,26213780,0
1138,28835158,0
1138,31456536,0
1138,34077914,0
1138,36699292,0
1138,39320670,0
1138,41942048,0
1138,44563426,0
1138,47184804,0
1138,49806182,0
1138,52427560,0
1139,2621378,0
1139,5242756,17913
1139,7864134,0
1139,10485512,0
1139,13106890,0
1139,15728268,0
1139,18349646,0
1139,20971024,0
1139,23592402,0
1139,26213780,0
1139,28835158,0
1139,31456536,0
1139,34077914,0
1139,36699292,0
1139,39320670,0
1139,41942048,0
1139,44563426,0
1139,47184804,0
1139,49806182,0
1139,52427560,0
1140,2621378,0
1140,5242756,16874
1140,7864134,0
1140,10485512,0
1140,13106890,0
1140,15728268,0
1140,18349646,0
1140,20971024,0
1140,23592402,0
1140,26213780,0
1140,28835158,0
1140,31456536,0
1140,34077914,0
1140,36699292,0
1140,39320670,0
1140,41942048,0
1140,44563426,0
1140,47184804,0
1140,49806182,0
1140,52427560,0
1141,2621378,0
1141,5242756,12529
1141,7864134,0
1141,10485512,0
1141,13106890,0
1141,15728268,0
1141,18349646,0
1141,20971024,0
1141,23592402,0
1141,26213780,0
1141,28835158,0
1141,31456536,0
1141,34077914,0
1141,36699292,0
1141,39320670,0
1141,41942048,0
1141,44563426,0
1141,47184804,0
1141,49806182,0
1141,52427560,0
1142,2621378,0
1142,5242756,8237
1142,7864134,0
1142,10485512,0
1142,13106890,0
1142,15728268,0
1142,18349646,0
1142,20971024,0
1142,23592402,0
1142,26213780,0
1142,28835158,8822
1142,31456536,0
1142,34077914,0
1142,36699292,0
1142,39320670,0
1142,41942048,0
1142,44563426,0
1142,47184804,0
1142,49806182,0
1142,52427560,0
1143,2621378,0
1143,5242756,291
1143,7864134,0
1143,10485512,0
1143,13106890,0
1143,15728268,0
1143,18349646,0
1143,20971024,0
1143,23592402,0
1143,26213780,0
1143,28835158,27390
1143,31456536,0
1143,34077914,0
1143,36699292,0
1143,39320670,0
1143,41942048,0
1143,44563426,0
1143,47184804,0
1143,49806182,0
1143,52427560,0
1144,2621378,0
1144,5242756,305
1144,7864134,0
1144,10485512,0
1144,13106890,0
1144,15728268,0
1144,18349646,0
1144,20971024,0
1144,23592402,0
1144,26213780,0
1144,28835158,20309
1144,31456536,0
1144,34077914,0
1144,36699292,0
1144,39320670,0
1144,41942048,0
1144,44563426,0
1144,47184804,0
1144,49806182,0
1144,52427560,0
1145,2621378,0
1145,5242756,83
1145,7864134,0
1145,10485512,0
1145,13106890,0
1145,15728268,0
1145,18349646,0
1145,20971024,0
1145,23592402,0
1145,26213780,0
1145,28835158,14304
1145,31456536,806
1145,34077914,0
1145,36699292,0
1145,39320670,0
1145,41942048,0
1145,44563426,0
1145,47184804,0
1145,49806182,0
1145,52427560,0
1146,2621378,0
1146,5242756,182
1146,7864134,0
1146,10485512,0
1146,13106890,0
1146,15728268,0
1146,18349646,0
1146,20971024,0
1146,23592402,0
1146,26213780,0
1146,28835158,6720
1146,31456536,8394
1146,34077914,0
1146,36699292,0
1146,39320670,0
1146,41942048,0
1146,44563426,0
1146,47184804,0
1146,49806182,0
1146,52427560,0
1147,2621378,0
1147,5242756,130
1147,7864134,0
1147,10485512,0
1147,13106890,0
1147,15728268,0
1147,18349646,0
1147,20971024,0
1147,23592402,0
1147,26213780,0
1147,28835158,600
1147,31456536,12985
1147,34077914,0
1147,36699292,0
1147,39320670,0
1147,41942048,0
1147,44563426,0
1147,47184804,0
1147,49806182,0
1147,52427560,0
1148,2621378,0
1148,5242756,166
1148,7864134,0
1148,10485512,0
1148,13106890,0
1148,15728268,0
1148,18349646,0
1148,20971024,0
1148,23592402,0
1148,26213780,0
1148,28835158,0
1148,31456536,23390
1148,34077914,0
1148,36699292,0
1148,39320670,0
1148,41942048,0
1148,44563426,0
1148,47184804,0
1148,49806182,0
1148,52427560,0
1149,2621378,0
1149,5242756,419
1149,7864134,0
1149,10485512,0
1149,13106890,0
1149,15728268,0
1149,18349646,0
1149,20971024,0
1149,23592402,0
1149,26213780,0
1149,28835158,0
1149,31456536,27318
1149,34077914,1220
1149,36699292,0
1149,39320670,0
1149,41942048,0
1149,44563426,0
1149,47184804,0
1149,49806182,0
1149,52427560,0
1150,2621378,0
1150,5242756,451
1150,7864134,0
1150,10485512,0
1150,13106890,0
1150,15728268,0
1150,18349646,0
1150,20971024,0
1150,23592402,0
1150,26213780,0
1150,28835158,0
1150,31456536,7210
1150,34077914,21826
1150,36699292,0
1150,39320670,0
1150,41942048,0
1150,44563426,0
1150,47184804,0
1150,49806182,0
1150,52427560,0
1151,2621378,0
1151,5242756,438
1151,7864134,0
1151,10485512,0
1151,13106890,0
1151,15728268,0
1151,18349646,0
1151,20971024,0
1151,23592402,0
1151,26213780,0
1151,28835158,0
1151,31456536,0
1151,34077914,29402
1151,36699292,0
1151,39320670,0
1151,41942048,0
1151,44563426,0
1151,47184804,0
1151,49806182,0
1151,52427560,0
1152,2621378,0
1152,5242756,440
1152,7864134,0
1152,10485512,0
1152,13106890,0
1152,15728268,0
1152,18349646,0
1152,20971024,0
1152,23592402,0
1152,26213780,0
1152,28835158,0
1152,31456536,0
1152,34077914,30351
1152,36699292,0
1152,39320670,0
1152,41942048,0
1152,44563426,0
1152,47184804,0
1152,49806182,0
1152,52427560,0
1153,2621378,0
1153,5242756,427
1153,7864134,0
1153,10485512,0
1153,13106890,0
1153,15728268,0
1153,18349646,0
1153,20971024,0
1153,23592402,0
1153,26213780,0
1153,28835158,0
1153,31456536,0
1153,34077914,28071
1153,36699292,1724
1153,39320670,0
1153,41942048,0
1153,44563426,0
1153,47184804,0
1153,49806182,0
1153,52427560,0
1154,2621378,0
1154,5242756,323
1154,7864134,0
1154,10485512,0
1154,13106890,0
1154,15728268,0
1154,18349646,0
1154,20971024,0
1154,23592402,0
1154,26213780,0
1154,28835158,2544
1154,31456536,0
1154,34077914,5190
1154,36699292,14946
1154,39320670,0
1154,41942048,0
1154,44563426,0
1154,47184804,0
1154,49806182,0
1154,52427560,0
1155,2621378,0
1155,5242756,304
1155,7864134,0
1155,10485512,0
1155,13106890,0
1155,15728268,0
1155,18349646,0
1155,20971024,0
1155,23592402,0
1155,26213780,0
1155,28835158,17472
1155,31456536,0
1155,34077914,0
1155,36699292,6027
1155,39320670,0
1155,41942048,0
1155,44563426,0
1155,47184804,0
1155,49806182,0
1155,52427560,0
1156,2621378,0
1156,5242756,308
1156,7864134,0
1156,10485512,0
1156,13106890,0
1156,15728268,0
1156,18349646,0
1156,20971024,0
1156,23592402,0
1156,26213780,0
1156,28835158,21814
1156,31456536,0
1156,34077914,0
1156,36699292,27
1156,39320670,0
1156,41942048,0
1156,44563426,0
1156,47184804,0
1156,49806182,0
1156,52427560,0
1157,2621378,0
1157,5242756,250
1157,7864134,0
1157,10485512,0
1157,13106890,0
1157,15728268,0
1157,18349646,0
1157,20971024,0
1157,23592402,0
1157,26213780,0
1157,28835158,18280
1157,31456536,169
1157,34077914,0
1157,36699292,0
1157,39320670,0
1157,41942048,0
1157,44563426,0
1157,47184804,0
1157,49806182,0
1157,52427560,0
1158,2621378,0
1158,5242756,215
1158,7864134,0
1158,10485512,0
1158,13106890,0
1158,15728268,0
1158,18349646,0
1158,20971024,0
1158,23592402,0
1158,26213780,0
1158,28835158,9929
1158,31456536,4401
1158,34077914,0
1158,36699292,0
1158,39320670,0
1158,41942048,0
1158,44563426,0
1158,47184804,0
1158,49806182,0
1158,52427560,0
1159,2621378,0
1159,5242756,204
1159,7864134,0
1159,10485512,0
1159,13106890,0
1159,15728268,0
1159,18349646,0
1159,20971024,0
1159,23592402,0
1159,26213780,0
1159,28835158,5133
1159,31456536,8980
1159,34077914,0
1159,36699292,0
1159,39320670,0
1159,41942048,0
1159,44563426,0
1159,47184804,0
1159,49806182,0
1159,52427560,0
1160,2621378,0
1160,5242756,274
1160,7864134,0
1160,10485512,0
1160,13106890,0
1160,15728268,0
1160,18349646,0
1160,20971024,0
1160,23592402,0
1160,26213780,0
1160,28835158,2338
1160,31456536,14170
1160,34077914,0
1160,36699292,0
1160,39320670,0
1160,41942048,0
1160,44563426,0
1160,47184804,0
1160,49806182,0
1160,52427560,0
1161,2621378,0
1161,5242756,909
1161,7864134,0
1161,10485512,0
1161,13106890,0
1161,15728268,0
1161,18349646,0
1161,20971024,0
1161,23592402,0
1161,26213780,0
1161,28835158,124
1161,31456536,25791
1161,34077914,560
1161,36699292,0
1161,39320670,0
1161,41942048,0
1161,44563426,0
1161,47184804,0
1161,49806182,0
1161,52427560,0
1162,2621378,0
1162,5242756,3311
1162,7864134,0
1162,10485512,0
1162,13106890,0
1162,15728268,0
1162,18349646,0
1162,20971024,0
1162,23592402,0
1162,26213780,0
1162,28835158,0
1162,31456536,15073
1162,34077914,5320
1162,36699292,0
1162,39320670,6
1162,41942048,0
1162,44563426,0
1162,47184804,0
1162,49806182,0
1162,52427560,0
1163,2621378,0
1163,5242756,10388
1163,7864134,0
1163,10485512,0
1163,13106890,0
1163,15728268,0
1163,18349646,0
1163,20971024,0
1163,23592402,0
1163,26213780,0
1163,28835158,0
1163,31456536,0
1163,34077914,0
1163,36699292,0
1163,39320670,0
1163,41942048,0
1163,44563426,0
1163,47184804,0
1163,49806182,0
1163,52427560,0
1164,2621378,0
1164,5242756,10389
1164,7864134,0
1164,10485512,0
1164,13106890,0
1164,15728268,0
1164,18349646,0
1164,20971024,0
1164,23592402,0
1164,26213780,0
1164,28835158,0
1164,31456536,0
1164,34077914,0
1164,36699292,0
1164,39320670,0
1164,41942048,0
1164,44563426,0
1164,47184804,0
1164,49806182,0
1164,52427560,0
1165,2621378,0
1165,5242756,10460
1165,7864134,0
1165,10485512,0
1165,13106890,0
1165,15728268,0
1165,18349646,0
1165,20971024,0
1165,23592402,0
1165,26213780,0
1165,28835158,0
1165,31456536,0
1165,34077914,0
1165,36699292,0
1165,39320670,0
1165,41942048,0
1165,44563426,0
1165,47184804,0
1165,49806182,0
1165,52427560,0
1166,2621378,0
1166,5242756,10559
1166,7864134,0
1166,10485512,0
1166,13106890,0
1166,15728268,0
1166,18349646,0
1166,20971024,0
1166,23592402,0
1166,26213780,0
1166,28835158,0
1166,31456536,0
1166,34077914,0
1166,36699292,0
1166,39320670,0
1166,41942048,0
1166,44563426,0
1166,47184804,0
1166,49806182,0
1166,52427560,0
1167,2621378,0
1167,5242756,10210
1167,7864134,0
1167,10485512,0
1167,13106890,0
1167,15728268,0
1167,18349646,0
1167,20971024,0
1167,23592402,0
1167,26213780,0
1167,28835158,0
1167,31456536,0
1167,34077914,0
1167,36699292,0
1167,39320670,32
1167,41942048,0
1167,44563426,0
1167,47184804,0
1167,49806182,0
1167,52427560,0
1168,2621378,0
1168,5242756,10358
1168,7864134,0
1168,10485512,0
1168,13106890,0
1168,15728268,0
1168,18349646,0
1168,20971024,0
1168,23592402,0
1168,26213780,0
1168,28835158,0
1168,31456536,0
1168,34077914,0
1168,36699292,0
1168,39320670,0
1168,41942048,0
1168,44563426,0
1168,47184804,0
1168,49806182,0
1168,52427560,0
1169,2621378,0
1169,5242756,11146
1169,7864134,0
1169,10485512,0
1169,13106890,0
1169,15728268,0
1169,18349646,0
1169,20971024,0
1169,23592402,0
1169,26213780,0
1169,28835158,0
1169,31456536,0
1169,34077914,0
1169,36699292,0
1169,39320670,0
1169,41942048,0
1169,44563426,0
1169,47184804,0
1169,49806182,0
1169,52427560,0
1170,2621378,0
1170,5242756,17933
1170,7864134,0
1170,10485512,0
1170,13106890,0
1170,15728268,0
1170,18349646,0
1170,20971024,0
1170,23592402,0
1170,26213780,0
1170,28835158,0
1170,31456536,0
1170,34077914,0
1170,36699292,0
1170,39320670,0
1170,41942048,0
1170,44563426,0
1170,47184804,0
1170,49806182,0
1170,52427560,0
1171,2621378,0
1171,5242756,17809
1171,7864134,0
1171,10485512,0
1171,13106890,0
1171,15728268,0
1171,18349646,0
1171,20971024,0
1171,23592402,0
1171,26213780,0
1171,28835158,0
1171,31456536,0
1171,34077914,0
1171,36699292,0
1171,39320670,0
1171,41942048,0
1171,44563426,0
1171,47184804,0
1171,49806182,0
1171,52427560,0
1172,2621378,0
1172,5242756,16912
1172,7864134,0
1172,10485512,0
1172,13106890,0
1172,15728268,0
1172,18349646,0
1172,20971024,0
1172,23592402,0
1172,26213780,0
1172,28835158,0
1172,31456536,0
1172,34077914,0
1172,36699292,0
1172,39320670,0
1172,41942048,0
1172,44563426,0
1172,47184804,0
1172,49806182,0
1172,52427560,0
1173,2621378,0
1173,5242756,10971
1173,7864134,0
1173,10485512,0
1173,13106890,0
1173,15728268,0
1173,18349646,0
1173,20971024,0
1173,23592402,0
1173,26213780,0
1173,28835158,0
1173,31456536,0
1173,34077914,0
1173,36699292,0
1173,39320670,0
1173,41942048,0
1173,44563426,0
1173,47184804,0
1173,49806182,0
1173,52427560,0
1174,2621378,0
1174,5242756,17874
1174,7864134,0
1174,10485512,0
1174,13106890,0
1174,15728268,0
1174,18349646,0
1174,20971024,0
1174,23592402,0
1174,26213780,0
1174,28835158,0
1174,31456536,0
1174,34077914,0
1174,36699292,0
1174,39320670,0
1174,41942048,0
1174,44563426,0
1174,47184804,0
1174,49806182,0
1174,52427560,0
1175,2621378,0
1175,5242756,17864
1175,7864134,0
1175,10485512,0
1175,13106890,0
1175,15728268,0
1175,18349646,0
1175,20971024,0
1175,23592402,0
1175,26213780,0
1175,28835158,0
1175,31456536,0
1175,34077914,0
1175,36699292,0
1175,39320670,0
1175,41942048,0
1175,44563426,0
1175,47184804,0
1175,49806182,0
1175,52427560,0
1176,2621378,0
1176,5242756,17840
1176,7864134,0
1176,10485512,0
1176,13106890,0
1176,15728268,0
1176,18349646,0
1176,20971024,0
1176,23592402,0
1176,26213780,0
1176,28835158,0
1176,31456536,0
1176,34077914,0
1176,36699292,0
1176,39320670,0
1176,41942048,0
1176,44563426,0
1176,47184804,0
1176,49806182,0
1176,52427560,0
1177,2621378,0
1177,5242756,10663
1177,7864134,0
1177,10485512,0
1177,13106890,0
1177,15728268,0
1177,18349646,0
1177,20971024,0
1177,23592402,0
1177,26213780,0
1177,28835158,0
1177,31456536,0
1177,34077914,0
1177,36699292,0
1177,39320670,0
1177,41942048,0
1177,44563426,0
1177,47184804,0
1177,49806182,0
1177,52427560,0
1178,2621378,0
1178,5242756,10467
1178,7864134,0
1178,10485512,0
1178,13106890,0
1178,15728268,0
1178,18349646,0
1178,20971024,0
1178,23592402,0
1178,26213780,0
1178,28835158,0
1178,31456536,0
1178,34077914,0
1178,36699292,0
1178,39320670,0
1178,41942048,0
1178,44563426,0
1178,47184804,0
1178,49806182,0
1178,52427560,0
1179,2621378,0
1179,5242756,10513
1179,7864134,0
1179,10485512,0
1179,13106890,0
1179,15728268,0
1179,18349646,0
1179,20971024,0
1179,23592402,0
1179,26213780,0
1179,28835158,0
1179,31456536,0
1179,34077914,0
1179,36699292,0
1179,39320670,0
1179,41942048,0
1179,44563426,0
1179,47184804,0
1179,49806182,0
1179,52427560,0
1180,2621378,0
1180,5242756,10284
1180,7864134,0
1180,10485512,0
1180,13106890,0
1180,15728268,0
1180,18349646,0
1180,20971024,0
1180,23592402,0
1180,26213780,0
1180,28835158,0
1180,31456536,0
1180,34077914,0
1180,36699292,0
1180,39320670,0
1180,41942048,0
1180,44563426,0
1180,47184804,0
1180,49806182,0
1180,52427560,0
1181,2621378,0
1181,5242756,10317
1181,7864134,0
1181,10485512,0
1181,13106890,0
1181,15728268,0
1181,18349646,0
1181,20971024,0
1181,23592402,0
1181,26213780,0
1181,28835158,0
1181,31456536,0
1181,34077914,0
1181,36699292,0
1181,39320670,0
1181,41942048,0
1181,44563426,0
1181,47184804,0
1181,49806182,0
1181,52427560,0
1182,2621378,0
1182,5242756,11300
1182,7864134,0
1182,10485512,0
1182,13106890,0
1182,15728268,0
1182,18349646,0
1182,20971024,0
1182,23592402,0
1182,26213780,0
1182,28835158,0
1182,31456536,0
1182,34077914,0
1182,36699292,0
1182,39320670,0
1182,41942048,0
1182,44563426,0
1182,47184804,0
1182,49806182,0
1182,52427560,0
1183,2621378,0
1183,5242756,9083
1183,7864134,0
1183,10485512,0
1183,13106890,0
1183,15728268,0
1183,18349646,0
1183,20971024,0
1183,23592402,0
1183,26213780,0
1183,28835158,0
1183,31456536,0
1183,34077914,0
1183,36699292,2873
1183,39320670,1681
1183,41942048,0
1183,44563426,0
1183,47184804,0
1183,49806182,0
1183,52427560,0
1184,2621378,0
1184,5242756,834
1184,7864134,0
1184,10485512,0
1184,13106890,0
1184,15728268,0
1184,18349646,0
1184,20971024,0
1184,23592402,0
1184,26213780,0
1184,28835158,0
1184,31456536,0
1184,34077914,0
1184,36699292,51901
1184,39320670,31079
1184,41942048,0
1184,44563426,0
1184,47184804,0
1184,49806182,0
1184,52427560,0
1185,2621378,0
1185,5242756,761
1185,7864134,0
1185,10485512,0
1185,13106890,0
1185,15728268,0
1185,18349646,0
1185,20971024,0
1185,23592402,0
1185,26213780,0
1185,28835158,0
1185,31456536,0
1185,34077914,0
1185,36699292,51822
1185,39320670,31221
1185,41942048,0
1185,44563426,0
1185,47184804,0
1185,49806182,0
1185,52427560,0
1186,2621378,0
1186,5242756,720
1186,7864134,0
1186,10485512,0
1186,13106890,0
1186,15728268,0
1186,18349646,0
1186,20971024,0
1186,23592402,0
1186,26213780,0
1186,28835158,0
1186,31456536,0
1186,34077914,0
1186,36699292,51336
1186,39320670,30985
1186,41942048,0
1186,44563426,0
1186,47184804,0
1186,49806182,0
1186,52427560,0
1187,2621378,0
1187,5242756,3662
1187,7864134,0
1187,10485512,0
1187,13106890,0
1187,15728268,0
1187,18349646,0
1187,20971024,0
1187,23592402,0
1187,26213780,0
1187,28835158,0
1187,31456536,0
1187,34077914,0
1187,36699292,40898
1187,39320670,24643
1187,41942048,0
1187,44563426,0
1187,47184804,0
1187,49806182,0
1187,52427560,0
1188,2621378,0
1188,5242756,1204
1188,7864134,0
1188,10485512,0
1188,13106890,0
1188,15728268,0
1188,18349646,0
1188,20971024,0
1188,23592402,0
1188,26213780,0
1188,28835158,0
1188,31456536,0
1188,34077914,0
1188,36699292,49578
1188,39320670,29176
1188,41942048,0
1188,44563426,0
1188,47184804,0
1188,49806182,0
1188,52427560,0
1189,2621378,0
1189,5242756,724
1189,7864134,0
1189,10485512,0
1189,13106890,0
1189,15728268,0
1189,18349646,0
1189,20971024,0
1189,23592402,0
1189,26213780,0
1189,28835158,0
1189,31456536,0
1189,34077914,0
1189,36699292,51476
1189,39320670,30876
1189,41942048,0
1189,44563426,0
1189,47184804,0
1189,49806182,0
1189,52427560,0
1190,2621378,0
1190,5242756,735
1190,7864134,0
1190,10485512,0
1190,13106890,0
1190,15728268,0
1190,18349646,0
1190,20971024,0
1190,23592402,0
1190,26213780,0
1190,28835158,0
1190,31456536,0
1190,34077914,0
1190,36699292,51809
1190,39320670,31398
1190,41942048,0
1190,44563426,0
1190,47184804,0
1190,49806182,0
1190,52427560,0
1191,2621378,0
1191,5242756,3121
1191,7864134,0
1191,10485512,0
1191,13106890,0
1191,15728268,0
1191,18349646,0
1191,20971024,0
1191,23592402,0
1191,26213780,0
1191,28835158,0
1191,31456536,0
1191,34077914,0
1191,36699292,34965
1191,39320670,20793
1191,41942048,0
1191,44563426,0
1191,47184804,0
1191,49806182,0
1191,52427560,0
1192,2621378,0
1192,5242756,0
1192,7864134,0
1192,10485512,0
1192,13106890,0
1192,15728268,0
1192,18349646,0
1192,20971024,0
1192,23592402,0
1192,26213780,0
1192,28835158,0
1192,31456536,0
1192,34077914,0
1192,36699292,33915
1192,39320670,20168
1192,41942048,0
1192,44563426,0
1192,47184804,0
1192,49806182,0
1192,52427560,0
1193,2621378,0
1193,5242756,0
1193,7864134,0
1193,10485512,0
1193,13106890,0
1193,15728268,0
1193,18349646,0
1193,20971024,0
1193,23592402,0
1193,26213780,0
1193,28835158,0
1193,31456536,0
1193,34077914,0
1193,36699292,22906
1193,39320670,13929
1193,41942048,0
1193,44563426,0
1193,47184804,0
1193,49806182,0
1193,52427560,0
1194,2621378,0
1194,5242756,0
1194,7864134,0
1194,10485512,0
1194,13106890,0
1194,15728268,0
1194,18349646,0
1194,20971024,0
1194,23592402,0
1194,26213780,0
1194,28835158,0
1194,31456536,0
1194,34077914,0
1194,36699292,20898
1194,39320670,12805
1194,41942048,0
1194,44563426,0
1194,47184804,0
1194,49806182,0
1194,52427560,0
1195,2621378,0
1195,5242756,0
1195,7864134,0
1195,10485512,0
1195,13106890,0
1195,15728268,0
1195,18349646,0
1195,20971024,0
1195,23592402,0
1195,26213780,0
1195,28835158,0
1195,31456536,0
1195,34077914,0
1195,36699292,34194
1195,39320670,20455
1195,41942048,0
1195,44563426,0
1195,47184804,0
1195,49806182,0
1195,52427560,0
1196,2621378,25
1196,5242756,3
1196,7864134,0
1196,10485512,0
1196,13106890,0
1196,15728268,0
1196,18349646,0
1196,20971024,0
1196,23592402,0
1196,26213780,0
1196,28835158,0
1196,31456536,0
1196,34077914,0
1196,36699292,22771
1196,39320670,13484
1196,41942048,0
1196,44563426,0
1196,47184804,0
1196,49806182,0
1196,52427560,0
1197,2621378,0
1197,5242756,0
1197,7864134,0
1197,10485512,0
1197,13106890,0
1197,15728268,0
1197,18349646,0
1197,20971024,0
1197,23592402,0
1197,26213780,0
1197,28835158,0
1197,31456536,0
1197,34077914,0
1197,36699292,17322
1197,39320670,10389
1197,41942048,0
1197,44563426,0
1197,47184804,0
1197,49806182,0
1197,52427560,0
1198,2621378,0
1198,5242756,0
1198,7864134,0
1198,10485512,0
1198,13106890,0
1198,15728268,0
1198,18349646,0
1198,20971024,0
1198,23592402,0
1198,26213780,0
1198,28835158,0
1198,31456536,0
1198,34077914,0
1198,36699292,16605
1198,39320670,9876
1198,41942048,0
1198,44563426,0
1198,47184804,0
1198,49806182,0
1198,52427560,0
1199,2621378,0
1199,5242756,0
1199,7864134,0
1199,10485512,0
1199,13106890,0
1199,15728268,0
1199,18349646,0
1199,20971024,0
1199,23592402,0
1199,26213780,0
1199,28835158,0
1199,31456536,0
1199,34077914,0
1199,36699292,21042
1199,39320670,12773
1199,41942048,67
1199,44563426,0
1199,47184804,0
1199,49806182,0
1199,52427560,0
1200,2621378,0
1200,5242756,0
1200,7864134,0
1200,10485512,0
1200,13106890,0
1200,15728268,0
1200,18349646,0
1200,20971024,0
1200,23592402,0
1200,26213780,0
1200,28835158,0
1200,31456536,0
1200,34077914,0
1200,36699292,18756
1200,39320670,11291
1200,41942048,169
1200,44563426,0
1200,47184804,0
1200,49806182,0
1200,52427560,0
1201,2621378,0
1201,5242756,0
1201,7864134,0
1201,10485512,0
1201,13106890,0
1201,15728268,0
1201,18349646,0
1201,20971024,0
1201,23592402,0
1201,26213780,0
1201,28835158,0
1201,31456536,0
1201,34077914,0
1201,36699292,20860
1201,39320670,12384
1201,41942048,159
1201,44563426,0
1201,47184804,0
1201,49806182,0
1201,52427560,0
1202,2621378,0
1202,5242756,0
1202,7864134,0
1202,10485512,0
1202,13106890,0
1202,15728268,0
1202,18349646,0
1202,20971024,0
1202,23592402,0
1202,26213780,0
1202,28835158,0
1202,31456536,0
1202,34077914,0
1202,36699292,22182
1202,39320670,13071
1202,41942048,152
1202,44563426,0
1202,47184804,0
1202,49806182,0
1202,52427560,0
1203,2621378,1
1203,5242756,0
1203,7864134,0
1203,10485512,0
1203,13106890,0
1203,15728268,0
1203,18349646,0
1203,20971024,0
1203,23592402,0
1203,26213780,0
1203,28835158,0
1203,31456536,0
1203,34077914,0
1203,36699292,17121
1203,39320670,10147
1203,41942048,177
1203,44563426,0
1203,47184804,0
1203,49806182,0
1203,52427560,0
1204,2621378,0
1204,5242756,0
1204,7864134,0
1204,10485512,0
1204,13106890,0
1204,15728268,0
1204,18349646,0
1204,20971024,0
1204,23592402,0
1204,26213780,0
1204,28835158,0
1204,31456536,0
1204,34077914,0
1204,36699292,1971
1204,39320670,1257
1204,41942048,174
1204,44563426,0
1204,47184804,0
1204,49806182,0
1204,52427560,0
1205,2621378,0
1205,5242756,0
1205,7864134,0
1205,10485512,0
1205,13106890,0
1205,15728268,0
1205,18349646,0
1205,20971024,0
1205,23592402,0
1205,26213780,0
1205,28835158,0
1205,31456536,0
1205,34077914,0
1205,36699292,0
1205,39320670,0
1205,41942048,160
1205,44563426,33
1205,47184804,0
1205,49806182,0
1205,52427560,0
1206,2621378,1
1206,5242756,0
1206,7864134,0
1206,10485512,0
1206,13106890,0
1206,15728268,0
1206,18349646,0
1206,20971024,0
1206,23592402,0
1206,26213780,0
1206,28835158,0
1206,31456536,0
1206,34077914,0
1206,36699292,0
1206,39320670,0
1206,41942048,0
1206,44563426,146
1206,47184804,0
1206,49806182,0
1206,52427560,0
1207,2621378,0
1207,5242756,0
1207,7864134,0
1207,10485512,0
1207,13106890,0
1207,15728268,0
1207,18349646,0
1207,20971024,0
1207,23592402,0
1207,26213780,0
1207,28835158,0
1207,31456536,0
1207,34077914,0
1207,36699292,0
1207,39320670,0
1207,41942048,0
1207,44563426,179
1207,47184804,0
1207,49806182,0
1207,52427560,0
1208,2621378,0
1208,5242756,0
1208,7864134,0
1208,10485512,0
1208,13106890,0
1208,15728268,0
1208,18349646,0
1208,20971024,0
1208,23592402,0
1208,26213780,0
1208,28835158,0
1208,31456536,0
1208,34077914,0
1208,36699292,0
1208,39320670,0
1208,41942048,0
1208,44563426,165
1208,47184804,0
1208,49806182,0
1208,52427560,0
1209,2621378,1
1209,5242756,0
1209,7864134,0
1209,10485512,0
1209,13106890,0
1209,15728268,0
1209,18349646,0
1209,20971024,0
1209,23592402,0
1209,26213780,0
1209,28835158,0
1209,31456536,0
1209,34077914,0
1209,36699292,0
1209,39320670,0
1209,41942048,0
1209,44563426,148
1209,47184804,0
1209,49806182,0
1209,52427560,0
1210,2621378,0
1210,5242756,0
1210,7864134,0
1210,10485512,0
1210,13106890,0
1210,15728268,0
1210,18349646,0
1210,20971024,0
1210,23592402,0
1210,26213780,0
1210,28835158,0
1210,31456536,0
1210,34077914,0
1210,36699292,0
1210,39320670,0
1210,41942048,0
1210,44563426,184
1210,47184804,0
1210,49806182,0
1210,52427560,0
1211,2621378,0
1211,5242756,0
1211,7864134,0
1211,10485512,0
1211,13106890,0
1211,15728268,0
1211,18349646,0
1211,20971024,0
1211,23592402,0
1211,26213780,0
1211,28835158,0
1211,31456536,0
1211,34077914,0
1211,36699292,0
1211,39320670,0
1211,41942048,0
1211,44563426,172
1211,47184804,0
1211,49806182,0
1211,52427560,0
1212,2621378,0
1212,5242756,0
1212,7864134,0
1212,10485512,0
1212,13106890,0
1212,15728268,0
1212,18349646,0
1212,20971024,0
1212,23592402,0
1212,26213780,0
1212,28835158,0
1212,31456536,0
1212,34077914,0
1212,36699292,0
1212,39320670,0
1212,41942048,0
1212,44563426,8
1212,47184804,142
1212,49806182,0
1212,52427560,0
1213,2621378,23
1213,5242756,496
1213,7864134,0
1213,10485512,0
1213,13106890,0
1213,15728268,0
1213,18349646,0
1213,20971024,0
1213,23592402,0
1213,26213780,0
1213,28835158,0
1213,31456536,0
1213,34077914,0
1213,36699292,0
1213,39320670,0
1213,41942048,0
1213,44563426,0
1213,47184804,205
1213,49806182,0
1213,52427560,0
1214,2621378,4542
1214,5242756,406
1214,7864134,0
1214,10485512,0
1214,13106890,0
1214,15728268,0
1214,18349646,0
1214,20971024,0
1214,23592402,0
1214,26213780,0
1214,28835158,0
1214,31456536,0
1214,34077914,0
1214,36699292,0
1214,39320670,0
1214,41942048,0
1214,44563426,0
1214,47184804,197
1214,49806182,0
1214,52427560,0
1215,2621378,5615
1215,5242756,0
1215,7864134,0
1215,10485512,0
1215,13106890,0
1215,15728268,0
1215,18349646,0
1215,20971024,0
1215,23592402,0
1215,26213780,0
1215,28835158,0
1215,31456536,0
1215,34077914,0
1215,36699292,0
1215,39320670,0
1215,41942048,0
1215,44563426,0
1215,47184804,198
1215,49806182,0
1215,52427560,0
1216,2621378,4194
1216,5242756,0
1216,7864134,0
1216,10485512,0
1216,13106890,0
1216,15728268,0
1216,18349646,0
1216,20971024,0
1216,23592402,0
1216,26213780,0
1216,28835158,0
1216,31456536,0
1216,34077914,0
1216,36699292,0
1216,39320670,0
1216,41942048,0
1216,44563426,0
1216,47184804,235
1216,49806182,0
1216,52427560,0
1217,2621378,4594
1217,5242756,0
1217,7864134,0
1217,10485512,0
1217,13106890,0
1217,15728268,0
1217,18349646,0
1217,20971024,0
1217,23592402,0
1217,26213780,0
1217,28835158,0
1217,31456536,0
1217,34077914,0
1217,36699292,0
1217,39320670,0
1217,41942048,0
1217,44563426,0
1217,47184804,238
1217,49806182,0
1217,52427560,0
1218,2621378,9231
1218,5242756,0
1218,7864134,0
1218,10485512,0
1218,13106890,0
1218,15728268,0
1218,18349646,0
1218,20971024,0
1218,23592402,0
1218,26213780,0
1218,28835158,0
1218,31456536,0
1218,34077914,0
1218,36699292,0
1218,39320670,0
1218,41942048,0
1218,44563426,0
1218,47184804,258
1218,49806182,10
1218,52427560,0
1219,2621378,7456
1219,5242756,0
1219,7864134,0
1219,10485512,0
1219,13106890,0
1219,15728268,0
1219,18349646,0
1219,20971024,0
1219,23592402,0
1219,26213780,0
1219,28835158,0
1219,31456536,0
1219,34077914,0
1219,36699292,0
1219,39320670,0
1219,41942048,0
1219,44563426,0
1219,47184804,0
1219,49806182,304
1219,52427560,0
1220,2621378,4114
1220,5242756,0
1220,7864134,0
1220,10485512,0
1220,13106890,0
1220,15728268,0
1220,18349646,0
1220,20971024,0
1220,23592402,0
1220,26213780,0
1220,28835158,0
1220,31456536,0
1220,34077914,0
1220,36699292,0
1220,39320670,0
1220,41942048,0
1220,44563426,0
1220,47184804,0
1220,49806182,320
1220,52427560,0
1221,2621378,5677
1221,5242756,0
1221,7864134,0
1221,10485512,0
1221,13106890,0
1221,15728268,0
1221,18349646,0
1221,20971024,0
1221,23592402,0
1221,26213780,0
1221,28835158,0
1221,31456536,0
1221,34077914,0
1221,36699292,0
1221,39320670,0
1221,41942048,0
1221,44563426,0
1221,47184804,0
1221,49806182,224
1221,52427560,0
1222,2621378,5829
1222,5242756,0
1222,7864134,0
1222,10485512,0
1222,13106890,0
1222,15728268,0
1222,18349646,0
1222,20971024,0
1222,23592402,0
1222,26213780,0
1222,28835158,0
1222,31456536,0
1222,34077914,0
1222,36699292,0
1222,39320670,0
1222,41942048,0
1222,44563426,0
1222,47184804,0
1222,49806182,164
1222,52427560,0
1223,2621378,6421
1223,5242756,0
1223,7864134,0
1223,10485512,0
1223,13106890,0
1223,15728268,0
1223,18349646,0
1223,20971024,0
1223,23592402,0
1223,26213780,0
1223,28835158,0
1223,31456536,0
1223,34077914,0
1223,36699292,0
1223,39320670,0
1223,41942048,0
1223,44563426,0
1223,47184804,0
1223,49806182,183
1223,52427560,0
1224,2621378,7077
1224,5242756,0
1224,7864134,0
1224,10485512,0
1224,13106890,0
1224,15728268,0
1224,18349646,0
1224,20971024,0
1224,23592402,0
1224,26213780,0
1224,28835158,0
1224,31456536,0
1224,34077914,0
1224,36699292,0
1224,39320670,0
1224,41942048,0
1224,44563426,0
1224,47184804,0
1224,49806182,124
1224,52427560,0
1225,2621378,7171
1225,5242756,0
1225,7864134,0
1225,10485512,0
1225,13106890,0
1225,15728268,0
1225,18349646,0
1225,20971024,0
1225,23592402,0
1225,26213780,0
1225,28835158,0
1225,31456536,0
1225,34077914,0
1225,36699292,0
1225,39320670,0
1225,41942048,0
1225,44563426,0
1225,47184804,0
1225,49806182,141
1225,52427560,0
1226,2621378,8142
1226,5242756,0
1226,7864134,0
1226,10485512,0
1226,13106890,0
1226,15728268,0
1226,18349646,0
1226,20971024,0
1226,23592402,0
1226,26213780,0
1226,28835158,0
1226,31456536,0
1226,34077914,0
1226,36699292,0
1226,39320670,0
1226,41942048,0
1226,44563426,0
1226,47184804,0
1226,49806182,54
1226,52427560,0
1227,2621378,5141
1227,5242756,0
1227,7864134,0
1227,10485512,0
1227,13106890,0
1227,15728268,0
1227,18349646,0
1227,20971024,0
1227,23592402,0
1227,26213780,0
1227,28835158,0
1227,31456536,0
1227,34077914,0
1227,36699292,0
1227,39320670,0
1227,41942048,0
1227,44563426,0
1227,47184804,0
1227,49806182,124
1227,52427560,88
1228,2621378,9859
1228,5242756,0
1228,7864134,0
1228,10485512,0
1228,13106890,0
1228,15728268,0
1228,18349646,0
1228,20971024,0
1228,23592402,0
1228,26213780,0
1228,28835158,0
1228,31456536,0
1228,34077914,0
1228,36699292,0
1228,39320670,0
1228,41942048,0
1228,44563426,0
1228,47184804,0
1228,49806182,0
1228,52427560,208
1229,2621378,10680
1229,5242756,0
1229,7864134,0
1229,10485512,0
1229,13106890,0
1229,15728268,0
1229,18349646,0
1229,20971024,0
1229,23592402,0
1229,26213780,0
1229,28835158,0
1229,31456536,0
1229,34077914,0
1229,36699292,0
1229,39320670,0
1229,41942048,0
1229,44563426,0
1229,47184804,0
1229,49806182,0
1229,52427560,209
1230,2621378,10728
1230,5242756,0
1230,7864134,0
1230,10485512,0
1230,13106890,0
1230,15728268,0
1230,18349646,0
1230,20971024,0
1230,23592402,0
1230,26213780,0
1230,28835158,0
1230,31456536,0
1230,34077914,0
1230,36699292,0
1230,39320670,0
1230,41942048,0
1230,44563426,0
1230,47184804,0
1230,49806182,0
1230,52427560,198
1231,2621378,12526
1231,5242756,0
1231,7864134,0
1231,10485512,0
1231,13106890,0
1231,15728268,0
1231,18349646,0
1231,20971024,0
1231,23592402,0
1231,26213780,0
1231,28835158,0
1231,31456536,0
1231,34077914,0
1231,36699292,0
1231,39320670,0
1231,41942048,0
1231,44563426,0
1231,47184804,0
1231,49806182,0
1231,52427560,222
1232,2621378,12057
1232,5242756,0
1232,7864134,0
1232,10485512,0
1232,13106890,0
1232,15728268,0
1232,18349646,0
1232,20971024,0
1232,23592402,0
1232,26213780,0
1232,28835158,0
1232,31456536,0
1232,34077914,0
1232,36699292,0
1232,39320670,0
1232,41942048,0
1232,44563426,0
1232,47184804,0
1232,49806182,0
1232,52427560,205
1233,2621378,8104
1233,5242756,0
1233,7864134,0
1233,10485512,0
1233,13106890,0
1233,15728268,0
1233,18349646,0
1233,20971024,0
1233,23592402,0
1233,26213780,0
1233,28835158,0
1233,31456536,0
1233,34077914,0
1233,36699292,0
1233,39320670,0
1233,41942048,0
1233,44563426,0
1233,47184804,0
1233,49806182,0
1233,52427560,317
1234,2621378,10124
1234,5242756,0
1234,7864134,0
1234,10485512,0
1234,13106890,0
1234,15728268,0
1234,18349646,0
1234,20971024,0
1234,23592402,0
1234,26213780,0
1234,28835158,0
1234,31456536,0
1234,34077914,0
1234,36699292,0
1234,39320670,0
1234,41942048,0
1234,44563426,0
1234,47184804,0
1234,49806182,0
1234,52427560,312
1235,2621378,14593
1235,5242756,0
1235,7864134,0
1235,10485512,0
1235,13106890,0
1235,15728268,0
1235,18349646,0
1235,20971024,0
1235,23592402,0
1235,26213780,0
1235,28835158,0
1235,31456536,0
1235,34077914,0
1235,36699292,0
1235,39320670,0
1235,41942048,0
1235,44563426,0
1235,47184804,0
1235,49806182,0
1235,52427560,46
1236,2621378,17757
1236,5242756,0
1236,7864134,0
1236,10485512,0
1236,13106890,0
1236,15728268,0
1236,18349646,0
1236,20971024,0
1236,23592402,0
1236,26213780,0
1236,28835158,0
1236,31456536,0
1236,34077914,0
1236,36699292,0
1236,39320670,0
1236,41942048,0
1236,44563426,0
1236,47184804,0
1236,49806182,0
1236,52427560,0
1237,2621378,17922
1237,5242756,0
1237,7864134,0
1237,10485512,0
1237,13106890,0
1237,15728268,0
1237,18349646,0
1237,20971024,0
1237,23592402,0
1237,26213780,0
1237,28835158,0
1237,31456536,0
1237,34077914,0
1237,36699292,0
1237,39320670,0
1237,41942048,0
1237,44563426,0
1237,47184804,0
1237,49806182,0
1237,52427560,0
1238,2621378,17885
1238,5242756,0
1238,7864134,0
1238,10485512,0
1238,13106890,0
1238,15728268,0
1238,18349646,0
1238,20971024,0
1238,23592402,0
1238,26213780,0
1238,28835158,0
1238,31456536,0
1238,34077914,0
1238,36699292,0
1238,39320670,0
1238,41942048,0
1238,44563426,0
1238,47184804,0
1238,49806182,0
1238,52427560,0
1239,2621378,17839
1239,5242756,0
1239,7864134,0
1239,10485512,0
1239,13106890,0
1239,15728268,0
1239,18349646,0
1239,20971024,0
1239,23592402,0
1239,26213780,0
1239,28835158,0
1239,31456536,0
1239,34077914,0
1239,36699292,0
1239,39320670,0
1239,41942048,0
1239,44563426,0
1239,47184804,0
1239,49806182,0
1239,52427560,0
1240,2621378,10598
1240,5242756,0
1240,7864134,0
1240,10485512,0
1240,13106890,0
1240,15728268,0
1240,18349646,0
1240,20971024,0
1240,23592402,0
1240,26213780,0
1240,28835158,0
1240,31456536,0
1240,34077914,0
1240,36699292,0
1240,39320670,0
1240,41942048,0
1240,44563426,0
1240,47184804,0
1240,49806182,0
1240,52427560,91
1241,2621378,7966
1241,5242756,0
1241,7864134,0
1241,10485512,0
1241,13106890,0
1241,15728268,0
1241,18349646,0
1241,20971024,0
1241,23592402,0
1241,26213780,0
1241,28835158,0
1241,31456536,0
1241,34077914,0
1241,36699292,0
1241,39320670,0
1241,41942048,0
1241,44563426,0
1241,47184804,0
1241,49806182,0
1241,52427560,27
1242,2621378,13229
1242,5242756,0
1242,7864134,0
1242,10485512,0
1242,13106890,0
1242,15728268,0
1242,18349646,0
1242,20971024,0
1242,23592402,0
1242,26213780,0
1242,28835158,0
1242,31456536,0
1242,34077914,0
1242,36699292,0
1242,39320670,0
1242,41942048,0
1242,44563426,0
1242,47184804,0
1242,49806182,0
1242,52427560,0
1243,2621378,17831
1243,5242756,0
1243,7864134,0
1243,10485512,0
1243,13106890,0
1243,15728268,0
1243,18349646,0
1243,20971024,0
1243,23592402,0
1243,26213780,0
1243,28835158,0
1243,31456536,0
1243,34077914,0
1243,36699292,0
1243,39320670,0
1243,41942048,0
1243,44563426,0
1243,47184804,0
1243,49806182,0
1243,52427560,0
1244,2621378,17845
1244,5242756,0
1244,7864134,0
1244,10485512,0
1244,13106890,0
1244,15728268,0
1244,18349646,0
1244,20971024,0
1244,23592402,0
1244,26213780,0
1244,28835158,0
1244,31456536,0
1244,34077914,0
1244,36699292,0
1244,39320670,0
1244,41942048,0
1244,44563426,0
1244,47184804,0
1244,49806182,0
1244,52427560,0
1245,2621378,17844
1245,5242756,0
1245,7864134,0
1245,10485512,0
1245,13106890,0
1245,15728268,0
1245,18349646,0
1245,20971024,0
1245,23592402,0
1245,26213780,0
1245,28835158,0
1245,31456536,0
1245,34077914,0
1245,36699292,0
1245,39320670,0
1245,41942048,0
1245,44563426,0
1245,47184804,0
1245,49806182,0
1245,52427560,0
1246,2621378,17950
1246,5242756,0
1246,7864134,0
1246,10485512,0
1246,13106890,0
1246,15728268,0
1246,18349646,0
1246,20971024,0
1246,23592402,0
1246,26213780,0
1246,28835158,0
1246,31456536,0
1246,34077914,0
1246,36699292,0
1246,39320670,0
1246,41942048,0
1246,44563426,0
1246,47184804,0
1246,49806182,0
1246,52427560,0
1247,2621378,17432
1247,5242756,0
1247,7864134,0
1247,10485512,0
1247,13106890,0
1247,15728268,0
1247,18349646,0
1247,20971024,0
1247,23592402,0
1247,26213780,0
1247,28835158,0
1247,31456536,0
1247,34077914,0
1247,36699292,0
1247,39320670,0
1247,41942048,0
1247,44563426,0
1247,47184804,0
1247,49806182,0
1247,52427560,0
1248,2621378,17805
1248,5242756,0
1248,7864134,0
1248,10485512,0
1248,13106890,0
1248,15728268,0
1248,18349646,0
1248,20971024,0
1248,23592402,0
1248,26213780,0
1248,28835158,0
1248,31456536,0
1248,34077914,0
1248,36699292,0
1248,39320670,0
1248,41942048,0
1248,44563426,0
1248,47184804,0
1248,49806182,0
1248,52427560,0
1249,2621378,17513
1249,5242756,0
1249,7864134,0
1249,10485512,0
1249,13106890,0
1249,15728268,0
1249,18349646,0
1249,20971024,0
1249,23592402,0
1249,26213780,0
1249,28835158,0
1249,31456536,0
1249,34077914,0
1249,36699292,0
1249,39320670,0
1249,41942048,0
1249,44563426,0
1249,47184804,0
1249,49806182,0
1249,52427560,0
1250,2621378,12481
1250,5242756,4793
1250,7864134,0
1250,10485512,0
1250,13106890,0
1250,15728268,0
1250,18349646,0
1250,20971024,0
1250,23592402,0
1250,26213780,0
1250,28835158,0
1250,31456536,0
1250,34077914,0
1250,36699292,0
1250,39320670,0
1250,41942048,0
1250,44563426,0
1250,47184804,0
1250,49806182,0
1250,52427560,0
1251,2621378,0
1251,5242756,17047
1251,7864134,0
1251,10485512,0
1251,13106890,0
1251,15728268,0
1251,18349646,0
1251,20971024,0
1251,23592402,0
1251,26213780,0
1251,28835158,0
1251,31456536,0
1251,34077914,0
1251,36699292,0
1251,39320670,0
1251,41942048,0
1251,44563426,0
1251,47184804,0
1251,49806182,0
1251,52427560,0
1252,2621378,0
1252,5242756,16570
1252,7864134,0
1252,10485512,0
1252,13106890,0
1252,15728268,0
1252,18349646,0
1252,20971024,0
1252,23592402,0
1252,26213780,0
1252,28835158,0
1252,31456536,0
1252,34077914,0
1252,36699292,0
1252,39320670,0
1252,41942048,0
1252,44563426,0
1252,47184804,0
1252,49806182,0
1252,52427560,0
1253,2621378,0
1253,5242756,17270
1253,7864134,0
1253,10485512,0
1253,13106890,0
1253,15728268,0
1253,18349646,0
1253,20971024,0
1253,23592402,0
1253,26213780,0
1253,28835158,0
1253,31456536,0
1253,34077914,0
1253,36699292,0
1253,39320670,0
1253,41942048,0
1253,44563426,0
1253,47184804,0
1253,49806182,0
1253,52427560,0
1254,2621378,0
1254,5242756,17049
1254,7864134,0
1254,10485512,0
1254,13106890,0
1254,15728268,0
1254,18349646,0
1254,20971024,0
1254,23592402,0
1254,26213780,0
1254,28835158,0
1254,31456536,0
1254,34077914,0
1254,36699292,0
1254,39320670,0
1254,41942048,0
1254,44563426,0
1254,47184804,0
1254,49806182,0
1254,52427560,0
1255,2621378,0
1255,5242756,17145
1255,7864134,0
1255,10485512,0
1255,13106890,0
1255,15728268,0
1255,18349646,0
1255,20971024,0
1255,23592402,0
1255,26213780,0
1255,28835158,0
1255,31456536,0
1255,34077914,0
1255,36699292,0
1255,39320670,0
1255,41942048,0
1255,44563426,0
1255,47184804,0
1255,49806182,0
1255,52427560,0
1256,2621378,0
1256,5242756,17438
1256,7864134,0
1256,10485512,0
1256,13106890,0
1256,15728268,0
1256,18349646,0
1256,20971024,0
1256,23592402,0
1256,26213780,0
1256,28835158,0
1256,31456536,0
1256,34077914,0
1256,36699292,0
1256,39320670,0
1256,41942048,0
1256,44563426,0
1256,47184804,0
1256,49806182,0
1256,52427560,0
1257,2621378,0
1257,5242756,15392
1257,7864134,0
1257,10485512,0
1257,13106890,0
1257,15728268,0
1257,18349646,0
1257,20971024,0
1257,23592402,0
1257,26213780,0
1257,28835158,0
1257,31456536,0
1257,34077914,0
1257,36699292,0
1257,39320670,0
1257,41942048,0
1257,44563426,0
1257,47184804,0
1257,49806182,0
1257,52427560,0
1258,2621378,2
1258,5242756,15
1258,7864134,0
1258,10485512,0
1258,13106890,0
1258,15728268,0
1258,18349646,0
1258,20971024,0
1258,23592402,0
1258,26213780,0
1258,28835158,0
1258,31456536,0
1258,34077914,0
1258,36699292,0
1258,39320670,0
1258,41942048,0
1258,44563426,0
1258,47184804,0
1258,49806182,0
1258,52427560,0
1259,2621378,2
1259,5242756,184
1259,7864134,0
1259,10485512,0
1259,13106890,0
1259,15728268,0
1259,18349646,0
1259,20971024,0
1259,23592402,0
1259,26213780,0
1259,28835158,0
1259,31456536,0
1259,34077914,0
1259,36699292,0
1259,39320670,0
1259,41942048,0
1259,44563426,0
1259,47184804,0
1259,49806182,0
1259,52427560,0
1260,2621378,130
1260,5242756,186
1260,7864134,0
1260,10485512,0
1260,13106890,0
1260,15728268,0
1260,18349646,0
1260,20971024,0
1260,23592402,0
1260,26213780,0
1260,28835158,0
1260,31456536,0
1260,34077914,0
1260,36699292,0
1260,39320670,0
1260,41942048,0
1260,44563426,0
1260,47184804,0
1260,49806182,0
1260,52427560,0
1261,2621378,0
1261,5242756,182
1261,7864134,0
1261,10485512,0
1261,13106890,0
1261,15728268,0
1261,18349646,0
1261,20971024,0
1261,23592402,0
1261,26213780,0
1261,28835158,0
1261,31456536,0
1261,34077914,0
1261,36699292,0
1261,39320670,0
1261,41942048,0
1261,44563426,0
1261,47184804,0
1261,49806182,0
1261,52427560,0
1262,2621378,1
1262,5242756,141
1262,7864134,0
1262,10485512,0
1262,13106890,0
1262,15728268,0
1262,18349646,0
1262,20971024,0
1262,23592402,0
1262,26213780,0
1262,28835158,0
1262,31456536,0
1262,34077914,0
1262,36699292,0
1262,39320670,0
1262,41942048,0
1262,44563426,0
1262,47184804,0
1262,49806182,0
1262,52427560,0
1263,2621378,2
1263,5242756,103
1263,7864134,67
1263,10485512,0
1263,13106890,0
1263,15728268,0
1263,18349646,0
1263,20971024,0
1263,23592402,0
1263,26213780,0
1263,28835158,0
1263,31456536,0
1263,34077914,0
1263,36699292,0
1263,39320670,0
1263,41942048,0
1263,44563426,0
1263,47184804,0
1263,49806182,0
1263,52427560,0
1264,2621378,1
1264,5242756,0
1264,7864134,148
1264,10485512,0
1264,13106890,0
1264,15728268,0
1264,18349646,0
1264,20971024,0
1264,23592402,0
1264,26213780,0
1264,28835158,0
1264,31456536,0
1264,34077914,0
1264,36699292,0
1264,39320670,0
1264,41942048,0
1264,44563426,0
1264,47184804,0
1264,49806182,0
1264,52427560,0
1265,2621378,1
1265,5242756,0
1265,7864134,168
1265,10485512,0
1265,13106890,0
1265,15728268,0
1265,18349646,0
1265,20971024,0
1265,23592402,0
1265,26213780,0
1265,28835158,0
1265,31456536,0
1265,34077914,0
1265,36699292,0
1265,39320670,0
1265,41942048,0
1265,44563426,0
1265,47184804,0
1265,49806182,0
1265,52427560,0
1266,2621378,2
1266,5242756,0
1266,7864134,171
1266,10485512,0
1266,13106890,0
1266,15728268,0
1266,18349646,0
1266,20971024,0
1266,23592402,0
1266,26213780,0
1266,28835158,0
1266,31456536,0
1266,34077914,0
1266,36699292,0
1266,39320670,0
1266,41942048,0
1266,44563426,0
1266,47184804,0
1266,49806182,0
1266,52427560,0
1267,2621378,1
1267,5242756,0
1267,7864134,167
1267,10485512,0
1267,13106890,0
1267,15728268,0
1267,18349646,0
1267,20971024,0
1267,23592402,0
1267,26213780,0
1267,28835158,0
1267,31456536,0
1267,34077914,0
1267,36699292,0
1267,39320670,0
1267,41942048,0
1267,44563426,0
1267,47184804,0
1267,49806182,0
1267,52427560,0
1268,2621378,5
1268,5242756,14
1268,7864134,190
1268,10485512,0
1268,13106890,0
1268,15728268,0
1268,18349646,0
1268,20971024,0
1268,23592402,0
1268,26213780,0
1268,28835158,0
1268,31456536,0
1268,34077914,0
1268,36699292,0
1268,39320670,0
1268,41942048,0
1268,44563426,0
1268,47184804,0
1268,49806182,0
1268,52427560,0
1269,2621378,146
1269,5242756,877
1269,7864134,2876
1269,10485512,2027
1269,13106890,0
1269,15728268,0
1269,18349646,0
1269,20971024,0
1269,23592402,0
1269,26213780,0
1269,28835158,0
1269,31456536,0
1269,34077914,0
1269,36699292,0
1269,39320670,0
1269,41942048,0
1269,44563426,0
1269,47184804,0
1269,49806182,0
1269,52427560,0
1270,2621378,7
1270,5242756,0
1270,7864134,0
1270,10485512,8285
1270,13106890,0
1270,15728268,0
1270,18349646,0
1270,20971024,0
1270,23592402,0
1270,26213780,0
1270,28835158,0
1270,31456536,0
1270,34077914,0
1270,36699292,0
1270,39320670,0
1270,41942048,0
1270,44563426,0
1270,47184804,0
1270,49806182,0
1270,52427560,0
1271,2621378,8
1271,5242756,0
1271,7864134,0
1271,10485512,8356
1271,13106890,0
1271,15728268,0
1271,18349646,0
1271,20971024,0
1271,23592402,0
1271,26213780,0
1271,28835158,0
1271,31456536,0
1271,34077914,0
1271,36699292,0
1271,39320670,0
1271,41942048,0
1271,44563426,0
1271,47184804,0
1271,49806182,0
1271,52427560,0
1272,2621378,6
1272,5242756,0
1272,7864134,0
1272,10485512,9184
1272,13106890,0
1272,15728268,0
1272,18349646,0
1272,20971024,0
1272,23592402,0
1272,26213780,0
1272,28835158,0
1272,31456536,0
1272,34077914,0
1272,36699292,0
1272,39320670,0
1272,41942048,0
1272,44563426,0
1272,47184804,0
1272,49806182,0
1272,52427560,0
1273,2621378,8
1273,5242756,0
1273,7864134,0
1273,10485512,4729
1273,13106890,0
1273,15728268,0
1273,18349646,0
1273,20971024,0
1273,23592402,0
1273,26213780,0
1273,28835158,0
1273,31456536,0
1273,34077914,0
1273,36699292,0
1273,39320670,0
1273,41942048,0
1273,44563426,0
1273,47184804,0
1273,49806182,0
1273,52427560,0
1274,2621378,125
1274,5242756,0
1274,7864134,0
1274,10485512,3745
1274,13106890,0
1274,15728268,0
1274,18349646,0
1274,20971024,0
1274,23592402,0
1274,26213780,0
1274,28835158,0
1274,31456536,0
1274,34077914,0
1274,36699292,0
1274,39320670,0
1274,41942048,0
1274,44563426,0
1274,47184804,0
1274,49806182,0
1274,52427560,0
1275,2621378,0
1275,5242756,0
1275,7864134,0
1275,10485512,6412
1275,13106890,1022
1275,15728268,0
1275,18349646,0
1275,20971024,0
1275,23592402,0
1275,26213780,0
1275,28835158,0
1275,31456536,0
1275,34077914,0
1275,36699292,0
1275,39320670,0
1275,41942048,0
1275,44563426,0
1275,47184804,0
1275,49806182,0
1275,52427560,0
1276,2621378,7900
1276,5242756,1
1276,7864134,0
1276,10485512,0
1276,13106890,1963
1276,15728268,0
1276,18349646,0
1276,20971024,0
1276,23592402,0
1276,26213780,0
1276,28835158,0
1276,31456536,0
1276,34077914,0
1276,36699292,0
1276,39320670,0
1276,41942048,0
1276,44563426,0
1276,47184804,0
1276,49806182,0
1276,52427560,0
1277,2621378,10255
1277,5242756,0
1277,7864134,0
1277,10485512,0
1277,13106890,229
1277,15728268,0
1277,18349646,0
1277,20971024,0
1277,23592402,0
1277,26213780,0
1277,28835158,0
1277,31456536,0
1277,34077914,0
1277,36699292,0
1277,39320670,0
1277,41942048,0
1277,44563426,0
1277,47184804,0
1277,49806182,0
1277,52427560,0
1278,2621378,8889
1278,5242756,0
1278,7864134,0
1278,10485512,0
1278,13106890,217
1278,15728268,0
1278,18349646,0
1278,20971024,0
1278,23592402,0
1278,26213780,0
1278,28835158,0
1278,31456536,0
1278,34077914,0
1278,36699292,0
1278,39320670,0
1278,41942048,0
1278,44563426,0
1278,47184804,0
1278,49806182,0
1278,52427560,0
1279,2621378,11310
1279,5242756,0
1279,7864134,0
1279,10485512,0
1279,13106890,136
1279,15728268,0
1279,18349646,0
1279,20971024,0
1279,23592402,0
1279,26213780,0
1279,28835158,0
1279,31456536,0
1279,34077914,0
1279,36699292,0
1279,39320670,0
1279,41942048,0
1279,44563426,0
1279,47184804,0
1279,49806182,0
1279,52427560,0
1280,2621378,8973
1280,5242756,0
1280,7864134,0
1280,10485512,0
1280,13106890,109
1280,15728268,0
1280,18349646,0
1280,20971024,0
1280,23592402,0
1280,26213780,0
1280,28835158,0
1280,31456536,0
1280,34077914,0
1280,36699292,0
1280,39320670,0
1280,41942048,0
1280,44563426,0
1280,47184804,0
1280,49806182,0
1280,52427560,0
1281,2621378,7139
1281,5242756,0
1281,7864134,0
1281,10485512,0
1281,13106890,56
1281,15728268,0
1281,18349646,0
1281,20971024,0
1281,23592402,0
1281,26213780,0
1281,28835158,0
1281,31456536,0
1281,34077914,0
1281,36699292,0
1281,39320670,0
1281,41942048,0
1281,44563426,0
1281,47184804,0
1281,49806182,0
1281,52427560,0
1282,2621378,6682
1282,5242756,0
1282,7864134,0
1282,10485512,0
1282,13106890,124
1282,15728268,0
1282,18349646,0
1282,20971024,0
1282,23592402,0
1282,26213780,0
1282,28835158,0
1282,31456536,0
1282,34077914,0
1282,36699292,0
1282,39320670,0
1282,41942048,0
1282,44563426,0
1282,47184804,0
1282,49806182,0
1282,52427560,0
1283,2621378,8980
1283,5242756,0
1283,7864134,0
1283,10485512,0
1283,13106890,59
1283,15728268,0
1283,18349646,0
1283,20971024,0
1283,23592402,0
1283,26213780,0
1283,28835158,0
1283,31456536,0
1283,34077914,0
1283,36699292,0
1283,39320670,0
1283,41942048,0
1283,44563426,0
1283,47184804,0
1283,49806182,0
1283,52427560,0
1284,2621378,8601
1284,5242756,0
1284,7864134,0
1284,10485512,0
1284,13106890,84
1284,15728268,0
1284,18349646,0
1284,20971024,0
1284,23592402,0
1284,26213780,0
1284,28835158,0
1284,31456536,0
1284,34077914,0
1284,36699292,0
1284,39320670,0
1284,41942048,0
1284,44563426,0
1284,47184804,0
1284,49806182,0
1284,52427560,0
1285,2621378,8273
1285,5242756,0
1285,7864134,0
1285,10485512,0
1285,13106890,73
1285,15728268,0
1285,18349646,0
1285,20971024,0
1285,23592402,0
1285,26213780,0
1285,28835158,0
1285,31456536,0
1285,34077914,0
1285,36699292,0
1285,39320670,0
1285,41942048,0
1285,44563426,0
1285,47184804,0
1285,49806182,0
1285,52427560,0
1286,2621378,9765
1286,5242756,0
1286,7864134,0
1286,10485512,0
1286,13106890,36
1286,15728268,0
1286,18349646,0
1286,20971024,0
1286,23592402,0
1286,26213780,0
1286,28835158,0
1286,31456536,0
1286,34077914,0
1286,36699292,0
1286,39320670,0
1286,41942048,0
1286,44563426,0
1286,47184804,0
1286,49806182,0
1286,52427560,0
1287,2621378,7086
1287,5242756,0
1287,7864134,0
1287,10485512,0
1287,13106890,124
1287,15728268,0
1287,18349646,0
1287,20971024,0
1287,23592402,0
1287,26213780,0
1287,28835158,0
1287,31456536,0
1287,34077914,0
1287,36699292,0
1287,39320670,0
1287,41942048,0
1287,44563426,0
1287,47184804,0
1287,49806182,0
1287,52427560,0
1288,2621378,7768
1288,5242756,0
1288,7864134,0
1288,10485512,0
1288,13106890,188
1288,15728268,1
1288,18349646,0
1288,20971024,0
1288,23592402,0
1288,26213780,0
1288,28835158,0
1288,31456536,0
1288,34077914,0
1288,36699292,0
1288,39320670,0
1288,41942048,0
1288,44563426,0
1288,47184804,0
1288,49806182,0
1288,52427560,0
1289,2621378,16404
1289,5242756,0
1289,7864134,0
1289,10485512,0
1289,13106890,0
1289,15728268,44
1289,18349646,0
1289,20971024,0
1289,23592402,0
1289,26213780,0
1289,28835158,0
1289,31456536,0
1289,34077914,0
1289,36699292,0
1289,39320670,0
1289,41942048,0
1289,44563426,0
1289,47184804,0
1289,49806182,0
1289,52427560,0
1290,2621378,3895
1290,5242756,0
1290,7864134,0
1290,10485512,0
1290,13106890,0
1290,15728268,0
1290,18349646,0
1290,20971024,0
1290,23592402,0
1290,26213780,0
1290,28835158,0
1290,31456536,0
1290,34077914,0
1290,36699292,0
1290,39320670,0
1290,41942048,0
1290,44563426,0
1290,47184804,0
1290,49806182,0
1290,52427560,0
1294,2621378,0
1294,5242756,0
1294,7864134,0
1294,10485512,0
1294,13106890,0
1294,15728268,117
1294,18349646,0
1294,20971024,0
1294,23592402,0
1294,26213780,0
1294,28835158,0
1294,31456536,0
1294,34077914,0
1294,36699292,0
1294,39320670,0
1294,41942048,0
1294,44563426,0
1294,47184804,0
1294,49806182,0
1294,52427560,0
1300,2621378,0
1300,5242756,0
1300,7864134,0
1300,10485512,0
1300,13106890,0
1300,15728268,149
1300,18349646,0
1300,20971024,0
1300,23592402,0
1300,26213780,0
1300,28835158,0
1300,31456536,0
1300,34077914,0
1300,36699292,0
1300,39320670,0
1300,41942048,0
1300,44563426,0
1300,47184804,0
1300,49806182,0
1300,52427560,0
1301,2621378,0
1301,5242756,0
1301,7864134,0
1301,10485512,0
1301,13106890,0
1301,15728268,162
1301,18349646,0
1301,20971024,0
1301,23592402,0
1301,26213780,0
1301,28835158,0
1301,31456536,0
1301,34077914,0
1301,36699292,0
1301,39320670,0
1301,41942048,0
1301,44563426,0
1301,47184804,0
1301,49806182,0
1301,52427560,0
1302,2621378,0
1302,5242756,0
1302,7864134,0
1302,10485512,0
1302,13106890,0
1302,15728268,165
1302,18349646,0
1302,20971024,0
1302,23592402,0
1302,26213780,0
1302,28835158,0
1302,31456536,0
1302,34077914,0
1302,36699292,0
1302,39320670,0
1302,41942048,0
1302,44563426,0
1302,47184804,0
1302,49806182,0
1302,52427560,0
1303,2621378,0
1303,5242756,0
1303,7864134,0
1303,10485512,0
1303,13106890,0
1303,15728268,171
1303,18349646,0
1303,20971024,0
1303,23592402,0
1303,26213780,0
1303,28835158,0
1303,31456536,0
1303,34077914,0
1303,36699292,0
1303,39320670,0
1303,41942048,0
1303,44563426,0
1303,47184804,0
1303,49806182,0
1303,52427560,0
1304,2621378,0
1304,5242756,0
1304,7864134,0
1304,10485512,0
1304,13106890,0
1304,15728268,162
1304,18349646,0
1304,20971024,0
1304,23592402,0
1304,26213780,0
1304,28835158,0
1304,31456536,0
1304,34077914,0
1304,36699292,0
1304,39320670,0
1304,41942048,0
1304,44563426,0
1304,47184804,0
1304,49806182,0
1304,52427560,0
1305,2621378,0
1305,5242756,0
1305,7864134,0
1305,10485512,0
1305,13106890,0
1305,15728268,81
1305,18349646,93
1305,20971024,0
1305,23592402,0
1305,26213780,0
1305,28835158,0
1305,31456536,0
1305,34077914,0
1305,36699292,0
1305,39320670,0
1305,41942048,0
1305,44563426,0
1305,47184804,0
1305,49806182,0
1305,52427560,0
1306,2621378,0
1306,5242756,0
1306,7864134,0
1306,10485512,0
1306,13106890,0
1306,15728268,0
1306,18349646,174
1306,20971024,0
1306,23592402,0
1306,26213780,0
1306,28835158,0
1306,31456536,0
1306,34077914,0
1306,36699292,0
1306,39320670,0
1306,41942048,0
1306,44563426,0
1306,47184804,0
1306,49806182,0
1306,52427560,0
1307,2621378,0
1307,5242756,0
1307,7864134,0
1307,10485512,0
1307,13106890,0
1307,15728268,0
1307,18349646,174
1307,20971024,0
1307,23592402,0
1307,26213780,0
1307,28835158,0
1307,31456536,0
1307,34077914,0
1307,36699292,0
1307,39320670,0
1307,41942048,0
1307,44563426,0
1307,47184804,0
1307,49806182,0
1307,52427560,0
1308,2621378,0
1308,5242756,0
1308,7864134,0
1308,10485512,0
1308,13106890,0
1308,15728268,0
1308,18349646,154
1308,20971024,0
1308,23592402,0
1308,26213780,0
1308,28835158,0
1308,31456536,0
1308,34077914,0
1308,36699292,0
1308,39320670,0
1308,41942048,0
1308,44563426,0
1308,47184804,0
1308,49806182,0
1308,52427560,0
1309,2621378,0
1309,5242756,0
1309,7864134,0
1309,10485512,0
1309,13106890,0
1309,15728268,0
1309,18349646,181
1309,20971024,0
1309,23592402,0
1309,26213780,0
1309,28835158,0
1309,31456536,0
1309,34077914,0
1309,36699292,0
1309,39320670,0
1309,41942048,0
1309,44563426,0
1309,47184804,0
1309,49806182,0
1309,52427560,0
1310,2621378,0
1310,5242756,0
1310,7864134,0
1310,10485512,0
1310,13106890,0
1310,15728268,0
1310,18349646,172
1310,20971024,0
1310,23592402,0
1310,26213780,0
1310,28835158,0
1310,31456536,0
1310,34077914,0
1310,36699292,0
1310,39320670,0
1310,41942048,0
1310,44563426,0
1310,47184804,0
1310,49806182,0
1310,52427560,0
1311,2621378,0
1311,5242756,0
1311,7864134,0
1311,10485512,0
1311,13106890,0
1311,15728268,0
1311,18349646,82
1311,20971024,74
1311,23592402,0
1311,26213780,0
1311,28835158,0
1311,31456536,0
1311,34077914,0
1311,36699292,0
1311,39320670,0
1311,41942048,0
1311,44563426,0
1311,47184804,0
1311,49806182,0
1311,52427560,0
1312,2621378,0
1312,5242756,0
1312,7864134,0
1312,10485512,0
1312,13106890,0
1312,15728268,0
1312,18349646,0
1312,20971024,154
1312,23592402,0
1312,26213780,0
1312,28835158,0
1312,31456536,0
1312,34077914,0
1312,36699292,0
1312,39320670,0
1312,41942048,0
1312,44563426,0
1312,47184804,0
1312,49806182,0
1312,52427560,0
1313,2621378,0
1313,5242756,0
1313,7864134,0
1313,10485512,0
1313,13106890,0
1313,15728268,0
1313,18349646,0
1313,20971024,154
1313,23592402,0
1313,26213780,0
1313,28835158,0
1313,31456536,0
1313,34077914,0
1313,36699292,0
1313,39320670,0
1313,41942048,0
1313,44563426,0
1313,47184804,0
1313,49806182,0
1313,52427560,0
1314,2621378,0
1314,5242756,0
1314,7864134,0
1314,10485512,0
1314,13106890,0
1314,15728268,0
1314,18349646,0
1314,20971024,160
1314,23592402,0
1314,26213780,0
1314,28835158,0
1314,31456536,0
1314,34077914,0
1314,36699292,0
1314,39320670,0
1314,41942048,0
1314,44563426,0
1314,47184804,0
1314,49806182,0
1314,52427560,0
1315,2621378,0
1315,5242756,0
1315,7864134,0
1315,10485512,0
1315,13106890,0
1315,15728268,0
1315,18349646,0
1315,20971024,166
1315,23592402,0
1315,26213780,0
1315,28835158,0
1315,31456536,0
1315,34077914,0
1315,36699292,0
1315,39320670,0
1315,41942048,0
1315,44563426,0
1315,47184804,0
1315,49806182,0
1315,52427560,0
1316,2621378,0
1316,5242756,0
1316,7864134,0
1316,10485512,0
1316,13106890,0
1316,15728268,0
1316,18349646,0
1316,20971024,164
1316,23592402,0
1316,26213780,0
1316,28835158,0
1316,31456536,0
1316,34077914,0
1316,36699292,0
1316,39320670,0
1316,41942048,0
1316,44563426,0
1316,47184804,0
1316,49806182,0
1316,52427560,0
1317,2621378,0
1317,5242756,0
1317,7864134,0
1317,10485512,0
1317,13106890,0
1317,15728268,0
1317,18349646,0
1317,20971024,153
1317,23592402,7
1317,26213780,0
1317,28835158,0
1317,31456536,0
1317,34077914,0
1317,36699292,0
1317,39320670,0
1317,41942048,0
1317,44563426,0
1317,47184804,0
1317,49806182,0
1317,52427560,0
1318,2621378,0
1318,5242756,0
1318,7864134,0
1318,10485512,0
1318,13106890,0
1318,15728268,0
1318,18349646,0
1318,20971024,0
1318,23592402,160
1318,26213780,0
1318,28835158,0
1318,31456536,0
1318,34077914,0
1318,36699292,0
1318,39320670,0
1318,41942048,0
1318,44563426,0
1318,47184804,0
1318,49806182,0
1318,52427560,0
1319,2621378,1
1319,5242756,0
1319,7864134,0
1319,10485512,0
1319,13106890,0
1319,15728268,0
1319,18349646,0
1319,20971024,0
1319,23592402,160
1319,26213780,0
1319,28835158,0
1319,31456536,0
1319,34077914,0
1319,36699292,0
1319,39320670,0
1319,41942048,0
1319,44563426,0
1319,47184804,0
1319,49806182,0
1319,52427560,0
1320,2621378,172
1320,5242756,0
1320,7864134,0
1320,10485512,0
1320,13106890,0
1320,15728268,0
1320,18349646,0
1320,20971024,0
1320,23592402,155
1320,26213780,0
1320,28835158,0
1320,31456536,0
1320,34077914,0
1320,36699292,0
1320,39320670,0
1320,41942048,0
1320,44563426,0
1320,47184804,0
1320,49806182,0
1320,52427560,0
1321,2621378,2
1321,5242756,0
1321,7864134,0
1321,10485512,0
1321,13106890,0
1321,15728268,0
1321,18349646,0
1321,20971024,0
1321,23592402,171
1321,26213780,0
1321,28835158,0
1321,31456536,0
1321,34077914,0
1321,36699292,0
1321,39320670,0
1321,41942048,0
1321,44563426,0
1321,47184804,0
1321,49806182,0
1321,52427560,0
1322,2621378,2
1322,5242756,0
1322,7864134,0
1322,10485512,0
1322,13106890,0
1322,15728268,0
1322,18349646,0
1322,20971024,0
1322,23592402,155
1322,26213780,0
1322,28835158,0
1322,31456536,0
1322,34077914,0
1322,36699292,0
1322,39320670,0
1322,41942048,0
1322,44563426,0
1322,47184804,0
1322,49806182,0
1322,52427560,0
1323,2621378,2
1323,5242756,0
1323,7864134,0
1323,10485512,0
1323,13106890,0
1323,15728268,0
1323,18349646,0
1323,20971024,0
1323,23592402,160
1323,26213780,0
1323,28835158,0
1323,31456536,0
1323,34077914,0
1323,36699292,0
1323,39320670,0
1323,41942048,0
1323,44563426,0
1323,47184804,0
1323,49806182,0
1323,52427560,0
1324,2621378,2
1324,5242756,0
1324,7864134,0
1324,10485512,0
1324,13106890,0
1324,15728268,0
1324,18349646,0
1324,20971024,0
1324,23592402,57
1324,26213780,97
1324,28835158,0
1324,31456536,0
1324,34077914,0
1324,36699292,0
1324,39320670,0
1324,41942048,0
1324,44563426,0
1324,47184804,0
1324,49806182,0
1324,52427560,0
1325,2621378,2
1325,5242756,0
1325,7864134,0
1325,10485512,0
1325,13106890,0
1325,15728268,0
1325,18349646,0
1325,20971024,0
1325,23592402,0
1325,26213780,167
1325,28835158,0
1325,31456536,0
1325,34077914,0
1325,36699292,0
1325,39320670,0
1325,41942048,0
1325,44563426,0
1325,47184804,0
1325,49806182,0
1325,52427560,0
1326,2621378,2
1326,5242756,0
1326,7864134,0
1326,10485512,0
1326,13106890,0
1326,15728268,0
1326,18349646,0
1326,20971024,0
1326,23592402,0
1326,26213780,162
1326,28835158,0
1326,31456536,0
1326,34077914,0
1326,36699292,0
1326,39320670,0
1326,41942048,0
1326,44563426,0
1326,47184804,0
1326,49806182,0
1326,52427560,0
1327,2621378,2
1327,5242756,0
1327,7864134,0
1327,10485512,0
1327,13106890,0
1327,15728268,0
1327,18349646,0
1327,20971024,0
1327,23592402,0
1327,26213780,178
1327,28835158,0
1327,31456536,0
1327,34077914,0
1327,36699292,0
1327,39320670,0
1327,41942048,0
1327,44563426,0
1327,47184804,0
1327,49806182,0
1327,52427560,0
1328,2621378,66
1328,5242756,0
1328,7864134,0
1328,10485512,0
1328,13106890,0
1328,15728268,0
1328,18349646,0
1328,20971024,0
1328,23592402,0
1328,26213780,74
1328,28835158,0
1328,31456536,0
1328,34077914,0
1328,36699292,0
1328,39320670,0
1328,41942048,0
1328,44563426,0
1328,47184804,0
1328,49806182,0
1328,52427560,0
1338,2621378,110
1338,5242756,0
1338,7864134,0
1338,10485512,0
1338,13106890,2
1338,15728268,0
1338,18349646,0
1338,20971024,0
1338,23592402,0
1338,26213780,0
1338,28835158,0
1338,31456536,0
1338,34077914,0
1338,36699292,0
1338,39320670,0
1338,41942048,0
1338,44563426,0
1338,47184804,0
1338,49806182,0
1338,52427560,0
1404,2621378,4
1404,5242756,0
1404,7864134,0
1404,10485512,0
1404,13106890,0
1404,15728268,0
1404,18349646,0
1404,20971024,0
1404,23592402,0
1404,26213780,0
1404,28835158,0
1404,31456536,0
1404,34077914,0
1404,36699292,0
1404,39320670,0
1404,41942048,0
1404,44563426,0
1404,47184804,0
1404,49806182,0
1404,52427560,0
1465,2621378,4
1465,5242756,0
1465,7864134,0
1465,10485512,0
1465,13106890,0
1465,15728268,0
1465,18349646,0
1465,20971024,0
1465,23592402,0
1465,26213780,0
1465,28835158,0
1465,31456536,0
1465,34077914,0
1465,36699292,0
1465,39320670,0
1465,41942048,0
1465,44563426,0
1465,47184804,0
1465,49806182,0
1465,52427560,0
