time,latency(us),0
1034,4819.1,51
1034,9638.2,18
1034,14457.3,13
1034,19276.4,15
1034,24095.5,11
1034,28914.6,9
1034,33733.7,8
1034,38552.8,3
1034,43371.9,0
1034,48191,0
1034,53010.1,0
1034,57829.2,0
1034,62648.3,0
1034,67467.4,0
1034,72286.5,0
1034,77105.6,0
1034,81924.7,0
1034,86743.8,0
1034,91562.9,0
1034,96382,0
1035,4819.1,44
1035,9638.2,11
1035,14457.3,3
1035,19276.4,4
1035,24095.5,4
1035,28914.6,2
1035,33733.7,4
1035,38552.8,3
1035,43371.9,0
1035,48191,0
1035,53010.1,0
1035,57829.2,0
1035,62648.3,0
1035,67467.4,0
1035,72286.5,0
1035,77105.6,0
1035,81924.7,0
1035,86743.8,0
1035,91562.9,0
1035,96382,0
1041,4819.1,6649
1041,9638.2,367
1041,14457.3,83
1041,19276.4,0
1041,24095.5,0
1041,28914.6,0
1041,33733.7,0
1041,38552.8,0
1041,43371.9,0
1041,48191,0
1041,53010.1,0
1041,57829.2,0
1041,62648.3,0
1041,67467.4,0
1041,72286.5,0
1041,77105.6,0
1041,81924.7,0
1041,86743.8,0
1041,91562.9,0
1041,96382,0
1042,4819.1,15096
1042,9638.2,771
1042,14457.3,125
1042,19276.4,0
1042,24095.5,0
1042,28914.6,0
1042,33733.7,0
1042,38552.8,0
1042,43371.9,0
1042,48191,0
1042,53010.1,0
1042,57829.2,0
1042,62648.3,0
1042,67467.4,0
1042,72286.5,0
1042,77105.6,0
1042,81924.7,0
1042,86743.8,0
1042,91562.9,0
1042,96382,0
1043,4819.1,3869
1043,9638.2,1015
1043,14457.3,615
1043,19276.4,231
1043,24095.5,99
1043,28914.6,55
1043,33733.7,19
1043,38552.8,4
1043,43371.9,2
1043,48191,15
1043,53010.1,8
1043,57829.2,14
1043,62648.3,17
1043,67467.4,3
1043,72286.5,0
1043,77105.6,0
1043,81924.7,0
1043,86743.8,0
1043,91562.9,0
1043,96382,0
1044,4819.1,1065
1044,9638.2,920
1044,14457.3,382
1044,19276.4,146
1044,24095.5,137
1044,28914.6,85
1044,33733.7,27
1044,38552.8,25
1044,43371.9,35
1044,48191,32
1044,53010.1,19
1044,57829.2,17
1044,62648.3,13
1044,67467.4,7
1044,72286.5,18
1044,77105.6,2
1044,81924.7,3
1044,86743.8,3
1044,91562.9,3
1044,96382,9
1045,4819.1,1808
1045,9638.2,929
1045,14457.3,639
1045,19276.4,240
1045,24095.5,103
1045,28914.6,30
1045,33733.7,18
1045,38552.8,29
1045,43371.9,5
1045,48191,3
1045,53010.1,4
1045,57829.2,9
1045,62648.3,6
1045,67467.4,16
1045,72286.5,4
1045,77105.6,2
1045,81924.7,9
1045,86743.8,2
1045,91562.9,7
1045,96382,0
1046,4819.1,1112
1046,9638.2,934
1046,14457.3,488
1046,19276.4,288
1046,24095.5,169
1046,28914.6,55
1046,33733.7,23
1046,38552.8,61
1046,43371.9,18
1046,48191,14
1046,53010.1,12
1046,57829.2,10
1046,62648.3,3
1046,67467.4,0
1046,72286.5,0
1046,77105.6,0
1046,81924.7,0
1046,86743.8,0
1046,91562.9,0
1046,96382,0
1047,4819.1,11541
1047,9638.2,750
1047,14457.3,254
1047,19276.4,40
1047,24095.5,12
1047,28914.6,13
1047,33733.7,21
1047,38552.8,4
1047,43371.9,10
1047,48191,7
1047,53010.1,4
1047,57829.2,12
1047,62648.3,7
1047,67467.4,4
1047,72286.5,7
1047,77105.6,6
1047,81924.7,6
1047,86743.8,0
1047,91562.9,0
1047,96382,0
1048,4819.1,16125
1048,9638.2,947
1048,14457.3,179
1048,19276.4,0
1048,24095.5,0
1048,28914.6,0
1048,33733.7,0
1048,38552.8,0
1048,43371.9,0
1048,48191,0
1048,53010.1,0
1048,57829.2,0
1048,62648.3,0
1048,67467.4,0
1048,72286.5,0
1048,77105.6,0
1048,81924.7,0
1048,86743.8,0
1048,91562.9,0
1048,96382,0
1049,4819.1,17454
1049,9638.2,629
1049,14457.3,138
1049,19276.4,0
1049,24095.5,0
1049,28914.6,0
1049,33733.7,0
1049,38552.8,0
1049,43371.9,0
1049,48191,0
1049,53010.1,0
1049,57829.2,0
1049,62648.3,0
1049,67467.4,0
1049,72286.5,0
1049,77105.6,0
1049,81924.7,0
1049,86743.8,0
1049,91562.9,0
1049,96382,0
1050,4819.1,13072
1050,9638.2,976
1050,14457.3,165
1050,19276.4,0
1050,24095.5,0
1050,28914.6,0
1050,33733.7,0
1050,38552.8,0
1050,43371.9,0
1050,48191,0
1050,53010.1,0
1050,57829.2,0
1050,62648.3,0
1050,67467.4,0
1050,72286.5,0
1050,77105.6,0
1050,81924.7,0
1050,86743.8,0
1050,91562.9,0
1050,96382,0
1051,4819.1,9569
1051,9638.2,1335
1051,14457.3,236
1051,19276.4,29
1051,24095.5,0
1051,28914.6,0
1051,33733.7,0
1051,38552.8,0
1051,43371.9,0
1051,48191,0
1051,53010.1,0
1051,57829.2,0
1051,62648.3,0
1051,67467.4,0
1051,72286.5,0
1051,77105.6,0
1051,81924.7,0
1051,86743.8,0
1051,91562.9,0
1051,96382,0
1052,4819.1,9665
1052,9638.2,1373
1052,14457.3,185
1052,19276.4,34
1052,24095.5,17
1052,28914.6,13
1052,33733.7,0
1052,38552.8,0
1052,43371.9,0
1052,48191,0
1052,53010.1,0
1052,57829.2,0
1052,62648.3,0
1052,67467.4,0
1052,72286.5,0
1052,77105.6,0
1052,81924.7,0
1052,86743.8,0
1052,91562.9,0
1052,96382,0
1053,4819.1,12029
1053,9638.2,984
1053,14457.3,333
1053,19276.4,10
1053,24095.5,0
1053,28914.6,0
1053,33733.7,0
1053,38552.8,0
1053,43371.9,0
1053,48191,0
1053,53010.1,0
1053,57829.2,0
1053,62648.3,0
1053,67467.4,0
1053,72286.5,0
1053,77105.6,0
1053,81924.7,0
1053,86743.8,0
1053,91562.9,0
1053,96382,0
1054,4819.1,14044
1054,9638.2,1079
1054,14457.3,217
1054,19276.4,23
1054,24095.5,4
1054,28914.6,0
1054,33733.7,0
1054,38552.8,0
1054,43371.9,0
1054,48191,0
1054,53010.1,0
1054,57829.2,0
1054,62648.3,0
1054,67467.4,0
1054,72286.5,0
1054,77105.6,0
1054,81924.7,0
1054,86743.8,0
1054,91562.9,0
1054,96382,0
1055,4819.1,25901
1055,9638.2,675
1055,14457.3,33
1055,19276.4,0
1055,24095.5,0
1055,28914.6,0
1055,33733.7,0
1055,38552.8,0
1055,43371.9,0
1055,48191,0
1055,53010.1,0
1055,57829.2,0
1055,62648.3,0
1055,67467.4,0
1055,72286.5,0
1055,77105.6,0
1055,81924.7,0
1055,86743.8,0
1055,91562.9,0
1055,96382,0
1056,4819.1,17085
1056,9638.2,1539
1056,14457.3,164
1056,19276.4,8
1056,24095.5,0
1056,28914.6,0
1056,33733.7,0
1056,38552.8,0
1056,43371.9,0
1056,48191,0
1056,53010.1,0
1056,57829.2,0
1056,62648.3,0
1056,67467.4,0
1056,72286.5,0
1056,77105.6,0
1056,81924.7,0
1056,86743.8,0
1056,91562.9,0
1056,96382,0
1057,4819.1,12193
1057,9638.2,1611
1057,14457.3,450
1057,19276.4,45
1057,24095.5,31
1057,28914.6,0
1057,33733.7,0
1057,38552.8,0
1057,43371.9,0
1057,48191,0
1057,53010.1,0
1057,57829.2,0
1057,62648.3,0
1057,67467.4,0
1057,72286.5,0
1057,77105.6,0
1057,81924.7,0
1057,86743.8,0
1057,91562.9,0
1057,96382,0
1058,4819.1,13244
1058,9638.2,1570
1058,14457.3,371
1058,19276.4,33
1058,24095.5,39
1058,28914.6,0
1058,33733.7,0
1058,38552.8,0
1058,43371.9,0
1058,48191,0
1058,53010.1,0
1058,57829.2,0
1058,62648.3,0
1058,67467.4,0
1058,72286.5,0
1058,77105.6,0
1058,81924.7,0
1058,86743.8,0
1058,91562.9,0
1058,96382,0
1059,4819.1,12938
1059,9638.2,1876
1059,14457.3,348
1059,19276.4,43
1059,24095.5,1
1059,28914.6,0
1059,33733.7,0
1059,38552.8,0
1059,43371.9,0
1059,48191,0
1059,53010.1,0
1059,57829.2,0
1059,62648.3,0
1059,67467.4,0
1059,72286.5,0
1059,77105.6,0
1059,81924.7,0
1059,86743.8,0
1059,91562.9,0
1059,96382,0
1060,4819.1,20627
1060,9638.2,1085
1060,14457.3,121
1060,19276.4,10
1060,24095.5,0
1060,28914.6,0
1060,33733.7,0
1060,38552.8,0
1060,43371.9,0
1060,48191,0
1060,53010.1,0
1060,57829.2,0
1060,62648.3,0
1060,67467.4,0
1060,72286.5,0
1060,77105.6,0
1060,81924.7,0
1060,86743.8,0
1060,91562.9,0
1060,96382,0
1061,4819.1,20671
1061,9638.2,266
1061,14457.3,9
1061,19276.4,0
1061,24095.5,0
1061,28914.6,0
1061,33733.7,0
1061,38552.8,0
1061,43371.9,0
1061,48191,0
1061,53010.1,0
1061,57829.2,0
1061,62648.3,0
1061,67467.4,0
1061,72286.5,0
1061,77105.6,0
1061,81924.7,0
1061,86743.8,0
1061,91562.9,0
1061,96382,0
1062,4819.1,10136
1062,9638.2,0
1062,14457.3,0
1062,19276.4,0
1062,24095.5,0
1062,28914.6,0
1062,33733.7,0
1062,38552.8,0
1062,43371.9,0
1062,48191,0
1062,53010.1,0
1062,57829.2,0
1062,62648.3,0
1062,67467.4,0
1062,72286.5,0
1062,77105.6,0
1062,81924.7,0
1062,86743.8,0
1062,91562.9,0
1062,96382,0
1063,4819.1,9705
1063,9638.2,0
1063,14457.3,0
1063,19276.4,0
1063,24095.5,0
1063,28914.6,0
1063,33733.7,0
1063,38552.8,0
1063,43371.9,0
1063,48191,0
1063,53010.1,0
1063,57829.2,0
1063,62648.3,0
1063,67467.4,0
1063,72286.5,0
1063,77105.6,0
1063,81924.7,0
1063,86743.8,0
1063,91562.9,0
1063,96382,0
1064,4819.1,8702
1064,9638.2,0
1064,14457.3,0
1064,19276.4,0
1064,24095.5,0
1064,28914.6,0
1064,33733.7,0
1064,38552.8,0
1064,43371.9,0
1064,48191,0
1064,53010.1,0
1064,57829.2,0
1064,62648.3,0
1064,67467.4,0
1064,72286.5,0
1064,77105.6,0
1064,81924.7,0
1064,86743.8,0
1064,91562.9,0
1064,96382,0
1065,4819.1,9258
1065,9638.2,0
1065,14457.3,0
1065,19276.4,0
1065,24095.5,0
1065,28914.6,0
1065,33733.7,0
1065,38552.8,0
1065,43371.9,0
1065,48191,0
1065,53010.1,0
1065,57829.2,0
1065,62648.3,0
1065,67467.4,0
1065,72286.5,0
1065,77105.6,0
1065,81924.7,0
1065,86743.8,0
1065,91562.9,0
1065,96382,0
1066,4819.1,9258
1066,9638.2,0
1066,14457.3,0
1066,19276.4,0
1066,24095.5,0
1066,28914.6,0
1066,33733.7,0
1066,38552.8,0
1066,43371.9,0
1066,48191,0
1066,53010.1,0
1066,57829.2,0
1066,62648.3,0
1066,67467.4,0
1066,72286.5,0
1066,77105.6,0
1066,81924.7,0
1066,86743.8,0
1066,91562.9,0
1066,96382,0
1067,4819.1,26538
1067,9638.2,598
1067,14457.3,0
1067,19276.4,0
1067,24095.5,0
1067,28914.6,0
1067,33733.7,0
1067,38552.8,0
1067,43371.9,0
1067,48191,0
1067,53010.1,0
1067,57829.2,0
1067,62648.3,0
1067,67467.4,0
1067,72286.5,0
1067,77105.6,0
1067,81924.7,0
1067,86743.8,0
1067,91562.9,0
1067,96382,0
1068,4819.1,20699
1068,9638.2,1012
1068,14457.3,121
1068,19276.4,37
1068,24095.5,8
1068,28914.6,0
1068,33733.7,0
1068,38552.8,0
1068,43371.9,0
1068,48191,0
1068,53010.1,0
1068,57829.2,0
1068,62648.3,0
1068,67467.4,0
1068,72286.5,0
1068,77105.6,0
1068,81924.7,0
1068,86743.8,0
1068,91562.9,0
1068,96382,0
1069,4819.1,16668
1069,9638.2,1409
1069,14457.3,260
1069,19276.4,30
1069,24095.5,0
1069,28914.6,0
1069,33733.7,0
1069,38552.8,0
1069,43371.9,0
1069,48191,0
1069,53010.1,0
1069,57829.2,0
1069,62648.3,0
1069,67467.4,0
1069,72286.5,0
1069,77105.6,0
1069,81924.7,0
1069,86743.8,0
1069,91562.9,0
1069,96382,0
1070,4819.1,12927
1070,9638.2,1791
1070,14457.3,343
1070,19276.4,60
1070,24095.5,0
1070,28914.6,0
1070,33733.7,0
1070,38552.8,0
1070,43371.9,0
1070,48191,0
1070,53010.1,0
1070,57829.2,0
1070,62648.3,0
1070,67467.4,0
1070,72286.5,0
1070,77105.6,0
1070,81924.7,0
1070,86743.8,0
1070,91562.9,0
1070,96382,0
1071,4819.1,10641
1071,9638.2,1587
1071,14457.3,473
1071,19276.4,84
1071,24095.5,2
1071,28914.6,0
1071,33733.7,0
1071,38552.8,0
1071,43371.9,0
1071,48191,0
1071,53010.1,0
1071,57829.2,0
1071,62648.3,0
1071,67467.4,0
1071,72286.5,0
1071,77105.6,0
1071,81924.7,0
1071,86743.8,0
1071,91562.9,0
1071,96382,0
1072,4819.1,17592
1072,9638.2,1231
1072,14457.3,329
1072,19276.4,14
1072,24095.5,0
1072,28914.6,0
1072,33733.7,0
1072,38552.8,0
1072,43371.9,0
1072,48191,0
1072,53010.1,0
1072,57829.2,0
1072,62648.3,0
1072,67467.4,0
1072,72286.5,0
1072,77105.6,0
1072,81924.7,0
1072,86743.8,0
1072,91562.9,0
1072,96382,0
1073,4819.1,25496
1073,9638.2,739
1073,14457.3,50
1073,19276.4,1
1073,24095.5,0
1073,28914.6,0
1073,33733.7,0
1073,38552.8,0
1073,43371.9,0
1073,48191,0
1073,53010.1,0
1073,57829.2,0
1073,62648.3,0
1073,67467.4,0
1073,72286.5,0
1073,77105.6,0
1073,81924.7,0
1073,86743.8,0
1073,91562.9,0
1073,96382,0
1074,4819.1,29702
1074,9638.2,268
1074,14457.3,0
1074,19276.4,0
1074,24095.5,0
1074,28914.6,0
1074,33733.7,0
1074,38552.8,0
1074,43371.9,0
1074,48191,0
1074,53010.1,0
1074,57829.2,0
1074,62648.3,0
1074,67467.4,0
1074,72286.5,0
1074,77105.6,0
1074,81924.7,0
1074,86743.8,0
1074,91562.9,0
1074,96382,0
1075,4819.1,26821
1075,9638.2,775
1075,14457.3,33
1075,19276.4,11
1075,24095.5,0
1075,28914.6,0
1075,33733.7,0
1075,38552.8,0
1075,43371.9,0
1075,48191,0
1075,53010.1,0
1075,57829.2,0
1075,62648.3,0
1075,67467.4,0
1075,72286.5,0
1075,77105.6,0
1075,81924.7,0
1075,86743.8,0
1075,91562.9,0
1075,96382,0
1076,4819.1,29781
1076,9638.2,488
1076,14457.3,1
1076,19276.4,0
1076,24095.5,0
1076,28914.6,0
1076,33733.7,0
1076,38552.8,0
1076,43371.9,0
1076,48191,0
1076,53010.1,0
1076,57829.2,0
1076,62648.3,0
1076,67467.4,0
1076,72286.5,0
1076,77105.6,0
1076,81924.7,0
1076,86743.8,0
1076,91562.9,0
1076,96382,0
1077,4819.1,29769
1077,9638.2,458
1077,14457.3,11
1077,19276.4,0
1077,24095.5,0
1077,28914.6,0
1077,33733.7,0
1077,38552.8,0
1077,43371.9,0
1077,48191,0
1077,53010.1,0
1077,57829.2,0
1077,62648.3,0
1077,67467.4,0
1077,72286.5,0
1077,77105.6,0
1077,81924.7,0
1077,86743.8,0
1077,91562.9,0
1077,96382,0
1078,4819.1,25424
1078,9638.2,759
1078,14457.3,35
1078,19276.4,3
1078,24095.5,0
1078,28914.6,0
1078,33733.7,0
1078,38552.8,0
1078,43371.9,0
1078,48191,0
1078,53010.1,0
1078,57829.2,0
1078,62648.3,0
1078,67467.4,0
1078,72286.5,0
1078,77105.6,0
1078,81924.7,0
1078,86743.8,0
1078,91562.9,0
1078,96382,0
1079,4819.1,23104
1079,9638.2,857
1079,14457.3,41
1079,19276.4,0
1079,24095.5,0
1079,28914.6,0
1079,33733.7,0
1079,38552.8,0
1079,43371.9,0
1079,48191,0
1079,53010.1,0
1079,57829.2,0
1079,62648.3,0
1079,67467.4,0
1079,72286.5,0
1079,77105.6,0
1079,81924.7,0
1079,86743.8,0
1079,91562.9,0
1079,96382,0
1080,4819.1,21082
1080,9638.2,881
1080,14457.3,141
1080,19276.4,14
1080,24095.5,0
1080,28914.6,0
1080,33733.7,0
1080,38552.8,0
1080,43371.9,0
1080,48191,0
1080,53010.1,0
1080,57829.2,0
1080,62648.3,0
1080,67467.4,0
1080,72286.5,0
1080,77105.6,0
1080,81924.7,0
1080,86743.8,0
1080,91562.9,0
1080,96382,0
1081,4819.1,21792
1081,9638.2,1088
1081,14457.3,241
1081,19276.4,26
1081,24095.5,0
1081,28914.6,0
1081,33733.7,0
1081,38552.8,0
1081,43371.9,0
1081,48191,0
1081,53010.1,0
1081,57829.2,0
1081,62648.3,0
1081,67467.4,0
1081,72286.5,0
1081,77105.6,0
1081,81924.7,0
1081,86743.8,0
1081,91562.9,0
1081,96382,0
1082,4819.1,13732
1082,9638.2,1630
1082,14457.3,290
1082,19276.4,55
1082,24095.5,2
1082,28914.6,0
1082,33733.7,0
1082,38552.8,0
1082,43371.9,0
1082,48191,0
1082,53010.1,0
1082,57829.2,0
1082,62648.3,0
1082,67467.4,0
1082,72286.5,0
1082,77105.6,0
1082,81924.7,0
1082,86743.8,0
1082,91562.9,0
1082,96382,0
1083,4819.1,14043
1083,9638.2,1588
1083,14457.3,239
1083,19276.4,60
1083,24095.5,22
1083,28914.6,4
1083,33733.7,6
1083,38552.8,0
1083,43371.9,0
1083,48191,0
1083,53010.1,0
1083,57829.2,0
1083,62648.3,0
1083,67467.4,0
1083,72286.5,0
1083,77105.6,0
1083,81924.7,0
1083,86743.8,0
1083,91562.9,0
1083,96382,0
1084,4819.1,14168
1084,9638.2,1510
1084,14457.3,281
1084,19276.4,29
1084,24095.5,0
1084,28914.6,0
1084,33733.7,0
1084,38552.8,0
1084,43371.9,0
1084,48191,0
1084,53010.1,0
1084,57829.2,0
1084,62648.3,0
1084,67467.4,0
1084,72286.5,0
1084,77105.6,0
1084,81924.7,0
1084,86743.8,0
1084,91562.9,0
1084,96382,0
1085,4819.1,17263
1085,9638.2,1616
1085,14457.3,129
1085,19276.4,5
1085,24095.5,0
1085,28914.6,0
1085,33733.7,0
1085,38552.8,0
1085,43371.9,0
1085,48191,0
1085,53010.1,0
1085,57829.2,0
1085,62648.3,0
1085,67467.4,0
1085,72286.5,0
1085,77105.6,0
1085,81924.7,0
1085,86743.8,0
1085,91562.9,0
1085,96382,0
1086,4819.1,28461
1086,9638.2,587
1086,14457.3,23
1086,19276.4,0
1086,24095.5,0
1086,28914.6,0
1086,33733.7,0
1086,38552.8,0
1086,43371.9,0
1086,48191,0
1086,53010.1,0
1086,57829.2,0
1086,62648.3,0
1086,67467.4,0
1086,72286.5,0
1086,77105.6,0
1086,81924.7,0
1086,86743.8,0
1086,91562.9,0
1086,96382,0
1087,4819.1,15360
1087,9638.2,50
1087,14457.3,0
1087,19276.4,0
1087,24095.5,0
1087,28914.6,0
1087,33733.7,0
1087,38552.8,0
1087,43371.9,0
1087,48191,0
1087,53010.1,0
1087,57829.2,0
1087,62648.3,0
1087,67467.4,0
1087,72286.5,0
1087,77105.6,0
1087,81924.7,0
1087,86743.8,0
1087,91562.9,0
1087,96382,0
1088,4819.1,15310
1088,9638.2,0
1088,14457.3,0
1088,19276.4,0
1088,24095.5,0
1088,28914.6,0
1088,33733.7,0
1088,38552.8,0
1088,43371.9,0
1088,48191,0
1088,53010.1,0
1088,57829.2,0
1088,62648.3,0
1088,67467.4,0
1088,72286.5,0
1088,77105.6,0
1088,81924.7,0
1088,86743.8,0
1088,91562.9,0
1088,96382,0
1089,4819.1,17826
1089,9638.2,0
1089,14457.3,0
1089,19276.4,0
1089,24095.5,0
1089,28914.6,0
1089,33733.7,0
1089,38552.8,0
1089,43371.9,0
1089,48191,0
1089,53010.1,0
1089,57829.2,0
1089,62648.3,0
1089,67467.4,0
1089,72286.5,0
1089,77105.6,0
1089,81924.7,0
1089,86743.8,0
1089,91562.9,0
1089,96382,0
1090,4819.1,17949
1090,9638.2,0
1090,14457.3,0
1090,19276.4,0
1090,24095.5,0
1090,28914.6,0
1090,33733.7,0
1090,38552.8,0
1090,43371.9,0
1090,48191,0
1090,53010.1,0
1090,57829.2,0
1090,62648.3,0
1090,67467.4,0
1090,72286.5,0
1090,77105.6,0
1090,81924.7,0
1090,86743.8,0
1090,91562.9,0
1090,96382,0
1091,4819.1,17241
1091,9638.2,0
1091,14457.3,0
1091,19276.4,0
1091,24095.5,0
1091,28914.6,0
1091,33733.7,0
1091,38552.8,0
1091,43371.9,0
1091,48191,0
1091,53010.1,0
1091,57829.2,0
1091,62648.3,0
1091,67467.4,0
1091,72286.5,0
1091,77105.6,0
1091,81924.7,0
1091,86743.8,0
1091,91562.9,0
1091,96382,0
1092,4819.1,17225
1092,9638.2,0
1092,14457.3,0
1092,19276.4,0
1092,24095.5,0
1092,28914.6,0
1092,33733.7,0
1092,38552.8,0
1092,43371.9,0
1092,48191,0
1092,53010.1,0
1092,57829.2,0
1092,62648.3,0
1092,67467.4,0
1092,72286.5,0
1092,77105.6,0
1092,81924.7,0
1092,86743.8,0
1092,91562.9,0
1092,96382,0
1093,4819.1,17140
1093,9638.2,0
1093,14457.3,0
1093,19276.4,0
1093,24095.5,0
1093,28914.6,0
1093,33733.7,0
1093,38552.8,0
1093,43371.9,0
1093,48191,0
1093,53010.1,0
1093,57829.2,0
1093,62648.3,0
1093,67467.4,0
1093,72286.5,0
1093,77105.6,0
1093,81924.7,0
1093,86743.8,0
1093,91562.9,0
1093,96382,0
1094,4819.1,17527
1094,9638.2,0
1094,14457.3,0
1094,19276.4,0
1094,24095.5,0
1094,28914.6,0
1094,33733.7,0
1094,38552.8,0
1094,43371.9,0
1094,48191,0
1094,53010.1,0
1094,57829.2,0
1094,62648.3,0
1094,67467.4,0
1094,72286.5,0
1094,77105.6,0
1094,81924.7,0
1094,86743.8,0
1094,91562.9,0
1094,96382,0
1095,4819.1,17849
1095,9638.2,0
1095,14457.3,0
1095,19276.4,0
1095,24095.5,0
1095,28914.6,0
1095,33733.7,0
1095,38552.8,0
1095,43371.9,0
1095,48191,0
1095,53010.1,0
1095,57829.2,0
1095,62648.3,0
1095,67467.4,0
1095,72286.5,0
1095,77105.6,0
1095,81924.7,0
1095,86743.8,0
1095,91562.9,0
1095,96382,0
1096,4819.1,17834
1096,9638.2,0
1096,14457.3,0
1096,19276.4,0
1096,24095.5,0
1096,28914.6,0
1096,33733.7,0
1096,38552.8,0
1096,43371.9,0
1096,48191,0
1096,53010.1,0
1096,57829.2,0
1096,62648.3,0
1096,67467.4,0
1096,72286.5,0
1096,77105.6,0
1096,81924.7,0
1096,86743.8,0
1096,91562.9,0
1096,96382,0
1097,4819.1,15032
1097,9638.2,0
1097,14457.3,0
1097,19276.4,0
1097,24095.5,0
1097,28914.6,0
1097,33733.7,0
1097,38552.8,0
1097,43371.9,0
1097,48191,0
1097,53010.1,0
1097,57829.2,0
1097,62648.3,0
1097,67467.4,0
1097,72286.5,0
1097,77105.6,0
1097,81924.7,0
1097,86743.8,0
1097,91562.9,0
1097,96382,0
1098,4819.1,11377
1098,9638.2,0
1098,14457.3,0
1098,19276.4,0
1098,24095.5,0
1098,28914.6,0
1098,33733.7,0
1098,38552.8,0
1098,43371.9,0
1098,48191,0
1098,53010.1,0
1098,57829.2,0
1098,62648.3,0
1098,67467.4,0
1098,72286.5,0
1098,77105.6,0
1098,81924.7,0
1098,86743.8,0
1098,91562.9,0
1098,96382,0
1099,4819.1,5140
1099,9638.2,69
1099,14457.3,15
1099,19276.4,3
1099,24095.5,0
1099,28914.6,0
1099,33733.7,0
1099,38552.8,0
1099,43371.9,0
1099,48191,0
1099,53010.1,0
1099,57829.2,0
1099,62648.3,0
1099,67467.4,0
1099,72286.5,0
1099,77105.6,0
1099,81924.7,0
1099,86743.8,0
1099,91562.9,0
1099,96382,0
1100,4819.1,4163
1100,9638.2,37
1100,14457.3,18
1100,19276.4,16
1100,24095.5,6
1100,28914.6,0
1100,33733.7,0
1100,38552.8,0
1100,43371.9,0
1100,48191,0
1100,53010.1,0
1100,57829.2,0
1100,62648.3,0
1100,67467.4,0
1100,72286.5,0
1100,77105.6,0
1100,81924.7,0
1100,86743.8,0
1100,91562.9,0
1100,96382,0
1101,4819.1,4750
1101,9638.2,0
1101,14457.3,0
1101,19276.4,0
1101,24095.5,0
1101,28914.6,0
1101,33733.7,0
1101,38552.8,0
1101,43371.9,0
1101,48191,0
1101,53010.1,0
1101,57829.2,0
1101,62648.3,0
1101,67467.4,0
1101,72286.5,0
1101,77105.6,0
1101,81924.7,0
1101,86743.8,0
1101,91562.9,0
1101,96382,0
1102,4819.1,531
1102,9638.2,12
1102,14457.3,11
1102,19276.4,17
1102,24095.5,14
1102,28914.6,10
1102,33733.7,12
1102,38552.8,15
1102,43371.9,11
1102,48191,15
1102,53010.1,13
1102,57829.2,14
1102,62648.3,13
1102,67467.4,10
1102,72286.5,13
1102,77105.6,11
1102,81924.7,12
1102,86743.8,10
1102,91562.9,11
1102,96382,4
1103,4819.1,4802
1103,9638.2,5
1103,14457.3,6
1103,19276.4,8
1103,24095.5,5
1103,28914.6,4
1103,33733.7,7
1103,38552.8,4
1103,43371.9,5
1103,48191,6
1103,53010.1,5
1103,57829.2,3
1103,62648.3,4
1103,67467.4,4
1103,72286.5,3
1103,77105.6,5
1103,81924.7,3
1103,86743.8,2
1103,91562.9,2
1103,96382,1
1104,4819.1,4470
1104,9638.2,7
1104,14457.3,7
1104,19276.4,10
1104,24095.5,9
1104,28914.6,8
1104,33733.7,8
1104,38552.8,7
1104,43371.9,8
1104,48191,10
1104,53010.1,6
1104,57829.2,6
1104,62648.3,7
1104,67467.4,7
1104,72286.5,6
1104,77105.6,6
1104,81924.7,4
1104,86743.8,6
1104,91562.9,5
1104,96382,2
1105,4819.1,3469
1105,9638.2,8
1105,14457.3,8
1105,19276.4,10
1105,24095.5,8
1105,28914.6,6
1105,33733.7,8
1105,38552.8,8
1105,43371.9,7
1105,48191,8
1105,53010.1,8
1105,57829.2,7
1105,62648.3,8
1105,67467.4,7
1105,72286.5,9
1105,77105.6,6
1105,81924.7,9
1105,86743.8,7
1105,91562.9,7
1105,96382,3
1106,4819.1,5922
1106,9638.2,6
1106,14457.3,6
1106,19276.4,8
1106,24095.5,8
1106,28914.6,5
1106,33733.7,6
1106,38552.8,8
1106,43371.9,6
1106,48191,6
1106,53010.1,8
1106,57829.2,6
1106,62648.3,9
1106,67467.4,7
1106,72286.5,8
1106,77105.6,8
1106,81924.7,5
1106,86743.8,3
1106,91562.9,5
1106,96382,1
1107,4819.1,56989
1107,9638.2,0
1107,14457.3,0
1107,19276.4,0
1107,24095.5,0
1107,28914.6,0
1107,33733.7,0
1107,38552.8,0
1107,43371.9,0
1107,48191,0
1107,53010.1,0
1107,57829.2,0
1107,62648.3,0
1107,67467.4,0
1107,72286.5,0
1107,77105.6,0
1107,81924.7,0
1107,86743.8,0
1107,91562.9,0
1107,96382,0
1108,4819.1,61921
1108,9638.2,0
1108,14457.3,0
1108,19276.4,0
1108,24095.5,0
1108,28914.6,0
1108,33733.7,0
1108,38552.8,0
1108,43371.9,0
1108,48191,0
1108,53010.1,0
1108,57829.2,0
1108,62648.3,0
1108,67467.4,0
1108,72286.5,0
1108,77105.6,0
1108,81924.7,0
1108,86743.8,0
1108,91562.9,0
1108,96382,0
1109,4819.1,67340
1109,9638.2,0
1109,14457.3,0
1109,19276.4,0
1109,24095.5,0
1109,28914.6,0
1109,33733.7,0
1109,38552.8,0
1109,43371.9,0
1109,48191,0
1109,53010.1,0
1109,57829.2,0
1109,62648.3,0
1109,67467.4,0
1109,72286.5,0
1109,77105.6,0
1109,81924.7,0
1109,86743.8,0
1109,91562.9,0
1109,96382,0
1110,4819.1,83470
1110,9638.2,0
1110,14457.3,0
1110,19276.4,0
1110,24095.5,0
1110,28914.6,0
1110,33733.7,0
1110,38552.8,0
1110,43371.9,0
1110,48191,0
1110,53010.1,0
1110,57829.2,0
1110,62648.3,0
1110,67467.4,0
1110,72286.5,0
1110,77105.6,0
1110,81924.7,0
1110,86743.8,0
1110,91562.9,0
1110,96382,0
1111,4819.1,83172
1111,9638.2,0
1111,14457.3,0
1111,19276.4,0
1111,24095.5,0
1111,28914.6,0
1111,33733.7,0
1111,38552.8,0
1111,43371.9,0
1111,48191,0
1111,53010.1,0
1111,57829.2,0
1111,62648.3,0
1111,67467.4,0
1111,72286.5,0
1111,77105.6,0
1111,81924.7,0
1111,86743.8,0
1111,91562.9,0
1111,96382,0
1112,4819.1,82398
1112,9638.2,0
1112,14457.3,0
1112,19276.4,0
1112,24095.5,0
1112,28914.6,0
1112,33733.7,0
1112,38552.8,0
1112,43371.9,0
1112,48191,0
1112,53010.1,0
1112,57829.2,0
1112,62648.3,0
1112,67467.4,0
1112,72286.5,0
1112,77105.6,0
1112,81924.7,0
1112,86743.8,0
1112,91562.9,0
1112,96382,0
1113,4819.1,83864
1113,9638.2,0
1113,14457.3,0
1113,19276.4,0
1113,24095.5,0
1113,28914.6,0
1113,33733.7,0
1113,38552.8,0
1113,43371.9,0
1113,48191,0
1113,53010.1,0
1113,57829.2,0
1113,62648.3,0
1113,67467.4,0
1113,72286.5,0
1113,77105.6,0
1113,81924.7,0
1113,86743.8,0
1113,91562.9,0
1113,96382,0
1114,4819.1,83511
1114,9638.2,0
1114,14457.3,0
1114,19276.4,0
1114,24095.5,0
1114,28914.6,0
1114,33733.7,0
1114,38552.8,0
1114,43371.9,0
1114,48191,0
1114,53010.1,0
1114,57829.2,0
1114,62648.3,0
1114,67467.4,0
1114,72286.5,0
1114,77105.6,0
1114,81924.7,0
1114,86743.8,0
1114,91562.9,0
1114,96382,0
1115,4819.1,77458
1115,9638.2,0
1115,14457.3,0
1115,19276.4,0
1115,24095.5,0
1115,28914.6,0
1115,33733.7,0
1115,38552.8,0
1115,43371.9,0
1115,48191,0
1115,53010.1,0
1115,57829.2,0
1115,62648.3,0
1115,67467.4,0
1115,72286.5,0
1115,77105.6,0
1115,81924.7,0
1115,86743.8,0
1115,91562.9,0
1115,96382,0
1116,4819.1,59632
1116,9638.2,0
1116,14457.3,0
1116,19276.4,0
1116,24095.5,0
1116,28914.6,0
1116,33733.7,0
1116,38552.8,0
1116,43371.9,0
1116,48191,0
1116,53010.1,0
1116,57829.2,0
1116,62648.3,0
1116,67467.4,0
1116,72286.5,0
1116,77105.6,0
1116,81924.7,0
1116,86743.8,0
1116,91562.9,0
1116,96382,0
1117,4819.1,62568
1117,9638.2,0
1117,14457.3,0
1117,19276.4,0
1117,24095.5,0
1117,28914.6,0
1117,33733.7,0
1117,38552.8,0
1117,43371.9,0
1117,48191,0
1117,53010.1,0
1117,57829.2,0
1117,62648.3,0
1117,67467.4,0
1117,72286.5,0
1117,77105.6,0
1117,81924.7,0
1117,86743.8,0
1117,91562.9,0
1117,96382,0
1118,4819.1,67904
1118,9638.2,0
1118,14457.3,0
1118,19276.4,0
1118,24095.5,0
1118,28914.6,0
1118,33733.7,0
1118,38552.8,0
1118,43371.9,0
1118,48191,0
1118,53010.1,0
1118,57829.2,0
1118,62648.3,0
1118,67467.4,0
1118,72286.5,0
1118,77105.6,0
1118,81924.7,0
1118,86743.8,0
1118,91562.9,0
1118,96382,0
1119,4819.1,82734
1119,9638.2,0
1119,14457.3,0
1119,19276.4,0
1119,24095.5,0
1119,28914.6,0
1119,33733.7,0
1119,38552.8,0
1119,43371.9,0
1119,48191,0
1119,53010.1,0
1119,57829.2,0
1119,62648.3,0
1119,67467.4,0
1119,72286.5,0
1119,77105.6,0
1119,81924.7,0
1119,86743.8,0
1119,91562.9,0
1119,96382,0
1120,4819.1,83325
1120,9638.2,0
1120,14457.3,0
1120,19276.4,0
1120,24095.5,0
1120,28914.6,0
1120,33733.7,0
1120,38552.8,0
1120,43371.9,0
1120,48191,0
1120,53010.1,0
1120,57829.2,0
1120,62648.3,0
1120,67467.4,0
1120,72286.5,0
1120,77105.6,0
1120,81924.7,0
1120,86743.8,0
1120,91562.9,0
1120,96382,0
1121,4819.1,77419
1121,9638.2,0
1121,14457.3,0
1121,19276.4,0
1121,24095.5,0
1121,28914.6,0
1121,33733.7,0
1121,38552.8,0
1121,43371.9,0
1121,48191,0
1121,53010.1,0
1121,57829.2,0
1121,62648.3,0
1121,67467.4,0
1121,72286.5,0
1121,77105.6,0
1121,81924.7,0
1121,86743.8,0
1121,91562.9,0
1121,96382,0
1122,4819.1,55510
1122,9638.2,0
1122,14457.3,0
1122,19276.4,0
1122,24095.5,0
1122,28914.6,0
1122,33733.7,0
1122,38552.8,0
1122,43371.9,0
1122,48191,0
1122,53010.1,0
1122,57829.2,0
1122,62648.3,0
1122,67467.4,0
1122,72286.5,0
1122,77105.6,0
1122,81924.7,0
1122,86743.8,0
1122,91562.9,0
1122,96382,0
1123,4819.1,55766
1123,9638.2,0
1123,14457.3,0
1123,19276.4,0
1123,24095.5,0
1123,28914.6,0
1123,33733.7,0
1123,38552.8,0
1123,43371.9,0
1123,48191,0
1123,53010.1,0
1123,57829.2,0
1123,62648.3,0
1123,67467.4,0
1123,72286.5,0
1123,77105.6,0
1123,81924.7,0
1123,86743.8,0
1123,91562.9,0
1123,96382,0
1124,4819.1,56220
1124,9638.2,0
1124,14457.3,0
1124,19276.4,0
1124,24095.5,0
1124,28914.6,0
1124,33733.7,0
1124,38552.8,0
1124,43371.9,0
1124,48191,0
1124,53010.1,0
1124,57829.2,0
1124,62648.3,0
1124,67467.4,0
1124,72286.5,0
1124,77105.6,0
1124,81924.7,0
1124,86743.8,0
1124,91562.9,0
1124,96382,0
1125,4819.1,58023
1125,9638.2,0
1125,14457.3,0
1125,19276.4,0
1125,24095.5,0
1125,28914.6,0
1125,33733.7,0
1125,38552.8,0
1125,43371.9,0
1125,48191,0
1125,53010.1,0
1125,57829.2,0
1125,62648.3,0
1125,67467.4,0
1125,72286.5,0
1125,77105.6,0
1125,81924.7,0
1125,86743.8,0
1125,91562.9,0
1125,96382,0
1126,4819.1,54491
1126,9638.2,52
1126,14457.3,0
1126,19276.4,0
1126,24095.5,0
1126,28914.6,0
1126,33733.7,0
1126,38552.8,0
1126,43371.9,0
1126,48191,0
1126,53010.1,0
1126,57829.2,0
1126,62648.3,0
1126,67467.4,0
1126,72286.5,0
1126,77105.6,0
1126,81924.7,0
1126,86743.8,0
1126,91562.9,0
1126,96382,0
1127,4819.1,20424
1127,9638.2,0
1127,14457.3,0
1127,19276.4,0
1127,24095.5,0
1127,28914.6,0
1127,33733.7,0
1127,38552.8,0
1127,43371.9,0
1127,48191,0
1127,53010.1,0
1127,57829.2,0
1127,62648.3,0
1127,67467.4,0
1127,72286.5,0
1127,77105.6,0
1127,81924.7,0
1127,86743.8,0
1127,91562.9,0
1127,96382,0
1128,4819.1,17721
1128,9638.2,0
1128,14457.3,0
1128,19276.4,0
1128,24095.5,0
1128,28914.6,0
1128,33733.7,0
1128,38552.8,0
1128,43371.9,0
1128,48191,0
1128,53010.1,0
1128,57829.2,0
1128,62648.3,0
1128,67467.4,0
1128,72286.5,0
1128,77105.6,0
1128,81924.7,0
1128,86743.8,0
1128,91562.9,0
1128,96382,0
1129,4819.1,17812
1129,9638.2,0
1129,14457.3,0
1129,19276.4,0
1129,24095.5,0
1129,28914.6,0
1129,33733.7,0
1129,38552.8,0
1129,43371.9,0
1129,48191,0
1129,53010.1,0
1129,57829.2,0
1129,62648.3,0
1129,67467.4,0
1129,72286.5,0
1129,77105.6,0
1129,81924.7,0
1129,86743.8,0
1129,91562.9,0
1129,96382,0
1130,4819.1,17837
1130,9638.2,0
1130,14457.3,0
1130,19276.4,0
1130,24095.5,0
1130,28914.6,0
1130,33733.7,0
1130,38552.8,0
1130,43371.9,0
1130,48191,0
1130,53010.1,0
1130,57829.2,0
1130,62648.3,0
1130,67467.4,0
1130,72286.5,0
1130,77105.6,0
1130,81924.7,0
1130,86743.8,0
1130,91562.9,0
1130,96382,0
1131,4819.1,17247
1131,9638.2,0
1131,14457.3,0
1131,19276.4,0
1131,24095.5,0
1131,28914.6,0
1131,33733.7,0
1131,38552.8,0
1131,43371.9,0
1131,48191,0
1131,53010.1,0
1131,57829.2,0
1131,62648.3,0
1131,67467.4,0
1131,72286.5,0
1131,77105.6,0
1131,81924.7,0
1131,86743.8,0
1131,91562.9,0
1131,96382,0
1132,4819.1,17403
1132,9638.2,0
1132,14457.3,0
1132,19276.4,0
1132,24095.5,0
1132,28914.6,0
1132,33733.7,0
1132,38552.8,0
1132,43371.9,0
1132,48191,0
1132,53010.1,0
1132,57829.2,0
1132,62648.3,0
1132,67467.4,0
1132,72286.5,0
1132,77105.6,0
1132,81924.7,0
1132,86743.8,0
1132,91562.9,0
1132,96382,0
1133,4819.1,16746
1133,9638.2,0
1133,14457.3,0
1133,19276.4,0
1133,24095.5,0
1133,28914.6,0
1133,33733.7,0
1133,38552.8,0
1133,43371.9,0
1133,48191,0
1133,53010.1,0
1133,57829.2,0
1133,62648.3,0
1133,67467.4,0
1133,72286.5,0
1133,77105.6,0
1133,81924.7,0
1133,86743.8,0
1133,91562.9,0
1133,96382,0
1134,4819.1,17337
1134,9638.2,0
1134,14457.3,0
1134,19276.4,0
1134,24095.5,0
1134,28914.6,0
1134,33733.7,0
1134,38552.8,0
1134,43371.9,0
1134,48191,0
1134,53010.1,0
1134,57829.2,0
1134,62648.3,0
1134,67467.4,0
1134,72286.5,0
1134,77105.6,0
1134,81924.7,0
1134,86743.8,0
1134,91562.9,0
1134,96382,0
1135,4819.1,16274
1135,9638.2,0
1135,14457.3,0
1135,19276.4,0
1135,24095.5,0
1135,28914.6,0
1135,33733.7,0
1135,38552.8,0
1135,43371.9,0
1135,48191,0
1135,53010.1,0
1135,57829.2,0
1135,62648.3,0
1135,67467.4,0
1135,72286.5,0
1135,77105.6,0
1135,81924.7,0
1135,86743.8,0
1135,91562.9,0
1135,96382,0
1136,4819.1,15574
1136,9638.2,9
1136,14457.3,8
1136,19276.4,2
1136,24095.5,0
1136,28914.6,0
1136,33733.7,0
1136,38552.8,0
1136,43371.9,0
1136,48191,0
1136,53010.1,0
1136,57829.2,0
1136,62648.3,0
1136,67467.4,0
1136,72286.5,0
1136,77105.6,0
1136,81924.7,0
1136,86743.8,0
1136,91562.9,0
1136,96382,0
1137,4819.1,17309
1137,9638.2,0
1137,14457.3,0
1137,19276.4,0
1137,24095.5,0
1137,28914.6,0
1137,33733.7,0
1137,38552.8,0
1137,43371.9,0
1137,48191,0
1137,53010.1,0
1137,57829.2,0
1137,62648.3,0
1137,67467.4,0
1137,72286.5,0
1137,77105.6,0
1137,81924.7,0
1137,86743.8,0
1137,91562.9,0
1137,96382,0
1138,4819.1,17935
1138,9638.2,0
1138,14457.3,0
1138,19276.4,0
1138,24095.5,0
1138,28914.6,0
1138,33733.7,0
1138,38552.8,0
1138,43371.9,0
1138,48191,0
1138,53010.1,0
1138,57829.2,0
1138,62648.3,0
1138,67467.4,0
1138,72286.5,0
1138,77105.6,0
1138,81924.7,0
1138,86743.8,0
1138,91562.9,0
1138,96382,0
1139,4819.1,17913
1139,9638.2,0
1139,14457.3,0
1139,19276.4,0
1139,24095.5,0
1139,28914.6,0
1139,33733.7,0
1139,38552.8,0
1139,43371.9,0
1139,48191,0
1139,53010.1,0
1139,57829.2,0
1139,62648.3,0
1139,67467.4,0
1139,72286.5,0
1139,77105.6,0
1139,81924.7,0
1139,86743.8,0
1139,91562.9,0
1139,96382,0
1140,4819.1,16874
1140,9638.2,0
1140,14457.3,0
1140,19276.4,0
1140,24095.5,0
1140,28914.6,0
1140,33733.7,0
1140,38552.8,0
1140,43371.9,0
1140,48191,0
1140,53010.1,0
1140,57829.2,0
1140,62648.3,0
1140,67467.4,0
1140,72286.5,0
1140,77105.6,0
1140,81924.7,0
1140,86743.8,0
1140,91562.9,0
1140,96382,0
1141,4819.1,12529
1141,9638.2,0
1141,14457.3,0
1141,19276.4,0
1141,24095.5,0
1141,28914.6,0
1141,33733.7,0
1141,38552.8,0
1141,43371.9,0
1141,48191,0
1141,53010.1,0
1141,57829.2,0
1141,62648.3,0
1141,67467.4,0
1141,72286.5,0
1141,77105.6,0
1141,81924.7,0
1141,86743.8,0
1141,91562.9,0
1141,96382,0
1142,4819.1,16953
1142,9638.2,106
1142,14457.3,0
1142,19276.4,0
1142,24095.5,0
1142,28914.6,0
1142,33733.7,0
1142,38552.8,0
1142,43371.9,0
1142,48191,0
1142,53010.1,0
1142,57829.2,0
1142,62648.3,0
1142,67467.4,0
1142,72286.5,0
1142,77105.6,0
1142,81924.7,0
1142,86743.8,0
1142,91562.9,0
1142,96382,0
1143,4819.1,27237
1143,9638.2,435
1143,14457.3,9
1143,19276.4,0
1143,24095.5,0
1143,28914.6,0
1143,33733.7,0
1143,38552.8,0
1143,43371.9,0
1143,48191,0
1143,53010.1,0
1143,57829.2,0
1143,62648.3,0
1143,67467.4,0
1143,72286.5,0
1143,77105.6,0
1143,81924.7,0
1143,86743.8,0
1143,91562.9,0
1143,96382,0
1144,4819.1,19121
1144,9638.2,1329
1144,14457.3,145
1144,19276.4,19
1144,24095.5,0
1144,28914.6,0
1144,33733.7,0
1144,38552.8,0
1144,43371.9,0
1144,48191,0
1144,53010.1,0
1144,57829.2,0
1144,62648.3,0
1144,67467.4,0
1144,72286.5,0
1144,77105.6,0
1144,81924.7,0
1144,86743.8,0
1144,91562.9,0
1144,96382,0
1145,4819.1,13143
1145,9638.2,1621
1145,14457.3,378
1145,19276.4,43
1145,24095.5,8
1145,28914.6,0
1145,33733.7,0
1145,38552.8,0
1145,43371.9,0
1145,48191,0
1145,53010.1,0
1145,57829.2,0
1145,62648.3,0
1145,67467.4,0
1145,72286.5,0
1145,77105.6,0
1145,81924.7,0
1145,86743.8,0
1145,91562.9,0
1145,96382,0
1146,4819.1,13124
1146,9638.2,1851
1146,14457.3,256
1146,19276.4,65
1146,24095.5,0
1146,28914.6,0
1146,33733.7,0
1146,38552.8,0
1146,43371.9,0
1146,48191,0
1146,53010.1,0
1146,57829.2,0
1146,62648.3,0
1146,67467.4,0
1146,72286.5,0
1146,77105.6,0
1146,81924.7,0
1146,86743.8,0
1146,91562.9,0
1146,96382,0
1147,4819.1,11494
1147,9638.2,1598
1147,14457.3,473
1147,19276.4,84
1147,24095.5,44
1147,28914.6,22
1147,33733.7,0
1147,38552.8,0
1147,43371.9,0
1147,48191,0
1147,53010.1,0
1147,57829.2,0
1147,62648.3,0
1147,67467.4,0
1147,72286.5,0
1147,77105.6,0
1147,81924.7,0
1147,86743.8,0
1147,91562.9,0
1147,96382,0
1148,4819.1,22433
1148,9638.2,1003
1148,14457.3,83
1148,19276.4,37
1148,24095.5,0
1148,28914.6,0
1148,33733.7,0
1148,38552.8,0
1148,43371.9,0
1148,48191,0
1148,53010.1,0
1148,57829.2,0
1148,62648.3,0
1148,67467.4,0
1148,72286.5,0
1148,77105.6,0
1148,81924.7,0
1148,86743.8,0
1148,91562.9,0
1148,96382,0
1149,4819.1,28469
1149,9638.2,466
1149,14457.3,22
1149,19276.4,0
1149,24095.5,0
1149,28914.6,0
1149,33733.7,0
1149,38552.8,0
1149,43371.9,0
1149,48191,0
1149,53010.1,0
1149,57829.2,0
1149,62648.3,0
1149,67467.4,0
1149,72286.5,0
1149,77105.6,0
1149,81924.7,0
1149,86743.8,0
1149,91562.9,0
1149,96382,0
1150,4819.1,29060
1150,9638.2,426
1150,14457.3,0
1150,19276.4,0
1150,24095.5,0
1150,28914.6,0
1150,33733.7,0
1150,38552.8,0
1150,43371.9,0
1150,48191,0
1150,53010.1,0
1150,57829.2,0
1150,62648.3,0
1150,67467.4,0
1150,72286.5,0
1150,77105.6,0
1150,81924.7,0
1150,86743.8,0
1150,91562.9,0
1150,96382,0
1151,4819.1,29370
1151,9638.2,470
1151,14457.3,0
1151,19276.4,0
1151,24095.5,0
1151,28914.6,0
1151,33733.7,0
1151,38552.8,0
1151,43371.9,0
1151,48191,0
1151,53010.1,0
1151,57829.2,0
1151,62648.3,0
1151,67467.4,0
1151,72286.5,0
1151,77105.6,0
1151,81924.7,0
1151,86743.8,0
1151,91562.9,0
1151,96382,0
1152,4819.1,30453
1152,9638.2,324
1152,14457.3,14
1152,19276.4,0
1152,24095.5,0
1152,28914.6,0
1152,33733.7,0
1152,38552.8,0
1152,43371.9,0
1152,48191,0
1152,53010.1,0
1152,57829.2,0
1152,62648.3,0
1152,67467.4,0
1152,72286.5,0
1152,77105.6,0
1152,81924.7,0
1152,86743.8,0
1152,91562.9,0
1152,96382,0
1153,4819.1,29694
1153,9638.2,528
1153,14457.3,0
1153,19276.4,0
1153,24095.5,0
1153,28914.6,0
1153,33733.7,0
1153,38552.8,0
1153,43371.9,0
1153,48191,0
1153,53010.1,0
1153,57829.2,0
1153,62648.3,0
1153,67467.4,0
1153,72286.5,0
1153,77105.6,0
1153,81924.7,0
1153,86743.8,0
1153,91562.9,0
1153,96382,0
1154,4819.1,22152
1154,9638.2,818
1154,14457.3,33
1154,19276.4,0
1154,24095.5,0
1154,28914.6,0
1154,33733.7,0
1154,38552.8,0
1154,43371.9,0
1154,48191,0
1154,53010.1,0
1154,57829.2,0
1154,62648.3,0
1154,67467.4,0
1154,72286.5,0
1154,77105.6,0
1154,81924.7,0
1154,86743.8,0
1154,91562.9,0
1154,96382,0
1155,4819.1,23104
1155,9638.2,571
1155,14457.3,121
1155,19276.4,7
1155,24095.5,0
1155,28914.6,0
1155,33733.7,0
1155,38552.8,0
1155,43371.9,0
1155,48191,0
1155,53010.1,0
1155,57829.2,0
1155,62648.3,0
1155,67467.4,0
1155,72286.5,0
1155,77105.6,0
1155,81924.7,0
1155,86743.8,0
1155,91562.9,0
1155,96382,0
1156,4819.1,21052
1156,9638.2,987
1156,14457.3,94
1156,19276.4,16
1156,24095.5,0
1156,28914.6,0
1156,33733.7,0
1156,38552.8,0
1156,43371.9,0
1156,48191,0
1156,53010.1,0
1156,57829.2,0
1156,62648.3,0
1156,67467.4,0
1156,72286.5,0
1156,77105.6,0
1156,81924.7,0
1156,86743.8,0
1156,91562.9,0
1156,96382,0
1157,4819.1,17023
1157,9638.2,1461
1157,14457.3,208
1157,19276.4,7
1157,24095.5,0
1157,28914.6,0
1157,33733.7,0
1157,38552.8,0
1157,43371.9,0
1157,48191,0
1157,53010.1,0
1157,57829.2,0
1157,62648.3,0
1157,67467.4,0
1157,72286.5,0
1157,77105.6,0
1157,81924.7,0
1157,86743.8,0
1157,91562.9,0
1157,96382,0
1158,4819.1,12472
1158,9638.2,1591
1158,14457.3,337
1158,19276.4,75
1158,24095.5,46
1158,28914.6,2
1158,33733.7,16
1158,38552.8,6
1158,43371.9,0
1158,48191,0
1158,53010.1,0
1158,57829.2,0
1158,62648.3,0
1158,67467.4,0
1158,72286.5,0
1158,77105.6,0
1158,81924.7,0
1158,86743.8,0
1158,91562.9,0
1158,96382,0
1159,4819.1,12309
1159,9638.2,1628
1159,14457.3,281
1159,19276.4,96
1159,24095.5,3
1159,28914.6,0
1159,33733.7,0
1159,38552.8,0
1159,43371.9,0
1159,48191,0
1159,53010.1,0
1159,57829.2,0
1159,62648.3,0
1159,67467.4,0
1159,72286.5,0
1159,77105.6,0
1159,81924.7,0
1159,86743.8,0
1159,91562.9,0
1159,96382,0
1160,4819.1,14754
1160,9638.2,1742
1160,14457.3,252
1160,19276.4,34
1160,24095.5,0
1160,28914.6,0
1160,33733.7,0
1160,38552.8,0
1160,43371.9,0
1160,48191,0
1160,53010.1,0
1160,57829.2,0
1160,62648.3,0
1160,67467.4,0
1160,72286.5,0
1160,77105.6,0
1160,81924.7,0
1160,86743.8,0
1160,91562.9,0
1160,96382,0
1161,4819.1,26572
1161,9638.2,712
1161,14457.3,100
1161,19276.4,0
1161,24095.5,0
1161,28914.6,0
1161,33733.7,0
1161,38552.8,0
1161,43371.9,0
1161,48191,0
1161,53010.1,0
1161,57829.2,0
1161,62648.3,0
1161,67467.4,0
1161,72286.5,0
1161,77105.6,0
1161,81924.7,0
1161,86743.8,0
1161,91562.9,0
1161,96382,0
1162,4819.1,23292
1162,9638.2,376
1162,14457.3,42
1162,19276.4,0
1162,24095.5,0
1162,28914.6,0
1162,33733.7,0
1162,38552.8,0
1162,43371.9,0
1162,48191,0
1162,53010.1,0
1162,57829.2,0
1162,62648.3,0
1162,67467.4,0
1162,72286.5,0
1162,77105.6,0
1162,81924.7,0
1162,86743.8,0
1162,91562.9,0
1162,96382,0
1163,4819.1,10388
1163,9638.2,0
1163,14457.3,0
1163,19276.4,0
1163,24095.5,0
1163,28914.6,0
1163,33733.7,0
1163,38552.8,0
1163,43371.9,0
1163,48191,0
1163,53010.1,0
1163,57829.2,0
1163,62648.3,0
1163,67467.4,0
1163,72286.5,0
1163,77105.6,0
1163,81924.7,0
1163,86743.8,0
1163,91562.9,0
1163,96382,0
1164,4819.1,10389
1164,9638.2,0
1164,14457.3,0
1164,19276.4,0
1164,24095.5,0
1164,28914.6,0
1164,33733.7,0
1164,38552.8,0
1164,43371.9,0
1164,48191,0
1164,53010.1,0
1164,57829.2,0
1164,62648.3,0
1164,67467.4,0
1164,72286.5,0
1164,77105.6,0
1164,81924.7,0
1164,86743.8,0
1164,91562.9,0
1164,96382,0
1165,4819.1,10460
1165,9638.2,0
1165,14457.3,0
1165,19276.4,0
1165,24095.5,0
1165,28914.6,0
1165,33733.7,0
1165,38552.8,0
1165,43371.9,0
1165,48191,0
1165,53010.1,0
1165,57829.2,0
1165,62648.3,0
1165,67467.4,0
1165,72286.5,0
1165,77105.6,0
1165,81924.7,0
1165,86743.8,0
1165,91562.9,0
1165,96382,0
1166,4819.1,10559
1166,9638.2,0
1166,14457.3,0
1166,19276.4,0
1166,24095.5,0
1166,28914.6,0
1166,33733.7,0
1166,38552.8,0
1166,43371.9,0
1166,48191,0
1166,53010.1,0
1166,57829.2,0
1166,62648.3,0
1166,67467.4,0
1166,72286.5,0
1166,77105.6,0
1166,81924.7,0
1166,86743.8,0
1166,91562.9,0
1166,96382,0
1167,4819.1,10242
1167,9638.2,0
1167,14457.3,0
1167,19276.4,0
1167,24095.5,0
1167,28914.6,0
1167,33733.7,0
1167,38552.8,0
1167,43371.9,0
1167,48191,0
1167,53010.1,0
1167,57829.2,0
1167,62648.3,0
1167,67467.4,0
1167,72286.5,0
1167,77105.6,0
1167,81924.7,0
1167,86743.8,0
1167,91562.9,0
1167,96382,0
1168,4819.1,10358
1168,9638.2,0
1168,14457.3,0
1168,19276.4,0
1168,24095.5,0
1168,28914.6,0
1168,33733.7,0
1168,38552.8,0
1168,43371.9,0
1168,48191,0
1168,53010.1,0
1168,57829.2,0
1168,62648.3,0
1168,67467.4,0
1168,72286.5,0
1168,77105.6,0
1168,81924.7,0
1168,86743.8,0
1168,91562.9,0
1168,96382,0
1169,4819.1,11146
1169,9638.2,0
1169,14457.3,0
1169,19276.4,0
1169,24095.5,0
1169,28914.6,0
1169,33733.7,0
1169,38552.8,0
1169,43371.9,0
1169,48191,0
1169,53010.1,0
1169,57829.2,0
1169,62648.3,0
1169,67467.4,0
1169,72286.5,0
1169,77105.6,0
1169,81924.7,0
1169,86743.8,0
1169,91562.9,0
1169,96382,0
1170,4819.1,17933
1170,9638.2,0
1170,14457.3,0
1170,19276.4,0
1170,24095.5,0
1170,28914.6,0
1170,33733.7,0
1170,38552.8,0
1170,43371.9,0
1170,48191,0
1170,53010.1,0
1170,57829.2,0
1170,62648.3,0
1170,67467.4,0
1170,72286.5,0
1170,77105.6,0
1170,81924.7,0
1170,86743.8,0
1170,91562.9,0
1170,96382,0
1171,4819.1,17809
1171,9638.2,0
1171,14457.3,0
1171,19276.4,0
1171,24095.5,0
1171,28914.6,0
1171,33733.7,0
1171,38552.8,0
1171,43371.9,0
1171,48191,0
1171,53010.1,0
1171,57829.2,0
1171,62648.3,0
1171,67467.4,0
1171,72286.5,0
1171,77105.6,0
1171,81924.7,0
1171,86743.8,0
1171,91562.9,0
1171,96382,0
1172,4819.1,16912
1172,9638.2,0
1172,14457.3,0
1172,19276.4,0
1172,24095.5,0
1172,28914.6,0
1172,33733.7,0
1172,38552.8,0
1172,43371.9,0
1172,48191,0
1172,53010.1,0
1172,57829.2,0
1172,62648.3,0
1172,67467.4,0
1172,72286.5,0
1172,77105.6,0
1172,81924.7,0
1172,86743.8,0
1172,91562.9,0
1172,96382,0
1173,4819.1,10971
1173,9638.2,0
1173,14457.3,0
1173,19276.4,0
1173,24095.5,0
1173,28914.6,0
1173,33733.7,0
1173,38552.8,0
1173,43371.9,0
1173,48191,0
1173,53010.1,0
1173,57829.2,0
1173,62648.3,0
1173,67467.4,0
1173,72286.5,0
1173,77105.6,0
1173,81924.7,0
1173,86743.8,0
1173,91562.9,0
1173,96382,0
1174,4819.1,17874
1174,9638.2,0
1174,14457.3,0
1174,19276.4,0
1174,24095.5,0
1174,28914.6,0
1174,33733.7,0
1174,38552.8,0
1174,43371.9,0
1174,48191,0
1174,53010.1,0
1174,57829.2,0
1174,62648.3,0
1174,67467.4,0
1174,72286.5,0
1174,77105.6,0
1174,81924.7,0
1174,86743.8,0
1174,91562.9,0
1174,96382,0
1175,4819.1,17864
1175,9638.2,0
1175,14457.3,0
1175,19276.4,0
1175,24095.5,0
1175,28914.6,0
1175,33733.7,0
1175,38552.8,0
1175,43371.9,0
1175,48191,0
1175,53010.1,0
1175,57829.2,0
1175,62648.3,0
1175,67467.4,0
1175,72286.5,0
1175,77105.6,0
1175,81924.7,0
1175,86743.8,0
1175,91562.9,0
1175,96382,0
1176,4819.1,17840
1176,9638.2,0
1176,14457.3,0
1176,19276.4,0
1176,24095.5,0
1176,28914.6,0
1176,33733.7,0
1176,38552.8,0
1176,43371.9,0
1176,48191,0
1176,53010.1,0
1176,57829.2,0
1176,62648.3,0
1176,67467.4,0
1176,72286.5,0
1176,77105.6,0
1176,81924.7,0
1176,86743.8,0
1176,91562.9,0
1176,96382,0
1177,4819.1,10663
1177,9638.2,0
1177,14457.3,0
1177,19276.4,0
1177,24095.5,0
1177,28914.6,0
1177,33733.7,0
1177,38552.8,0
1177,43371.9,0
1177,48191,0
1177,53010.1,0
1177,57829.2,0
1177,62648.3,0
1177,67467.4,0
1177,72286.5,0
1177,77105.6,0
1177,81924.7,0
1177,86743.8,0
1177,91562.9,0
1177,96382,0
1178,4819.1,10467
1178,9638.2,0
1178,14457.3,0
1178,19276.4,0
1178,24095.5,0
1178,28914.6,0
1178,33733.7,0
1178,38552.8,0
1178,43371.9,0
1178,48191,0
1178,53010.1,0
1178,57829.2,0
1178,62648.3,0
1178,67467.4,0
1178,72286.5,0
1178,77105.6,0
1178,81924.7,0
1178,86743.8,0
1178,91562.9,0
1178,96382,0
1179,4819.1,10513
1179,9638.2,0
1179,14457.3,0
1179,19276.4,0
1179,24095.5,0
1179,28914.6,0
1179,33733.7,0
1179,38552.8,0
1179,43371.9,0
1179,48191,0
1179,53010.1,0
1179,57829.2,0
1179,62648.3,0
1179,67467.4,0
1179,72286.5,0
1179,77105.6,0
1179,81924.7,0
1179,86743.8,0
1179,91562.9,0
1179,96382,0
1180,4819.1,10284
1180,9638.2,0
1180,14457.3,0
1180,19276.4,0
1180,24095.5,0
1180,28914.6,0
1180,33733.7,0
1180,38552.8,0
1180,43371.9,0
1180,48191,0
1180,53010.1,0
1180,57829.2,0
1180,62648.3,0
1180,67467.4,0
1180,72286.5,0
1180,77105.6,0
1180,81924.7,0
1180,86743.8,0
1180,91562.9,0
1180,96382,0
1181,4819.1,10317
1181,9638.2,0
1181,14457.3,0
1181,19276.4,0
1181,24095.5,0
1181,28914.6,0
1181,33733.7,0
1181,38552.8,0
1181,43371.9,0
1181,48191,0
1181,53010.1,0
1181,57829.2,0
1181,62648.3,0
1181,67467.4,0
1181,72286.5,0
1181,77105.6,0
1181,81924.7,0
1181,86743.8,0
1181,91562.9,0
1181,96382,0
1182,4819.1,11300
1182,9638.2,0
1182,14457.3,0
1182,19276.4,0
1182,24095.5,0
1182,28914.6,0
1182,33733.7,0
1182,38552.8,0
1182,43371.9,0
1182,48191,0
1182,53010.1,0
1182,57829.2,0
1182,62648.3,0
1182,67467.4,0
1182,72286.5,0
1182,77105.6,0
1182,81924.7,0
1182,86743.8,0
1182,91562.9,0
1182,96382,0
1183,4819.1,13637
1183,9638.2,0
1183,14457.3,0
1183,19276.4,0
1183,24095.5,0
1183,28914.6,0
1183,33733.7,0
1183,38552.8,0
1183,43371.9,0
1183,48191,0
1183,53010.1,0
1183,57829.2,0
1183,62648.3,0
1183,67467.4,0
1183,72286.5,0
1183,77105.6,0
1183,81924.7,0
1183,86743.8,0
1183,91562.9,0
1183,96382,0
1184,4819.1,83814
1184,9638.2,0
1184,14457.3,0
1184,19276.4,0
1184,24095.5,0
1184,28914.6,0
1184,33733.7,0
1184,38552.8,0
1184,43371.9,0
1184,48191,0
1184,53010.1,0
1184,57829.2,0
1184,62648.3,0
1184,67467.4,0
1184,72286.5,0
1184,77105.6,0
1184,81924.7,0
1184,86743.8,0
1184,91562.9,0
1184,96382,0
1185,4819.1,83804
1185,9638.2,0
1185,14457.3,0
1185,19276.4,0
1185,24095.5,0
1185,28914.6,0
1185,33733.7,0
1185,38552.8,0
1185,43371.9,0
1185,48191,0
1185,53010.1,0
1185,57829.2,0
1185,62648.3,0
1185,67467.4,0
1185,72286.5,0
1185,77105.6,0
1185,81924.7,0
1185,86743.8,0
1185,91562.9,0
1185,96382,0
1186,4819.1,83041
1186,9638.2,0
1186,14457.3,0
1186,19276.4,0
1186,24095.5,0
1186,28914.6,0
1186,33733.7,0
1186,38552.8,0
1186,43371.9,0
1186,48191,0
1186,53010.1,0
1186,57829.2,0
1186,62648.3,0
1186,67467.4,0
1186,72286.5,0
1186,77105.6,0
1186,81924.7,0
1186,86743.8,0
1186,91562.9,0
1186,96382,0
1187,4819.1,69203
1187,9638.2,0
1187,14457.3,0
1187,19276.4,0
1187,24095.5,0
1187,28914.6,0
1187,33733.7,0
1187,38552.8,0
1187,43371.9,0
1187,48191,0
1187,53010.1,0
1187,57829.2,0
1187,62648.3,0
1187,67467.4,0
1187,72286.5,0
1187,77105.6,0
1187,81924.7,0
1187,86743.8,0
1187,91562.9,0
1187,96382,0
1188,4819.1,79958
1188,9638.2,0
1188,14457.3,0
1188,19276.4,0
1188,24095.5,0
1188,28914.6,0
1188,33733.7,0
1188,38552.8,0
1188,43371.9,0
1188,48191,0
1188,53010.1,0
1188,57829.2,0
1188,62648.3,0
1188,67467.4,0
1188,72286.5,0
1188,77105.6,0
1188,81924.7,0
1188,86743.8,0
1188,91562.9,0
1188,96382,0
1189,4819.1,83076
1189,9638.2,0
1189,14457.3,0
1189,19276.4,0
1189,24095.5,0
1189,28914.6,0
1189,33733.7,0
1189,38552.8,0
1189,43371.9,0
1189,48191,0
1189,53010.1,0
1189,57829.2,0
1189,62648.3,0
1189,67467.4,0
1189,72286.5,0
1189,77105.6,0
1189,81924.7,0
1189,86743.8,0
1189,91562.9,0
1189,96382,0
1190,4819.1,83942
1190,9638.2,0
1190,14457.3,0
1190,19276.4,0
1190,24095.5,0
1190,28914.6,0
1190,33733.7,0
1190,38552.8,0
1190,43371.9,0
1190,48191,0
1190,53010.1,0
1190,57829.2,0
1190,62648.3,0
1190,67467.4,0
1190,72286.5,0
1190,77105.6,0
1190,81924.7,0
1190,86743.8,0
1190,91562.9,0
1190,96382,0
1191,4819.1,58879
1191,9638.2,0
1191,14457.3,0
1191,19276.4,0
1191,24095.5,0
1191,28914.6,0
1191,33733.7,0
1191,38552.8,0
1191,43371.9,0
1191,48191,0
1191,53010.1,0
1191,57829.2,0
1191,62648.3,0
1191,67467.4,0
1191,72286.5,0
1191,77105.6,0
1191,81924.7,0
1191,86743.8,0
1191,91562.9,0
1191,96382,0
1192,4819.1,54083
1192,9638.2,0
1192,14457.3,0
1192,19276.4,0
1192,24095.5,0
1192,28914.6,0
1192,33733.7,0
1192,38552.8,0
1192,43371.9,0
1192,48191,0
1192,53010.1,0
1192,57829.2,0
1192,62648.3,0
1192,67467.4,0
1192,72286.5,0
1192,77105.6,0
1192,81924.7,0
1192,86743.8,0
1192,91562.9,0
1192,96382,0
1193,4819.1,36090
1193,9638.2,317
1193,14457.3,392
1193,19276.4,36
1193,24095.5,0
1193,28914.6,0
1193,33733.7,0
1193,38552.8,0
1193,43371.9,0
1193,48191,0
1193,53010.1,0
1193,57829.2,0
1193,62648.3,0
1193,67467.4,0
1193,72286.5,0
1193,77105.6,0
1193,81924.7,0
1193,86743.8,0
1193,91562.9,0
1193,96382,0
1194,4819.1,32857
1194,9638.2,443
1194,14457.3,321
1194,19276.4,60
1194,24095.5,22
1194,28914.6,0
1194,33733.7,0
1194,38552.8,0
1194,43371.9,0
1194,48191,0
1194,53010.1,0
1194,57829.2,0
1194,62648.3,0
1194,67467.4,0
1194,72286.5,0
1194,77105.6,0
1194,81924.7,0
1194,86743.8,0
1194,91562.9,0
1194,96382,0
1195,4819.1,54649
1195,9638.2,0
1195,14457.3,0
1195,19276.4,0
1195,24095.5,0
1195,28914.6,0
1195,33733.7,0
1195,38552.8,0
1195,43371.9,0
1195,48191,0
1195,53010.1,0
1195,57829.2,0
1195,62648.3,0
1195,67467.4,0
1195,72286.5,0
1195,77105.6,0
1195,81924.7,0
1195,86743.8,0
1195,91562.9,0
1195,96382,0
1196,4819.1,35725
1196,9638.2,272
1196,14457.3,202
1196,19276.4,81
1196,24095.5,3
1196,28914.6,0
1196,33733.7,0
1196,38552.8,0
1196,43371.9,0
1196,48191,0
1196,53010.1,0
1196,57829.2,0
1196,62648.3,0
1196,67467.4,0
1196,72286.5,0
1196,77105.6,0
1196,81924.7,0
1196,86743.8,0
1196,91562.9,0
1196,96382,0
1197,4819.1,26559
1197,9638.2,420
1197,14457.3,477
1197,19276.4,189
1197,24095.5,66
1197,28914.6,0
1197,33733.7,0
1197,38552.8,0
1197,43371.9,0
1197,48191,0
1197,53010.1,0
1197,57829.2,0
1197,62648.3,0
1197,67467.4,0
1197,72286.5,0
1197,77105.6,0
1197,81924.7,0
1197,86743.8,0
1197,91562.9,0
1197,96382,0
1198,4819.1,25370
1198,9638.2,330
1198,14457.3,450
1198,19276.4,233
1198,24095.5,96
1198,28914.6,2
1198,33733.7,0
1198,38552.8,0
1198,43371.9,0
1198,48191,0
1198,53010.1,0
1198,57829.2,0
1198,62648.3,0
1198,67467.4,0
1198,72286.5,0
1198,77105.6,0
1198,81924.7,0
1198,86743.8,0
1198,91562.9,0
1198,96382,0
1199,4819.1,32645
1199,9638.2,445
1199,14457.3,492
1199,19276.4,193
1199,24095.5,86
1199,28914.6,21
1199,33733.7,0
1199,38552.8,0
1199,43371.9,0
1199,48191,0
1199,53010.1,0
1199,57829.2,0
1199,62648.3,0
1199,67467.4,0
1199,72286.5,0
1199,77105.6,0
1199,81924.7,0
1199,86743.8,0
1199,91562.9,0
1199,96382,0
1200,4819.1,28828
1200,9638.2,549
1200,14457.3,333
1200,19276.4,246
1200,24095.5,231
1200,28914.6,24
1200,33733.7,5
1200,38552.8,0
1200,43371.9,0
1200,48191,0
1200,53010.1,0
1200,57829.2,0
1200,62648.3,0
1200,67467.4,0
1200,72286.5,0
1200,77105.6,0
1200,81924.7,0
1200,86743.8,0
1200,91562.9,0
1200,96382,0
1201,4819.1,32179
1201,9638.2,405
1201,14457.3,377
1201,19276.4,238
1201,24095.5,159
1201,28914.6,45
1201,33733.7,0
1201,38552.8,0
1201,43371.9,0
1201,48191,0
1201,53010.1,0
1201,57829.2,0
1201,62648.3,0
1201,67467.4,0
1201,72286.5,0
1201,77105.6,0
1201,81924.7,0
1201,86743.8,0
1201,91562.9,0
1201,96382,0
1202,4819.1,34218
1202,9638.2,446
1202,14457.3,275
1202,19276.4,280
1202,24095.5,133
1202,28914.6,53
1202,33733.7,0
1202,38552.8,0
1202,43371.9,0
1202,48191,0
1202,53010.1,0
1202,57829.2,0
1202,62648.3,0
1202,67467.4,0
1202,72286.5,0
1202,77105.6,0
1202,81924.7,0
1202,86743.8,0
1202,91562.9,0
1202,96382,0
1203,4819.1,26061
1203,9638.2,600
1203,14457.3,353
1203,19276.4,195
1203,24095.5,151
1203,28914.6,75
1203,33733.7,11
1203,38552.8,0
1203,43371.9,0
1203,48191,0
1203,53010.1,0
1203,57829.2,0
1203,62648.3,0
1203,67467.4,0
1203,72286.5,0
1203,77105.6,0
1203,81924.7,0
1203,86743.8,0
1203,91562.9,0
1203,96382,0
1204,4819.1,3265
1204,9638.2,41
1204,14457.3,39
1204,19276.4,31
1204,24095.5,26
1204,28914.6,0
1204,33733.7,0
1204,38552.8,0
1204,43371.9,0
1204,48191,0
1204,53010.1,0
1204,57829.2,0
1204,62648.3,0
1204,67467.4,0
1204,72286.5,0
1204,77105.6,0
1204,81924.7,0
1204,86743.8,0
1204,91562.9,0
1204,96382,0
1205,4819.1,55
1205,9638.2,53
1205,14457.3,45
1205,19276.4,23
1205,24095.5,17
1205,28914.6,0
1205,33733.7,0
1205,38552.8,0
1205,43371.9,0
1205,48191,0
1205,53010.1,0
1205,57829.2,0
1205,62648.3,0
1205,67467.4,0
1205,72286.5,0
1205,77105.6,0
1205,81924.7,0
1205,86743.8,0
1205,91562.9,0
1205,96382,0
1206,4819.1,29
1206,9638.2,38
1206,14457.3,33
1206,19276.4,26
1206,24095.5,20
1206,28914.6,1
1206,33733.7,0
1206,38552.8,0
1206,43371.9,0
1206,48191,0
1206,53010.1,0
1206,57829.2,0
1206,62648.3,0
1206,67467.4,0
1206,72286.5,0
1206,77105.6,0
1206,81924.7,0
1206,86743.8,0
1206,91562.9,0
1206,96382,0
1207,4819.1,35
1207,9638.2,40
1207,14457.3,36
1207,19276.4,38
1207,24095.5,30
1207,28914.6,0
1207,33733.7,0
1207,38552.8,0
1207,43371.9,0
1207,48191,0
1207,53010.1,0
1207,57829.2,0
1207,62648.3,0
1207,67467.4,0
1207,72286.5,0
1207,77105.6,0
1207,81924.7,0
1207,86743.8,0
1207,91562.9,0
1207,96382,0
1208,4819.1,31
1208,9638.2,32
1208,14457.3,33
1208,19276.4,36
1208,24095.5,32
1208,28914.6,1
1208,33733.7,0
1208,38552.8,0
1208,43371.9,0
1208,48191,0
1208,53010.1,0
1208,57829.2,0
1208,62648.3,0
1208,67467.4,0
1208,72286.5,0
1208,77105.6,0
1208,81924.7,0
1208,86743.8,0
1208,91562.9,0
1208,96382,0
1209,4819.1,28
1209,9638.2,33
1209,14457.3,31
1209,19276.4,31
1209,24095.5,25
1209,28914.6,1
1209,33733.7,0
1209,38552.8,0
1209,43371.9,0
1209,48191,0
1209,53010.1,0
1209,57829.2,0
1209,62648.3,0
1209,67467.4,0
1209,72286.5,0
1209,77105.6,0
1209,81924.7,0
1209,86743.8,0
1209,91562.9,0
1209,96382,0
1210,4819.1,33
1210,9638.2,45
1210,14457.3,43
1210,19276.4,39
1210,24095.5,22
1210,28914.6,2
1210,33733.7,0
1210,38552.8,0
1210,43371.9,0
1210,48191,0
1210,53010.1,0
1210,57829.2,0
1210,62648.3,0
1210,67467.4,0
1210,72286.5,0
1210,77105.6,0
1210,81924.7,0
1210,86743.8,0
1210,91562.9,0
1210,96382,0
1211,4819.1,32
1211,9638.2,48
1211,14457.3,39
1211,19276.4,37
1211,24095.5,16
1211,28914.6,0
1211,33733.7,0
1211,38552.8,0
1211,43371.9,0
1211,48191,0
1211,53010.1,0
1211,57829.2,0
1211,62648.3,0
1211,67467.4,0
1211,72286.5,0
1211,77105.6,0
1211,81924.7,0
1211,86743.8,0
1211,91562.9,0
1211,96382,0
1212,4819.1,29
1212,9638.2,38
1212,14457.3,33
1212,19276.4,28
1212,24095.5,22
1212,28914.6,0
1212,33733.7,0
1212,38552.8,0
1212,43371.9,0
1212,48191,0
1212,53010.1,0
1212,57829.2,0
1212,62648.3,0
1212,67467.4,0
1212,72286.5,0
1212,77105.6,0
1212,81924.7,0
1212,86743.8,0
1212,91562.9,0
1212,96382,0
1213,4819.1,574
1213,9638.2,53
1213,14457.3,52
1213,19276.4,27
1213,24095.5,16
1213,28914.6,2
1213,33733.7,0
1213,38552.8,0
1213,43371.9,0
1213,48191,0
1213,53010.1,0
1213,57829.2,0
1213,62648.3,0
1213,67467.4,0
1213,72286.5,0
1213,77105.6,0
1213,81924.7,0
1213,86743.8,0
1213,91562.9,0
1213,96382,0
1214,4819.1,5049
1214,9638.2,52
1214,14457.3,30
1214,19276.4,13
1214,24095.5,1
1214,28914.6,0
1214,33733.7,0
1214,38552.8,0
1214,43371.9,0
1214,48191,0
1214,53010.1,0
1214,57829.2,0
1214,62648.3,0
1214,67467.4,0
1214,72286.5,0
1214,77105.6,0
1214,81924.7,0
1214,86743.8,0
1214,91562.9,0
1214,96382,0
1215,4819.1,5732
1215,9638.2,49
1215,14457.3,25
1215,19276.4,7
1215,24095.5,0
1215,28914.6,0
1215,33733.7,0
1215,38552.8,0
1215,43371.9,0
1215,48191,0
1215,53010.1,0
1215,57829.2,0
1215,62648.3,0
1215,67467.4,0
1215,72286.5,0
1215,77105.6,0
1215,81924.7,0
1215,86743.8,0
1215,91562.9,0
1215,96382,0
1216,4819.1,4299
1216,9638.2,77
1216,14457.3,38
1216,19276.4,15
1216,24095.5,0
1216,28914.6,0
1216,33733.7,0
1216,38552.8,0
1216,43371.9,0
1216,48191,0
1216,53010.1,0
1216,57829.2,0
1216,62648.3,0
1216,67467.4,0
1216,72286.5,0
1216,77105.6,0
1216,81924.7,0
1216,86743.8,0
1216,91562.9,0
1216,96382,0
1217,4819.1,4706
1217,9638.2,69
1217,14457.3,36
1217,19276.4,20
1217,24095.5,1
1217,28914.6,0
1217,33733.7,0
1217,38552.8,0
1217,43371.9,0
1217,48191,0
1217,53010.1,0
1217,57829.2,0
1217,62648.3,0
1217,67467.4,0
1217,72286.5,0
1217,77105.6,0
1217,81924.7,0
1217,86743.8,0
1217,91562.9,0
1217,96382,0
1218,4819.1,9458
1218,9638.2,27
1218,14457.3,13
1218,19276.4,1
1218,24095.5,0
1218,28914.6,0
1218,33733.7,0
1218,38552.8,0
1218,43371.9,0
1218,48191,0
1218,53010.1,0
1218,57829.2,0
1218,62648.3,0
1218,67467.4,0
1218,72286.5,0
1218,77105.6,0
1218,81924.7,0
1218,86743.8,0
1218,91562.9,0
1218,96382,0
1219,4819.1,7665
1219,9638.2,55
1219,14457.3,28
1219,19276.4,11
1219,24095.5,1
1219,28914.6,0
1219,33733.7,0
1219,38552.8,0
1219,43371.9,0
1219,48191,0
1219,53010.1,0
1219,57829.2,0
1219,62648.3,0
1219,67467.4,0
1219,72286.5,0
1219,77105.6,0
1219,81924.7,0
1219,86743.8,0
1219,91562.9,0
1219,96382,0
1220,4819.1,4264
1220,9638.2,84
1220,14457.3,59
1220,19276.4,25
1220,24095.5,2
1220,28914.6,0
1220,33733.7,0
1220,38552.8,0
1220,43371.9,0
1220,48191,0
1220,53010.1,0
1220,57829.2,0
1220,62648.3,0
1220,67467.4,0
1220,72286.5,0
1220,77105.6,0
1220,81924.7,0
1220,86743.8,0
1220,91562.9,0
1220,96382,0
1221,4819.1,5788
1221,9638.2,67
1221,14457.3,29
1221,19276.4,17
1221,24095.5,0
1221,28914.6,0
1221,33733.7,0
1221,38552.8,0
1221,43371.9,0
1221,48191,0
1221,53010.1,0
1221,57829.2,0
1221,62648.3,0
1221,67467.4,0
1221,72286.5,0
1221,77105.6,0
1221,81924.7,0
1221,86743.8,0
1221,91562.9,0
1221,96382,0
1222,4819.1,5924
1222,9638.2,42
1222,14457.3,19
1222,19276.4,8
1222,24095.5,0
1222,28914.6,0
1222,33733.7,0
1222,38552.8,0
1222,43371.9,0
1222,48191,0
1222,53010.1,0
1222,57829.2,0
1222,62648.3,0
1222,67467.4,0
1222,72286.5,0
1222,77105.6,0
1222,81924.7,0
1222,86743.8,0
1222,91562.9,0
1222,96382,0
1223,4819.1,6545
1223,9638.2,28
1223,14457.3,20
1223,19276.4,11
1223,24095.5,0
1223,28914.6,0
1223,33733.7,0
1223,38552.8,0
1223,43371.9,0
1223,48191,0
1223,53010.1,0
1223,57829.2,0
1223,62648.3,0
1223,67467.4,0
1223,72286.5,0
1223,77105.6,0
1223,81924.7,0
1223,86743.8,0
1223,91562.9,0
1223,96382,0
1224,4819.1,7144
1224,9638.2,29
1224,14457.3,19
1224,19276.4,9
1224,24095.5,0
1224,28914.6,0
1224,33733.7,0
1224,38552.8,0
1224,43371.9,0
1224,48191,0
1224,53010.1,0
1224,57829.2,0
1224,62648.3,0
1224,67467.4,0
1224,72286.5,0
1224,77105.6,0
1224,81924.7,0
1224,86743.8,0
1224,91562.9,0
1224,96382,0
1225,4819.1,7258
1225,9638.2,31
1225,14457.3,15
1225,19276.4,8
1225,24095.5,0
1225,28914.6,0
1225,33733.7,0
1225,38552.8,0
1225,43371.9,0
1225,48191,0
1225,53010.1,0
1225,57829.2,0
1225,62648.3,0
1225,67467.4,0
1225,72286.5,0
1225,77105.6,0
1225,81924.7,0
1225,86743.8,0
1225,91562.9,0
1225,96382,0
1226,4819.1,8177
1226,9638.2,9
1226,14457.3,8
1226,19276.4,2
1226,24095.5,0
1226,28914.6,0
1226,33733.7,0
1226,38552.8,0
1226,43371.9,0
1226,48191,0
1226,53010.1,0
1226,57829.2,0
1226,62648.3,0
1226,67467.4,0
1226,72286.5,0
1226,77105.6,0
1226,81924.7,0
1226,86743.8,0
1226,91562.9,0
1226,96382,0
1227,4819.1,5270
1227,9638.2,54
1227,14457.3,21
1227,19276.4,8
1227,24095.5,0
1227,28914.6,0
1227,33733.7,0
1227,38552.8,0
1227,43371.9,0
1227,48191,0
1227,53010.1,0
1227,57829.2,0
1227,62648.3,0
1227,67467.4,0
1227,72286.5,0
1227,77105.6,0
1227,81924.7,0
1227,86743.8,0
1227,91562.9,0
1227,96382,0
1228,4819.1,9999
1228,9638.2,36
1228,14457.3,19
1228,19276.4,12
1228,24095.5,1
1228,28914.6,0
1228,33733.7,0
1228,38552.8,0
1228,43371.9,0
1228,48191,0
1228,53010.1,0
1228,57829.2,0
1228,62648.3,0
1228,67467.4,0
1228,72286.5,0
1228,77105.6,0
1228,81924.7,0
1228,86743.8,0
1228,91562.9,0
1228,96382,0
1229,4819.1,10814
1229,9638.2,38
1229,14457.3,27
1229,19276.4,10
1229,24095.5,0
1229,28914.6,0
1229,33733.7,0
1229,38552.8,0
1229,43371.9,0
1229,48191,0
1229,53010.1,0
1229,57829.2,0
1229,62648.3,0
1229,67467.4,0
1229,72286.5,0
1229,77105.6,0
1229,81924.7,0
1229,86743.8,0
1229,91562.9,0
1229,96382,0
1230,4819.1,10844
1230,9638.2,42
1230,14457.3,29
1230,19276.4,11
1230,24095.5,0
1230,28914.6,0
1230,33733.7,0
1230,38552.8,0
1230,43371.9,0
1230,48191,0
1230,53010.1,0
1230,57829.2,0
1230,62648.3,0
1230,67467.4,0
1230,72286.5,0
1230,77105.6,0
1230,81924.7,0
1230,86743.8,0
1230,91562.9,0
1230,96382,0
1231,4819.1,12698
1231,9638.2,29
1231,14457.3,18
1231,19276.4,3
1231,24095.5,0
1231,28914.6,0
1231,33733.7,0
1231,38552.8,0
1231,43371.9,0
1231,48191,0
1231,53010.1,0
1231,57829.2,0
1231,62648.3,0
1231,67467.4,0
1231,72286.5,0
1231,77105.6,0
1231,81924.7,0
1231,86743.8,0
1231,91562.9,0
1231,96382,0
1232,4819.1,12215
1232,9638.2,31
1232,14457.3,13
1232,19276.4,3
1232,24095.5,0
1232,28914.6,0
1232,33733.7,0
1232,38552.8,0
1232,43371.9,0
1232,48191,0
1232,53010.1,0
1232,57829.2,0
1232,62648.3,0
1232,67467.4,0
1232,72286.5,0
1232,77105.6,0
1232,81924.7,0
1232,86743.8,0
1232,91562.9,0
1232,96382,0
1233,4819.1,8319
1233,9638.2,57
1233,14457.3,36
1233,19276.4,9
1233,24095.5,0
1233,28914.6,0
1233,33733.7,0
1233,38552.8,0
1233,43371.9,0
1233,48191,0
1233,53010.1,0
1233,57829.2,0
1233,62648.3,0
1233,67467.4,0
1233,72286.5,0
1233,77105.6,0
1233,81924.7,0
1233,86743.8,0
1233,91562.9,0
1233,96382,0
1234,4819.1,10374
1234,9638.2,34
1234,14457.3,20
1234,19276.4,8
1234,24095.5,0
1234,28914.6,0
1234,33733.7,0
1234,38552.8,0
1234,43371.9,0
1234,48191,0
1234,53010.1,0
1234,57829.2,0
1234,62648.3,0
1234,67467.4,0
1234,72286.5,0
1234,77105.6,0
1234,81924.7,0
1234,86743.8,0
1234,91562.9,0
1234,96382,0
1235,4819.1,14596
1235,9638.2,25
1235,14457.3,12
1235,19276.4,6
1235,24095.5,0
1235,28914.6,0
1235,33733.7,0
1235,38552.8,0
1235,43371.9,0
1235,48191,0
1235,53010.1,0
1235,57829.2,0
1235,62648.3,0
1235,67467.4,0
1235,72286.5,0
1235,77105.6,0
1235,81924.7,0
1235,86743.8,0
1235,91562.9,0
1235,96382,0
1236,4819.1,17757
1236,9638.2,0
1236,14457.3,0
1236,19276.4,0
1236,24095.5,0
1236,28914.6,0
1236,33733.7,0
1236,38552.8,0
1236,43371.9,0
1236,48191,0
1236,53010.1,0
1236,57829.2,0
1236,62648.3,0
1236,67467.4,0
1236,72286.5,0
1236,77105.6,0
1236,81924.7,0
1236,86743.8,0
1236,91562.9,0
1236,96382,0
1237,4819.1,17922
1237,9638.2,0
1237,14457.3,0
1237,19276.4,0
1237,24095.5,0
1237,28914.6,0
1237,33733.7,0
1237,38552.8,0
1237,43371.9,0
1237,48191,0
1237,53010.1,0
1237,57829.2,0
1237,62648.3,0
1237,67467.4,0
1237,72286.5,0
1237,77105.6,0
1237,81924.7,0
1237,86743.8,0
1237,91562.9,0
1237,96382,0
1238,4819.1,17885
1238,9638.2,0
1238,14457.3,0
1238,19276.4,0
1238,24095.5,0
1238,28914.6,0
1238,33733.7,0
1238,38552.8,0
1238,43371.9,0
1238,48191,0
1238,53010.1,0
1238,57829.2,0
1238,62648.3,0
1238,67467.4,0
1238,72286.5,0
1238,77105.6,0
1238,81924.7,0
1238,86743.8,0
1238,91562.9,0
1238,96382,0
1239,4819.1,17839
1239,9638.2,0
1239,14457.3,0
1239,19276.4,0
1239,24095.5,0
1239,28914.6,0
1239,33733.7,0
1239,38552.8,0
1239,43371.9,0
1239,48191,0
1239,53010.1,0
1239,57829.2,0
1239,62648.3,0
1239,67467.4,0
1239,72286.5,0
1239,77105.6,0
1239,81924.7,0
1239,86743.8,0
1239,91562.9,0
1239,96382,0
1240,4819.1,10634
1240,9638.2,24
1240,14457.3,20
1240,19276.4,8
1240,24095.5,3
1240,28914.6,0
1240,33733.7,0
1240,38552.8,0
1240,43371.9,0
1240,48191,0
1240,53010.1,0
1240,57829.2,0
1240,62648.3,0
1240,67467.4,0
1240,72286.5,0
1240,77105.6,0
1240,81924.7,0
1240,86743.8,0
1240,91562.9,0
1240,96382,0
1241,4819.1,7913
1241,9638.2,49
1241,14457.3,27
1241,19276.4,4
1241,24095.5,0
1241,28914.6,0
1241,33733.7,0
1241,38552.8,0
1241,43371.9,0
1241,48191,0
1241,53010.1,0
1241,57829.2,0
1241,62648.3,0
1241,67467.4,0
1241,72286.5,0
1241,77105.6,0
1241,81924.7,0
1241,86743.8,0
1241,91562.9,0
1241,96382,0
1242,4819.1,13196
1242,9638.2,11
1242,14457.3,12
1242,19276.4,7
1242,24095.5,3
1242,28914.6,0
1242,33733.7,0
1242,38552.8,0
1242,43371.9,0
1242,48191,0
1242,53010.1,0
1242,57829.2,0
1242,62648.3,0
1242,67467.4,0
1242,72286.5,0
1242,77105.6,0
1242,81924.7,0
1242,86743.8,0
1242,91562.9,0
1242,96382,0
1243,4819.1,17831
1243,9638.2,0
1243,14457.3,0
1243,19276.4,0
1243,24095.5,0
1243,28914.6,0
1243,33733.7,0
1243,38552.8,0
1243,43371.9,0
1243,48191,0
1243,53010.1,0
1243,57829.2,0
1243,62648.3,0
1243,67467.4,0
1243,72286.5,0
1243,77105.6,0
1243,81924.7,0
1243,86743.8,0
1243,91562.9,0
1243,96382,0
1244,4819.1,17845
1244,9638.2,0
1244,14457.3,0
1244,19276.4,0
1244,24095.5,0
1244,28914.6,0
1244,33733.7,0
1244,38552.8,0
1244,43371.9,0
1244,48191,0
1244,53010.1,0
1244,57829.2,0
1244,62648.3,0
1244,67467.4,0
1244,72286.5,0
1244,77105.6,0
1244,81924.7,0
1244,86743.8,0
1244,91562.9,0
1244,96382,0
1245,4819.1,17844
1245,9638.2,0
1245,14457.3,0
1245,19276.4,0
1245,24095.5,0
1245,28914.6,0
1245,33733.7,0
1245,38552.8,0
1245,43371.9,0
1245,48191,0
1245,53010.1,0
1245,57829.2,0
1245,62648.3,0
1245,67467.4,0
1245,72286.5,0
1245,77105.6,0
1245,81924.7,0
1245,86743.8,0
1245,91562.9,0
1245,96382,0
1246,4819.1,17950
1246,9638.2,0
1246,14457.3,0
1246,19276.4,0
1246,24095.5,0
1246,28914.6,0
1246,33733.7,0
1246,38552.8,0
1246,43371.9,0
1246,48191,0
1246,53010.1,0
1246,57829.2,0
1246,62648.3,0
1246,67467.4,0
1246,72286.5,0
1246,77105.6,0
1246,81924.7,0
1246,86743.8,0
1246,91562.9,0
1246,96382,0
1247,4819.1,17432
1247,9638.2,0
1247,14457.3,0
1247,19276.4,0
1247,24095.5,0
1247,28914.6,0
1247,33733.7,0
1247,38552.8,0
1247,43371.9,0
1247,48191,0
1247,53010.1,0
1247,57829.2,0
1247,62648.3,0
1247,67467.4,0
1247,72286.5,0
1247,77105.6,0
1247,81924.7,0
1247,86743.8,0
1247,91562.9,0
1247,96382,0
1248,4819.1,17805
1248,9638.2,0
1248,14457.3,0
1248,19276.4,0
1248,24095.5,0
1248,28914.6,0
1248,33733.7,0
1248,38552.8,0
1248,43371.9,0
1248,48191,0
1248,53010.1,0
1248,57829.2,0
1248,62648.3,0
1248,67467.4,0
1248,72286.5,0
1248,77105.6,0
1248,81924.7,0
1248,86743.8,0
1248,91562.9,0
1248,96382,0
1249,4819.1,17513
1249,9638.2,0
1249,14457.3,0
1249,19276.4,0
1249,24095.5,0
1249,28914.6,0
1249,33733.7,0
1249,38552.8,0
1249,43371.9,0
1249,48191,0
1249,53010.1,0
1249,57829.2,0
1249,62648.3,0
1249,67467.4,0
1249,72286.5,0
1249,77105.6,0
1249,81924.7,0
1249,86743.8,0
1249,91562.9,0
1249,96382,0
1250,4819.1,17274
1250,9638.2,0
1250,14457.3,0
1250,19276.4,0
1250,24095.5,0
1250,28914.6,0
1250,33733.7,0
1250,38552.8,0
1250,43371.9,0
1250,48191,0
1250,53010.1,0
1250,57829.2,0
1250,62648.3,0
1250,67467.4,0
1250,72286.5,0
1250,77105.6,0
1250,81924.7,0
1250,86743.8,0
1250,91562.9,0
1250,96382,0
1251,4819.1,17047
1251,9638.2,0
1251,14457.3,0
1251,19276.4,0
1251,24095.5,0
1251,28914.6,0
1251,33733.7,0
1251,38552.8,0
1251,43371.9,0
1251,48191,0
1251,53010.1,0
1251,57829.2,0
1251,62648.3,0
1251,67467.4,0
1251,72286.5,0
1251,77105.6,0
1251,81924.7,0
1251,86743.8,0
1251,91562.9,0
1251,96382,0
1252,4819.1,16570
1252,9638.2,0
1252,14457.3,0
1252,19276.4,0
1252,24095.5,0
1252,28914.6,0
1252,33733.7,0
1252,38552.8,0
1252,43371.9,0
1252,48191,0
1252,53010.1,0
1252,57829.2,0
1252,62648.3,0
1252,67467.4,0
1252,72286.5,0
1252,77105.6,0
1252,81924.7,0
1252,86743.8,0
1252,91562.9,0
1252,96382,0
1253,4819.1,17270
1253,9638.2,0
1253,14457.3,0
1253,19276.4,0
1253,24095.5,0
1253,28914.6,0
1253,33733.7,0
1253,38552.8,0
1253,43371.9,0
1253,48191,0
1253,53010.1,0
1253,57829.2,0
1253,62648.3,0
1253,67467.4,0
1253,72286.5,0
1253,77105.6,0
1253,81924.7,0
1253,86743.8,0
1253,91562.9,0
1253,96382,0
1254,4819.1,17049
1254,9638.2,0
1254,14457.3,0
1254,19276.4,0
1254,24095.5,0
1254,28914.6,0
1254,33733.7,0
1254,38552.8,0
1254,43371.9,0
1254,48191,0
1254,53010.1,0
1254,57829.2,0
1254,62648.3,0
1254,67467.4,0
1254,72286.5,0
1254,77105.6,0
1254,81924.7,0
1254,86743.8,0
1254,91562.9,0
1254,96382,0
1255,4819.1,17145
1255,9638.2,0
1255,14457.3,0
1255,19276.4,0
1255,24095.5,0
1255,28914.6,0
1255,33733.7,0
1255,38552.8,0
1255,43371.9,0
1255,48191,0
1255,53010.1,0
1255,57829.2,0
1255,62648.3,0
1255,67467.4,0
1255,72286.5,0
1255,77105.6,0
1255,81924.7,0
1255,86743.8,0
1255,91562.9,0
1255,96382,0
1256,4819.1,17438
1256,9638.2,0
1256,14457.3,0
1256,19276.4,0
1256,24095.5,0
1256,28914.6,0
1256,33733.7,0
1256,38552.8,0
1256,43371.9,0
1256,48191,0
1256,53010.1,0
1256,57829.2,0
1256,62648.3,0
1256,67467.4,0
1256,72286.5,0
1256,77105.6,0
1256,81924.7,0
1256,86743.8,0
1256,91562.9,0
1256,96382,0
1257,4819.1,15392
1257,9638.2,0
1257,14457.3,0
1257,19276.4,0
1257,24095.5,0
1257,28914.6,0
1257,33733.7,0
1257,38552.8,0
1257,43371.9,0
1257,48191,0
1257,53010.1,0
1257,57829.2,0
1257,62648.3,0
1257,67467.4,0
1257,72286.5,0
1257,77105.6,0
1257,81924.7,0
1257,86743.8,0
1257,91562.9,0
1257,96382,0
1258,4819.1,6
1258,9638.2,6
1258,14457.3,3
1258,19276.4,2
1258,24095.5,0
1258,28914.6,0
1258,33733.7,0
1258,38552.8,0
1258,43371.9,0
1258,48191,0
1258,53010.1,0
1258,57829.2,0
1258,62648.3,0
1258,67467.4,0
1258,72286.5,0
1258,77105.6,0
1258,81924.7,0
1258,86743.8,0
1258,91562.9,0
1258,96382,0
1259,4819.1,47
1259,9638.2,63
1259,14457.3,43
1259,19276.4,22
1259,24095.5,11
1259,28914.6,0
1259,33733.7,0
1259,38552.8,0
1259,43371.9,0
1259,48191,0
1259,53010.1,0
1259,57829.2,0
1259,62648.3,0
1259,67467.4,0
1259,72286.5,0
1259,77105.6,0
1259,81924.7,0
1259,86743.8,0
1259,91562.9,0
1259,96382,0
1260,4819.1,152
1260,9638.2,55
1260,14457.3,71
1260,19276.4,26
1260,24095.5,12
1260,28914.6,0
1260,33733.7,0
1260,38552.8,0
1260,43371.9,0
1260,48191,0
1260,53010.1,0
1260,57829.2,0
1260,62648.3,0
1260,67467.4,0
1260,72286.5,0
1260,77105.6,0
1260,81924.7,0
1260,86743.8,0
1260,91562.9,0
1260,96382,0
1261,4819.1,40
1261,9638.2,56
1261,14457.3,46
1261,19276.4,26
1261,24095.5,14
1261,28914.6,0
1261,33733.7,0
1261,38552.8,0
1261,43371.9,0
1261,48191,0
1261,53010.1,0
1261,57829.2,0
1261,62648.3,0
1261,67467.4,0
1261,72286.5,0
1261,77105.6,0
1261,81924.7,0
1261,86743.8,0
1261,91562.9,0
1261,96382,0
1262,4819.1,28
1262,9638.2,43
1262,14457.3,35
1262,19276.4,24
1262,24095.5,12
1262,28914.6,0
1262,33733.7,0
1262,38552.8,0
1262,43371.9,0
1262,48191,0
1262,53010.1,0
1262,57829.2,0
1262,62648.3,0
1262,67467.4,0
1262,72286.5,0
1262,77105.6,0
1262,81924.7,0
1262,86743.8,0
1262,91562.9,0
1262,96382,0
1263,4819.1,34
1263,9638.2,47
1263,14457.3,39
1263,19276.4,29
1263,24095.5,21
1263,28914.6,2
1263,33733.7,0
1263,38552.8,0
1263,43371.9,0
1263,48191,0
1263,53010.1,0
1263,57829.2,0
1263,62648.3,0
1263,67467.4,0
1263,72286.5,0
1263,77105.6,0
1263,81924.7,0
1263,86743.8,0
1263,91562.9,0
1263,96382,0
1264,4819.1,28
1264,9638.2,38
1264,14457.3,34
1264,19276.4,28
1264,24095.5,21
1264,28914.6,0
1264,33733.7,0
1264,38552.8,0
1264,43371.9,0
1264,48191,0
1264,53010.1,0
1264,57829.2,0
1264,62648.3,0
1264,67467.4,0
1264,72286.5,0
1264,77105.6,0
1264,81924.7,0
1264,86743.8,0
1264,91562.9,0
1264,96382,0
1265,4819.1,34
1265,9638.2,45
1265,14457.3,41
1265,19276.4,31
1265,24095.5,18
1265,28914.6,0
1265,33733.7,0
1265,38552.8,0
1265,43371.9,0
1265,48191,0
1265,53010.1,0
1265,57829.2,0
1265,62648.3,0
1265,67467.4,0
1265,72286.5,0
1265,77105.6,0
1265,81924.7,0
1265,86743.8,0
1265,91562.9,0
1265,96382,0
1266,4819.1,32
1266,9638.2,42
1266,14457.3,40
1266,19276.4,36
1266,24095.5,23
1266,28914.6,0
1266,33733.7,0
1266,38552.8,0
1266,43371.9,0
1266,48191,0
1266,53010.1,0
1266,57829.2,0
1266,62648.3,0
1266,67467.4,0
1266,72286.5,0
1266,77105.6,0
1266,81924.7,0
1266,86743.8,0
1266,91562.9,0
1266,96382,0
1267,4819.1,32
1267,9638.2,42
1267,14457.3,36
1267,19276.4,35
1267,24095.5,23
1267,28914.6,0
1267,33733.7,0
1267,38552.8,0
1267,43371.9,0
1267,48191,0
1267,53010.1,0
1267,57829.2,0
1267,62648.3,0
1267,67467.4,0
1267,72286.5,0
1267,77105.6,0
1267,81924.7,0
1267,86743.8,0
1267,91562.9,0
1267,96382,0
1268,4819.1,39
1268,9638.2,56
1268,14457.3,49
1268,19276.4,45
1268,24095.5,20
1268,28914.6,0
1268,33733.7,0
1268,38552.8,0
1268,43371.9,0
1268,48191,0
1268,53010.1,0
1268,57829.2,0
1268,62648.3,0
1268,67467.4,0
1268,72286.5,0
1268,77105.6,0
1268,81924.7,0
1268,86743.8,0
1268,91562.9,0
1268,96382,0
1269,4819.1,5770
1269,9638.2,95
1269,14457.3,40
1269,19276.4,20
1269,24095.5,1
1269,28914.6,0
1269,33733.7,0
1269,38552.8,0
1269,43371.9,0
1269,48191,0
1269,53010.1,0
1269,57829.2,0
1269,62648.3,0
1269,67467.4,0
1269,72286.5,0
1269,77105.6,0
1269,81924.7,0
1269,86743.8,0
1269,91562.9,0
1269,96382,0
1270,4819.1,8199
1270,9638.2,62
1270,14457.3,23
1270,19276.4,8
1270,24095.5,0
1270,28914.6,0
1270,33733.7,0
1270,38552.8,0
1270,43371.9,0
1270,48191,0
1270,53010.1,0
1270,57829.2,0
1270,62648.3,0
1270,67467.4,0
1270,72286.5,0
1270,77105.6,0
1270,81924.7,0
1270,86743.8,0
1270,91562.9,0
1270,96382,0
1271,4819.1,8276
1271,9638.2,54
1271,14457.3,25
1271,19276.4,9
1271,24095.5,0
1271,28914.6,0
1271,33733.7,0
1271,38552.8,0
1271,43371.9,0
1271,48191,0
1271,53010.1,0
1271,57829.2,0
1271,62648.3,0
1271,67467.4,0
1271,72286.5,0
1271,77105.6,0
1271,81924.7,0
1271,86743.8,0
1271,91562.9,0
1271,96382,0
1272,4819.1,9124
1272,9638.2,37
1272,14457.3,19
1272,19276.4,7
1272,24095.5,3
1272,28914.6,0
1272,33733.7,0
1272,38552.8,0
1272,43371.9,0
1272,48191,0
1272,53010.1,0
1272,57829.2,0
1272,62648.3,0
1272,67467.4,0
1272,72286.5,0
1272,77105.6,0
1272,81924.7,0
1272,86743.8,0
1272,91562.9,0
1272,96382,0
1273,4819.1,4596
1273,9638.2,75
1273,14457.3,42
1273,19276.4,20
1273,24095.5,4
1273,28914.6,0
1273,33733.7,0
1273,38552.8,0
1273,43371.9,0
1273,48191,0
1273,53010.1,0
1273,57829.2,0
1273,62648.3,0
1273,67467.4,0
1273,72286.5,0
1273,77105.6,0
1273,81924.7,0
1273,86743.8,0
1273,91562.9,0
1273,96382,0
1274,4819.1,3706
1274,9638.2,89
1274,14457.3,49
1274,19276.4,19
1274,24095.5,7
1274,28914.6,0
1274,33733.7,0
1274,38552.8,0
1274,43371.9,0
1274,48191,0
1274,53010.1,0
1274,57829.2,0
1274,62648.3,0
1274,67467.4,0
1274,72286.5,0
1274,77105.6,0
1274,81924.7,0
1274,86743.8,0
1274,91562.9,0
1274,96382,0
1275,4819.1,7330
1275,9638.2,61
1275,14457.3,31
1275,19276.4,8
1275,24095.5,4
1275,28914.6,0
1275,33733.7,0
1275,38552.8,0
1275,43371.9,0
1275,48191,0
1275,53010.1,0
1275,57829.2,0
1275,62648.3,0
1275,67467.4,0
1275,72286.5,0
1275,77105.6,0
1275,81924.7,0
1275,86743.8,0
1275,91562.9,0
1275,96382,0
1276,4819.1,9782
1276,9638.2,39
1276,14457.3,41
1276,19276.4,2
1276,24095.5,0
1276,28914.6,0
1276,33733.7,0
1276,38552.8,0
1276,43371.9,0
1276,48191,0
1276,53010.1,0
1276,57829.2,0
1276,62648.3,0
1276,67467.4,0
1276,72286.5,0
1276,77105.6,0
1276,81924.7,0
1276,86743.8,0
1276,91562.9,0
1276,96382,0
1277,4819.1,10411
1277,9638.2,37
1277,14457.3,24
1277,19276.4,9
1277,24095.5,3
1277,28914.6,0
1277,33733.7,0
1277,38552.8,0
1277,43371.9,0
1277,48191,0
1277,53010.1,0
1277,57829.2,0
1277,62648.3,0
1277,67467.4,0
1277,72286.5,0
1277,77105.6,0
1277,81924.7,0
1277,86743.8,0
1277,91562.9,0
1277,96382,0
1278,4819.1,9007
1278,9638.2,49
1278,14457.3,33
1278,19276.4,15
1278,24095.5,2
1278,28914.6,0
1278,33733.7,0
1278,38552.8,0
1278,43371.9,0
1278,48191,0
1278,53010.1,0
1278,57829.2,0
1278,62648.3,0
1278,67467.4,0
1278,72286.5,0
1278,77105.6,0
1278,81924.7,0
1278,86743.8,0
1278,91562.9,0
1278,96382,0
1279,4819.1,11415
1279,9638.2,21
1279,14457.3,7
1279,19276.4,3
1279,24095.5,0
1279,28914.6,0
1279,33733.7,0
1279,38552.8,0
1279,43371.9,0
1279,48191,0
1279,53010.1,0
1279,57829.2,0
1279,62648.3,0
1279,67467.4,0
1279,72286.5,0
1279,77105.6,0
1279,81924.7,0
1279,86743.8,0
1279,91562.9,0
1279,96382,0
1280,4819.1,9076
1280,9638.2,6
1280,14457.3,0
1280,19276.4,0
1280,24095.5,0
1280,28914.6,0
1280,33733.7,0
1280,38552.8,0
1280,43371.9,0
1280,48191,0
1280,53010.1,0
1280,57829.2,0
1280,62648.3,0
1280,67467.4,0
1280,72286.5,0
1280,77105.6,0
1280,81924.7,0
1280,86743.8,0
1280,91562.9,0
1280,96382,0
1281,4819.1,7145
1281,9638.2,26
1281,14457.3,15
1281,19276.4,8
1281,24095.5,1
1281,28914.6,0
1281,33733.7,0
1281,38552.8,0
1281,43371.9,0
1281,48191,0
1281,53010.1,0
1281,57829.2,0
1281,62648.3,0
1281,67467.4,0
1281,72286.5,0
1281,77105.6,0
1281,81924.7,0
1281,86743.8,0
1281,91562.9,0
1281,96382,0
1282,4819.1,6763
1282,9638.2,15
1282,14457.3,13
1282,19276.4,11
1282,24095.5,4
1282,28914.6,0
1282,33733.7,0
1282,38552.8,0
1282,43371.9,0
1282,48191,0
1282,53010.1,0
1282,57829.2,0
1282,62648.3,0
1282,67467.4,0
1282,72286.5,0
1282,77105.6,0
1282,81924.7,0
1282,86743.8,0
1282,91562.9,0
1282,96382,0
1283,4819.1,9034
1283,9638.2,4
1283,14457.3,1
1283,19276.4,0
1283,24095.5,0
1283,28914.6,0
1283,33733.7,0
1283,38552.8,0
1283,43371.9,0
1283,48191,0
1283,53010.1,0
1283,57829.2,0
1283,62648.3,0
1283,67467.4,0
1283,72286.5,0
1283,77105.6,0
1283,81924.7,0
1283,86743.8,0
1283,91562.9,0
1283,96382,0
1284,4819.1,8685
1284,9638.2,0
1284,14457.3,0
1284,19276.4,0
1284,24095.5,0
1284,28914.6,0
1284,33733.7,0
1284,38552.8,0
1284,43371.9,0
1284,48191,0
1284,53010.1,0
1284,57829.2,0
1284,62648.3,0
1284,67467.4,0
1284,72286.5,0
1284,77105.6,0
1284,81924.7,0
1284,86743.8,0
1284,91562.9,0
1284,96382,0
1285,4819.1,8327
1285,9638.2,13
1285,14457.3,4
1285,19276.4,2
1285,24095.5,0
1285,28914.6,0
1285,33733.7,0
1285,38552.8,0
1285,43371.9,0
1285,48191,0
1285,53010.1,0
1285,57829.2,0
1285,62648.3,0
1285,67467.4,0
1285,72286.5,0
1285,77105.6,0
1285,81924.7,0
1285,86743.8,0
1285,91562.9,0
1285,96382,0
1286,4819.1,9798
1286,9638.2,3
1286,14457.3,0
1286,19276.4,0
1286,24095.5,0
1286,28914.6,0
1286,33733.7,0
1286,38552.8,0
1286,43371.9,0
1286,48191,0
1286,53010.1,0
1286,57829.2,0
1286,62648.3,0
1286,67467.4,0
1286,72286.5,0
1286,77105.6,0
1286,81924.7,0
1286,86743.8,0
1286,91562.9,0
1286,96382,0
1287,4819.1,7164
1287,9638.2,31
1287,14457.3,11
1287,19276.4,4
1287,24095.5,0
1287,28914.6,0
1287,33733.7,0
1287,38552.8,0
1287,43371.9,0
1287,48191,0
1287,53010.1,0
1287,57829.2,0
1287,62648.3,0
1287,67467.4,0
1287,72286.5,0
1287,77105.6,0
1287,81924.7,0
1287,86743.8,0
1287,91562.9,0
1287,96382,0
1288,4819.1,7873
1288,9638.2,42
1288,14457.3,21
1288,19276.4,20
1288,24095.5,1
1288,28914.6,0
1288,33733.7,0
1288,38552.8,0
1288,43371.9,0
1288,48191,0
1288,53010.1,0
1288,57829.2,0
1288,62648.3,0
1288,67467.4,0
1288,72286.5,0
1288,77105.6,0
1288,81924.7,0
1288,86743.8,0
1288,91562.9,0
1288,96382,0
1289,4819.1,16433
1289,9638.2,8
1289,14457.3,6
1289,19276.4,1
1289,24095.5,0
1289,28914.6,0
1289,33733.7,0
1289,38552.8,0
1289,43371.9,0
1289,48191,0
1289,53010.1,0
1289,57829.2,0
1289,62648.3,0
1289,67467.4,0
1289,72286.5,0
1289,77105.6,0
1289,81924.7,0
1289,86743.8,0
1289,91562.9,0
1289,96382,0
1290,4819.1,3895
1290,9638.2,0
1290,14457.3,0
1290,19276.4,0
1290,24095.5,0
1290,28914.6,0
1290,33733.7,0
1290,38552.8,0
1290,43371.9,0
1290,48191,0
1290,53010.1,0
1290,57829.2,0
1290,62648.3,0
1290,67467.4,0
1290,72286.5,0
1290,77105.6,0
1290,81924.7,0
1290,86743.8,0
1290,91562.9,0
1290,96382,0
1294,4819.1,26
1294,9638.2,39
1294,14457.3,27
1294,19276.4,17
1294,24095.5,8
1294,28914.6,0
1294,33733.7,0
1294,38552.8,0
1294,43371.9,0
1294,48191,0
1294,53010.1,0
1294,57829.2,0
1294,62648.3,0
1294,67467.4,0
1294,72286.5,0
1294,77105.6,0
1294,81924.7,0
1294,86743.8,0
1294,91562.9,0
1294,96382,0
1300,4819.1,28
1300,9638.2,33
1300,14457.3,31
1300,19276.4,34
1300,24095.5,20
1300,28914.6,3
1300,33733.7,0
1300,38552.8,0
1300,43371.9,0
1300,48191,0
1300,53010.1,0
1300,57829.2,0
1300,62648.3,0
1300,67467.4,0
1300,72286.5,0
1300,77105.6,0
1300,81924.7,0
1300,86743.8,0
1300,91562.9,0
1300,96382,0
1301,4819.1,31
1301,9638.2,35
1301,14457.3,34
1301,19276.4,36
1301,24095.5,26
1301,28914.6,0
1301,33733.7,0
1301,38552.8,0
1301,43371.9,0
1301,48191,0
1301,53010.1,0
1301,57829.2,0
1301,62648.3,0
1301,67467.4,0
1301,72286.5,0
1301,77105.6,0
1301,81924.7,0
1301,86743.8,0
1301,91562.9,0
1301,96382,0
1302,4819.1,32
1302,9638.2,35
1302,14457.3,37
1302,19276.4,32
1302,24095.5,29
1302,28914.6,0
1302,33733.7,0
1302,38552.8,0
1302,43371.9,0
1302,48191,0
1302,53010.1,0
1302,57829.2,0
1302,62648.3,0
1302,67467.4,0
1302,72286.5,0
1302,77105.6,0
1302,81924.7,0
1302,86743.8,0
1302,91562.9,0
1302,96382,0
1303,4819.1,33
1303,9638.2,38
1303,14457.3,37
1303,19276.4,37
1303,24095.5,26
1303,28914.6,0
1303,33733.7,0
1303,38552.8,0
1303,43371.9,0
1303,48191,0
1303,53010.1,0
1303,57829.2,0
1303,62648.3,0
1303,67467.4,0
1303,72286.5,0
1303,77105.6,0
1303,81924.7,0
1303,86743.8,0
1303,91562.9,0
1303,96382,0
1304,4819.1,31
1304,9638.2,32
1304,14457.3,35
1304,19276.4,37
1304,24095.5,26
1304,28914.6,1
1304,33733.7,0
1304,38552.8,0
1304,43371.9,0
1304,48191,0
1304,53010.1,0
1304,57829.2,0
1304,62648.3,0
1304,67467.4,0
1304,72286.5,0
1304,77105.6,0
1304,81924.7,0
1304,86743.8,0
1304,91562.9,0
1304,96382,0
1305,4819.1,33
1305,9638.2,35
1305,14457.3,36
1305,19276.4,39
1305,24095.5,30
1305,28914.6,1
1305,33733.7,0
1305,38552.8,0
1305,43371.9,0
1305,48191,0
1305,53010.1,0
1305,57829.2,0
1305,62648.3,0
1305,67467.4,0
1305,72286.5,0
1305,77105.6,0
1305,81924.7,0
1305,86743.8,0
1305,91562.9,0
1305,96382,0
1306,4819.1,31
1306,9638.2,39
1306,14457.3,41
1306,19276.4,40
1306,24095.5,22
1306,28914.6,1
1306,33733.7,0
1306,38552.8,0
1306,43371.9,0
1306,48191,0
1306,53010.1,0
1306,57829.2,0
1306,62648.3,0
1306,67467.4,0
1306,72286.5,0
1306,77105.6,0
1306,81924.7,0
1306,86743.8,0
1306,91562.9,0
1306,96382,0
1307,4819.1,33
1307,9638.2,36
1307,14457.3,38
1307,19276.4,36
1307,24095.5,30
1307,28914.6,1
1307,33733.7,0
1307,38552.8,0
1307,43371.9,0
1307,48191,0
1307,53010.1,0
1307,57829.2,0
1307,62648.3,0
1307,67467.4,0
1307,72286.5,0
1307,77105.6,0
1307,81924.7,0
1307,86743.8,0
1307,91562.9,0
1307,96382,0
1308,4819.1,29
1308,9638.2,32
1308,14457.3,34
1308,19276.4,36
1308,24095.5,23
1308,28914.6,0
1308,33733.7,0
1308,38552.8,0
1308,43371.9,0
1308,48191,0
1308,53010.1,0
1308,57829.2,0
1308,62648.3,0
1308,67467.4,0
1308,72286.5,0
1308,77105.6,0
1308,81924.7,0
1308,86743.8,0
1308,91562.9,0
1308,96382,0
1309,4819.1,33
1309,9638.2,35
1309,14457.3,37
1309,19276.4,44
1309,24095.5,32
1309,28914.6,0
1309,33733.7,0
1309,38552.8,0
1309,43371.9,0
1309,48191,0
1309,53010.1,0
1309,57829.2,0
1309,62648.3,0
1309,67467.4,0
1309,72286.5,0
1309,77105.6,0
1309,81924.7,0
1309,86743.8,0
1309,91562.9,0
1309,96382,0
1310,4819.1,32
1310,9638.2,38
1310,14457.3,37
1310,19276.4,37
1310,24095.5,27
1310,28914.6,1
1310,33733.7,0
1310,38552.8,0
1310,43371.9,0
1310,48191,0
1310,53010.1,0
1310,57829.2,0
1310,62648.3,0
1310,67467.4,0
1310,72286.5,0
1310,77105.6,0
1310,81924.7,0
1310,86743.8,0
1310,91562.9,0
1310,96382,0
1311,4819.1,29
1311,9638.2,42
1311,14457.3,38
1311,19276.4,29
1311,24095.5,17
1311,28914.6,1
1311,33733.7,0
1311,38552.8,0
1311,43371.9,0
1311,48191,0
1311,53010.1,0
1311,57829.2,0
1311,62648.3,0
1311,67467.4,0
1311,72286.5,0
1311,77105.6,0
1311,81924.7,0
1311,86743.8,0
1311,91562.9,0
1311,96382,0
1312,4819.1,28
1312,9638.2,41
1312,14457.3,34
1312,19276.4,32
1312,24095.5,18
1312,28914.6,1
1312,33733.7,0
1312,38552.8,0
1312,43371.9,0
1312,48191,0
1312,53010.1,0
1312,57829.2,0
1312,62648.3,0
1312,67467.4,0
1312,72286.5,0
1312,77105.6,0
1312,81924.7,0
1312,86743.8,0
1312,91562.9,0
1312,96382,0
1313,4819.1,28
1313,9638.2,42
1313,14457.3,37
1313,19276.4,32
1313,24095.5,15
1313,28914.6,0
1313,33733.7,0
1313,38552.8,0
1313,43371.9,0
1313,48191,0
1313,53010.1,0
1313,57829.2,0
1313,62648.3,0
1313,67467.4,0
1313,72286.5,0
1313,77105.6,0
1313,81924.7,0
1313,86743.8,0
1313,91562.9,0
1313,96382,0
1314,4819.1,29
1314,9638.2,44
1314,14457.3,36
1314,19276.4,33
1314,24095.5,18
1314,28914.6,0
1314,33733.7,0
1314,38552.8,0
1314,43371.9,0
1314,48191,0
1314,53010.1,0
1314,57829.2,0
1314,62648.3,0
1314,67467.4,0
1314,72286.5,0
1314,77105.6,0
1314,81924.7,0
1314,86743.8,0
1314,91562.9,0
1314,96382,0
1315,4819.1,29
1315,9638.2,44
1315,14457.3,38
1315,19276.4,35
1315,24095.5,20
1315,28914.6,0
1315,33733.7,0
1315,38552.8,0
1315,43371.9,0
1315,48191,0
1315,53010.1,0
1315,57829.2,0
1315,62648.3,0
1315,67467.4,0
1315,72286.5,0
1315,77105.6,0
1315,81924.7,0
1315,86743.8,0
1315,91562.9,0
1315,96382,0
1316,4819.1,28
1316,9638.2,45
1316,14457.3,38
1316,19276.4,35
1316,24095.5,17
1316,28914.6,1
1316,33733.7,0
1316,38552.8,0
1316,43371.9,0
1316,48191,0
1316,53010.1,0
1316,57829.2,0
1316,62648.3,0
1316,67467.4,0
1316,72286.5,0
1316,77105.6,0
1316,81924.7,0
1316,86743.8,0
1316,91562.9,0
1316,96382,0
1317,4819.1,27
1317,9638.2,44
1317,14457.3,35
1317,19276.4,35
1317,24095.5,18
1317,28914.6,1
1317,33733.7,0
1317,38552.8,0
1317,43371.9,0
1317,48191,0
1317,53010.1,0
1317,57829.2,0
1317,62648.3,0
1317,67467.4,0
1317,72286.5,0
1317,77105.6,0
1317,81924.7,0
1317,86743.8,0
1317,91562.9,0
1317,96382,0
1318,4819.1,28
1318,9638.2,32
1318,14457.3,34
1318,19276.4,37
1318,24095.5,29
1318,28914.6,0
1318,33733.7,0
1318,38552.8,0
1318,43371.9,0
1318,48191,0
1318,53010.1,0
1318,57829.2,0
1318,62648.3,0
1318,67467.4,0
1318,72286.5,0
1318,77105.6,0
1318,81924.7,0
1318,86743.8,0
1318,91562.9,0
1318,96382,0
1319,4819.1,29
1319,9638.2,32
1319,14457.3,30
1319,19276.4,36
1319,24095.5,34
1319,28914.6,0
1319,33733.7,0
1319,38552.8,0
1319,43371.9,0
1319,48191,0
1319,53010.1,0
1319,57829.2,0
1319,62648.3,0
1319,67467.4,0
1319,72286.5,0
1319,77105.6,0
1319,81924.7,0
1319,86743.8,0
1319,91562.9,0
1319,96382,0
1320,4819.1,178
1320,9638.2,31
1320,14457.3,36
1320,19276.4,55
1320,24095.5,27
1320,28914.6,0
1320,33733.7,0
1320,38552.8,0
1320,43371.9,0
1320,48191,0
1320,53010.1,0
1320,57829.2,0
1320,62648.3,0
1320,67467.4,0
1320,72286.5,0
1320,77105.6,0
1320,81924.7,0
1320,86743.8,0
1320,91562.9,0
1320,96382,0
1321,4819.1,33
1321,9638.2,46
1321,14457.3,41
1321,19276.4,35
1321,24095.5,18
1321,28914.6,0
1321,33733.7,0
1321,38552.8,0
1321,43371.9,0
1321,48191,0
1321,53010.1,0
1321,57829.2,0
1321,62648.3,0
1321,67467.4,0
1321,72286.5,0
1321,77105.6,0
1321,81924.7,0
1321,86743.8,0
1321,91562.9,0
1321,96382,0
1322,4819.1,31
1322,9638.2,40
1322,14457.3,36
1322,19276.4,29
1322,24095.5,21
1322,28914.6,0
1322,33733.7,0
1322,38552.8,0
1322,43371.9,0
1322,48191,0
1322,53010.1,0
1322,57829.2,0
1322,62648.3,0
1322,67467.4,0
1322,72286.5,0
1322,77105.6,0
1322,81924.7,0
1322,86743.8,0
1322,91562.9,0
1322,96382,0
1323,4819.1,30
1323,9638.2,44
1323,14457.3,36
1323,19276.4,35
1323,24095.5,17
1323,28914.6,0
1323,33733.7,0
1323,38552.8,0
1323,43371.9,0
1323,48191,0
1323,53010.1,0
1323,57829.2,0
1323,62648.3,0
1323,67467.4,0
1323,72286.5,0
1323,77105.6,0
1323,81924.7,0
1323,86743.8,0
1323,91562.9,0
1323,96382,0
1324,4819.1,29
1324,9638.2,43
1324,14457.3,35
1324,19276.4,31
1324,24095.5,18
1324,28914.6,0
1324,33733.7,0
1324,38552.8,0
1324,43371.9,0
1324,48191,0
1324,53010.1,0
1324,57829.2,0
1324,62648.3,0
1324,67467.4,0
1324,72286.5,0
1324,77105.6,0
1324,81924.7,0
1324,86743.8,0
1324,91562.9,0
1324,96382,0
1325,4819.1,33
1325,9638.2,41
1325,14457.3,39
1325,19276.4,34
1325,24095.5,21
1325,28914.6,1
1325,33733.7,0
1325,38552.8,0
1325,43371.9,0
1325,48191,0
1325,53010.1,0
1325,57829.2,0
1325,62648.3,0
1325,67467.4,0
1325,72286.5,0
1325,77105.6,0
1325,81924.7,0
1325,86743.8,0
1325,91562.9,0
1325,96382,0
1326,4819.1,30
1326,9638.2,32
1326,14457.3,35
1326,19276.4,38
1326,24095.5,29
1326,28914.6,0
1326,33733.7,0
1326,38552.8,0
1326,43371.9,0
1326,48191,0
1326,53010.1,0
1326,57829.2,0
1326,62648.3,0
1326,67467.4,0
1326,72286.5,0
1326,77105.6,0
1326,81924.7,0
1326,86743.8,0
1326,91562.9,0
1326,96382,0
1327,4819.1,33
1327,9638.2,35
1327,14457.3,38
1327,19276.4,42
1327,24095.5,31
1327,28914.6,1
1327,33733.7,0
1327,38552.8,0
1327,43371.9,0
1327,48191,0
1327,53010.1,0
1327,57829.2,0
1327,62648.3,0
1327,67467.4,0
1327,72286.5,0
1327,77105.6,0
1327,81924.7,0
1327,86743.8,0
1327,91562.9,0
1327,96382,0
1328,4819.1,63
1328,9638.2,19
1328,14457.3,19
1328,19276.4,19
1328,24095.5,20
1328,28914.6,0
1328,33733.7,0
1328,38552.8,0
1328,43371.9,0
1328,48191,0
1328,53010.1,0
1328,57829.2,0
1328,62648.3,0
1328,67467.4,0
1328,72286.5,0
1328,77105.6,0
1328,81924.7,0
1328,86743.8,0
1328,91562.9,0
1328,96382,0
1338,4819.1,86
1338,9638.2,26
1338,14457.3,0
1338,19276.4,0
1338,24095.5,0
1338,28914.6,0
1338,33733.7,0
1338,38552.8,0
1338,43371.9,0
1338,48191,0
1338,53010.1,0
1338,57829.2,0
1338,62648.3,0
1338,67467.4,0
1338,72286.5,0
1338,77105.6,0
1338,81924.7,0
1338,86743.8,0
1338,91562.9,0
1338,96382,0
1404,4819.1,4
1404,9638.2,0
1404,14457.3,0
1404,19276.4,0
1404,24095.5,0
1404,28914.6,0
1404,33733.7,0
1404,38552.8,0
1404,43371.9,0
1404,48191,0
1404,53010.1,0
1404,57829.2,0
1404,62648.3,0
1404,67467.4,0
1404,72286.5,0
1404,77105.6,0
1404,81924.7,0
1404,86743.8,0
1404,91562.9,0
1404,96382,0
1465,4819.1,4
1465,9638.2,0
1465,14457.3,0
1465,19276.4,0
1465,24095.5,0
1465,28914.6,0
1465,33733.7,0
1465,38552.8,0
1465,43371.9,0
1465,48191,0
1465,53010.1,0
1465,57829.2,0
1465,62648.3,0
1465,67467.4,0
1465,72286.5,0
1465,77105.6,0
1465,81924.7,0
1465,86743.8,0
1465,91562.9,0
1465,96382,0
