sec,lba,count
1011,5.E+07,0
1011,1.E+08,0
1011,1.E+08,0
1011,2.E+08,1
1011,2.E+08,0
1011,3.E+08,0
1011,3.E+08,0
1011,4.E+08,0
1011,4.E+08,0
1011,5.E+08,0
1029,5.E+07,0
1029,1.E+08,0
1029,1.E+08,0
1029,2.E+08,0
1029,2.E+08,0
1029,3.E+08,0
1029,3.E+08,0
1029,4.E+08,0
1029,4.E+08,0
1029,5.E+08,0
1030,5.E+07,0
1030,1.E+08,1
1030,1.E+08,0
1030,2.E+08,1
1030,2.E+08,0
1030,3.E+08,0
1030,3.E+08,0
1030,4.E+08,29
1030,4.E+08,0
1030,5.E+08,0
1034,5.E+07,126
1034,1.E+08,0
1034,1.E+08,0
1034,2.E+08,0
1034,2.E+08,0
1034,3.E+08,2
1034,3.E+08,0
1034,4.E+08,0
1034,4.E+08,0
1034,5.E+08,26
1035,5.E+07,72
1035,1.E+08,0
1035,1.E+08,0
1035,2.E+08,0
1035,2.E+08,0
1035,3.E+08,0
1035,3.E+08,0
1035,4.E+08,0
1035,4.E+08,0
1035,5.E+08,26
1039,5.E+07,1
1039,1.E+08,2
1039,1.E+08,1
1039,2.E+08,23
1039,2.E+08,40
1039,3.E+08,2
1039,3.E+08,2
1039,4.E+08,23
1039,4.E+08,0
1039,5.E+08,0
1040,5.E+07,1
1040,1.E+08,1
1040,1.E+08,0
1040,2.E+08,0
1040,2.E+08,0
1040,3.E+08,2
1040,3.E+08,0
1040,4.E+08,0
1040,4.E+08,0
1040,5.E+08,0
1041,5.E+07,7100
1041,1.E+08,0
1041,1.E+08,0
1041,2.E+08,0
1041,2.E+08,0
1041,3.E+08,0
1041,3.E+08,0
1041,4.E+08,1
1041,4.E+08,0
1041,5.E+08,0
1042,5.E+07,15992
1042,1.E+08,0
1042,1.E+08,0
1042,2.E+08,0
1042,2.E+08,0
1042,3.E+08,0
1042,3.E+08,0
1042,4.E+08,0
1042,4.E+08,0
1042,5.E+08,0
1043,5.E+07,5966
1043,1.E+08,0
1043,1.E+08,0
1043,2.E+08,0
1043,2.E+08,0
1043,3.E+08,0
1043,3.E+08,0
1043,4.E+08,0
1043,4.E+08,0
1043,5.E+08,0
1044,5.E+07,2948
1044,1.E+08,0
1044,1.E+08,0
1044,2.E+08,0
1044,2.E+08,0
1044,3.E+08,0
1044,3.E+08,0
1044,4.E+08,0
1044,4.E+08,0
1044,5.E+08,0
1045,5.E+07,3863
1045,1.E+08,0
1045,1.E+08,1
1045,2.E+08,0
1045,2.E+08,9
1045,3.E+08,2
1045,3.E+08,0
1045,4.E+08,0
1045,4.E+08,0
1045,5.E+08,0
1046,5.E+07,3197
1046,1.E+08,7
1046,1.E+08,7
1046,2.E+08,11
1046,2.E+08,29
1046,3.E+08,1
1046,3.E+08,1
1046,4.E+08,22
1046,4.E+08,14
1046,5.E+08,1
1047,5.E+07,12698
1047,1.E+08,0
1047,1.E+08,0
1047,2.E+08,0
1047,2.E+08,0
1047,3.E+08,0
1047,3.E+08,0
1047,4.E+08,0
1047,4.E+08,0
1047,5.E+08,0
1048,5.E+07,17251
1048,1.E+08,0
1048,1.E+08,0
1048,2.E+08,0
1048,2.E+08,0
1048,3.E+08,0
1048,3.E+08,0
1048,4.E+08,0
1048,4.E+08,0
1048,5.E+08,0
1049,5.E+07,18221
1049,1.E+08,0
1049,1.E+08,0
1049,2.E+08,0
1049,2.E+08,0
1049,3.E+08,0
1049,3.E+08,0
1049,4.E+08,0
1049,4.E+08,0
1049,5.E+08,0
1050,5.E+07,14213
1050,1.E+08,0
1050,1.E+08,0
1050,2.E+08,0
1050,2.E+08,52
1050,3.E+08,2
1050,3.E+08,0
1050,4.E+08,0
1050,4.E+08,0
1050,5.E+08,0
1051,5.E+07,11169
1051,1.E+08,0
1051,1.E+08,0
1051,2.E+08,1
1051,2.E+08,0
1051,3.E+08,0
1051,3.E+08,0
1051,4.E+08,0
1051,4.E+08,0
1051,5.E+08,0
1052,5.E+07,11288
1052,1.E+08,0
1052,1.E+08,0
1052,2.E+08,0
1052,2.E+08,0
1052,3.E+08,0
1052,3.E+08,0
1052,4.E+08,0
1052,4.E+08,0
1052,5.E+08,0
1053,5.E+07,13356
1053,1.E+08,0
1053,1.E+08,0
1053,2.E+08,0
1053,2.E+08,0
1053,3.E+08,0
1053,3.E+08,0
1053,4.E+08,0
1053,4.E+08,0
1053,5.E+08,0
1054,5.E+07,15367
1054,1.E+08,0
1054,1.E+08,0
1054,2.E+08,0
1054,2.E+08,0
1054,3.E+08,0
1054,3.E+08,0
1054,4.E+08,0
1054,4.E+08,0
1054,5.E+08,0
1055,5.E+07,26609
1055,1.E+08,0
1055,1.E+08,0
1055,2.E+08,0
1055,2.E+08,0
1055,3.E+08,2
1055,3.E+08,0
1055,4.E+08,0
1055,4.E+08,0
1055,5.E+08,0
1056,5.E+07,18796
1056,1.E+08,0
1056,1.E+08,0
1056,2.E+08,0
1056,2.E+08,0
1056,3.E+08,0
1056,3.E+08,0
1056,4.E+08,0
1056,4.E+08,0
1056,5.E+08,0
1057,5.E+07,14330
1057,1.E+08,0
1057,1.E+08,0
1057,2.E+08,0
1057,2.E+08,1
1057,3.E+08,0
1057,3.E+08,0
1057,4.E+08,0
1057,4.E+08,0
1057,5.E+08,0
1058,5.E+07,15257
1058,1.E+08,0
1058,1.E+08,0
1058,2.E+08,0
1058,2.E+08,0
1058,3.E+08,0
1058,3.E+08,0
1058,4.E+08,0
1058,4.E+08,0
1058,5.E+08,1
1059,5.E+07,15206
1059,1.E+08,0
1059,1.E+08,0
1059,2.E+08,0
1059,2.E+08,0
1059,3.E+08,0
1059,3.E+08,0
1059,4.E+08,0
1059,4.E+08,0
1059,5.E+08,0
1060,5.E+07,21843
1060,1.E+08,0
1060,1.E+08,0
1060,2.E+08,0
1060,2.E+08,0
1060,3.E+08,2
1060,3.E+08,0
1060,4.E+08,0
1060,4.E+08,0
1060,5.E+08,1
1061,5.E+07,20946
1061,1.E+08,0
1061,1.E+08,0
1061,2.E+08,0
1061,2.E+08,0
1061,3.E+08,0
1061,3.E+08,0
1061,4.E+08,0
1061,4.E+08,0
1061,5.E+08,0
1062,5.E+07,10136
1062,1.E+08,0
1062,1.E+08,0
1062,2.E+08,0
1062,2.E+08,1
1062,3.E+08,0
1062,3.E+08,0
1062,4.E+08,0
1062,4.E+08,0
1062,5.E+08,0
1063,5.E+07,9705
1063,1.E+08,0
1063,1.E+08,0
1063,2.E+08,0
1063,2.E+08,0
1063,3.E+08,0
1063,3.E+08,0
1063,4.E+08,0
1063,4.E+08,0
1063,5.E+08,0
1064,5.E+07,8702
1064,1.E+08,0
1064,1.E+08,0
1064,2.E+08,0
1064,2.E+08,0
1064,3.E+08,0
1064,3.E+08,0
1064,4.E+08,0
1064,4.E+08,0
1064,5.E+08,0
1065,5.E+07,9258
1065,1.E+08,0
1065,1.E+08,0
1065,2.E+08,0
1065,2.E+08,0
1065,3.E+08,2
1065,3.E+08,0
1065,4.E+08,0
1065,4.E+08,0
1065,5.E+08,0
1066,5.E+07,9258
1066,1.E+08,0
1066,1.E+08,0
1066,2.E+08,0
1066,2.E+08,0
1066,3.E+08,0
1066,3.E+08,0
1066,4.E+08,0
1066,4.E+08,0
1066,5.E+08,0
1067,5.E+07,27136
1067,1.E+08,0
1067,1.E+08,0
1067,2.E+08,0
1067,2.E+08,0
1067,3.E+08,0
1067,3.E+08,0
1067,4.E+08,0
1067,4.E+08,0
1067,5.E+08,0
1068,5.E+07,21877
1068,1.E+08,2
1068,1.E+08,0
1068,2.E+08,10
1068,2.E+08,20
1068,3.E+08,0
1068,3.E+08,1
1068,4.E+08,5
1068,4.E+08,0
1068,5.E+08,1
1069,5.E+07,18367
1069,1.E+08,0
1069,1.E+08,0
1069,2.E+08,0
1069,2.E+08,0
1069,3.E+08,0
1069,3.E+08,0
1069,4.E+08,0
1069,4.E+08,0
1069,5.E+08,0
1070,5.E+07,15121
1070,1.E+08,1
1070,1.E+08,2
1070,2.E+08,0
1070,2.E+08,14
1070,3.E+08,2
1070,3.E+08,0
1070,4.E+08,0
1070,4.E+08,0
1070,5.E+08,0
1071,5.E+07,12787
1071,1.E+08,0
1071,1.E+08,0
1071,2.E+08,0
1071,2.E+08,0
1071,3.E+08,0
1071,3.E+08,0
1071,4.E+08,0
1071,4.E+08,0
1071,5.E+08,0
1072,5.E+07,19166
1072,1.E+08,0
1072,1.E+08,0
1072,2.E+08,0
1072,2.E+08,0
1072,3.E+08,0
1072,3.E+08,0
1072,4.E+08,0
1072,4.E+08,0
1072,5.E+08,0
1073,5.E+07,26287
1073,1.E+08,0
1073,1.E+08,0
1073,2.E+08,0
1073,2.E+08,0
1073,3.E+08,0
1073,3.E+08,0
1073,4.E+08,0
1073,4.E+08,0
1073,5.E+08,0
1074,5.E+07,29970
1074,1.E+08,0
1074,1.E+08,0
1074,2.E+08,0
1074,2.E+08,0
1074,3.E+08,0
1074,3.E+08,0
1074,4.E+08,0
1074,4.E+08,0
1074,5.E+08,0
1075,5.E+07,27640
1075,1.E+08,1
1075,1.E+08,0
1075,2.E+08,12
1075,2.E+08,189
1075,3.E+08,1
1075,3.E+08,1
1075,4.E+08,8
1075,4.E+08,0
1075,5.E+08,0
1076,5.E+07,30270
1076,1.E+08,0
1076,1.E+08,0
1076,2.E+08,0
1076,2.E+08,183
1076,3.E+08,1
1076,3.E+08,0
1076,4.E+08,0
1076,4.E+08,0
1076,5.E+08,0
1077,5.E+07,30238
1077,1.E+08,0
1077,1.E+08,0
1077,2.E+08,0
1077,2.E+08,0
1077,3.E+08,0
1077,3.E+08,1
1077,4.E+08,0
1077,4.E+08,0
1077,5.E+08,0
1078,5.E+07,26221
1078,1.E+08,0
1078,1.E+08,0
1078,2.E+08,0
1078,2.E+08,0
1078,3.E+08,0
1078,3.E+08,0
1078,4.E+08,0
1078,4.E+08,0
1078,5.E+08,0
1079,5.E+07,24002
1079,1.E+08,0
1079,1.E+08,0
1079,2.E+08,0
1079,2.E+08,0
1079,3.E+08,0
1079,3.E+08,0
1079,4.E+08,0
1079,4.E+08,0
1079,5.E+08,0
1080,5.E+07,22118
1080,1.E+08,0
1080,1.E+08,0
1080,2.E+08,0
1080,2.E+08,0
1080,3.E+08,2
1080,3.E+08,0
1080,4.E+08,0
1080,4.E+08,0
1080,5.E+08,0
1081,5.E+07,23156
1081,1.E+08,0
1081,1.E+08,10
1081,2.E+08,2
1081,2.E+08,3
1081,3.E+08,0
1081,3.E+08,1
1081,4.E+08,13
1081,4.E+08,1
1081,5.E+08,1
1082,5.E+07,15709
1082,1.E+08,0
1082,1.E+08,0
1082,2.E+08,0
1082,2.E+08,0
1082,3.E+08,0
1082,3.E+08,0
1082,4.E+08,0
1082,4.E+08,0
1082,5.E+08,0
1083,5.E+07,15962
1083,1.E+08,0
1083,1.E+08,0
1083,2.E+08,0
1083,2.E+08,0
1083,3.E+08,0
1083,3.E+08,0
1083,4.E+08,0
1083,4.E+08,0
1083,5.E+08,0
1084,5.E+07,15988
1084,1.E+08,0
1084,1.E+08,0
1084,2.E+08,0
1084,2.E+08,0
1084,3.E+08,0
1084,3.E+08,0
1084,4.E+08,0
1084,4.E+08,0
1084,5.E+08,0
1085,5.E+07,19013
1085,1.E+08,0
1085,1.E+08,0
1085,2.E+08,0
1085,2.E+08,0
1085,3.E+08,2
1085,3.E+08,0
1085,4.E+08,0
1085,4.E+08,0
1085,5.E+08,0
1086,5.E+07,29071
1086,1.E+08,0
1086,1.E+08,0
1086,2.E+08,0
1086,2.E+08,0
1086,3.E+08,0
1086,3.E+08,0
1086,4.E+08,0
1086,4.E+08,0
1086,5.E+08,0
1087,5.E+07,15410
1087,1.E+08,0
1087,1.E+08,0
1087,2.E+08,0
1087,2.E+08,0
1087,3.E+08,0
1087,3.E+08,0
1087,4.E+08,0
1087,4.E+08,0
1087,5.E+08,0
1088,5.E+07,15310
1088,1.E+08,0
1088,1.E+08,0
1088,2.E+08,0
1088,2.E+08,0
1088,3.E+08,0
1088,3.E+08,0
1088,4.E+08,0
1088,4.E+08,0
1088,5.E+08,0
1089,5.E+07,17826
1089,1.E+08,0
1089,1.E+08,0
1089,2.E+08,0
1089,2.E+08,0
1089,3.E+08,0
1089,3.E+08,0
1089,4.E+08,0
1089,4.E+08,0
1089,5.E+08,0
1090,5.E+07,17949
1090,1.E+08,0
1090,1.E+08,0
1090,2.E+08,0
1090,2.E+08,0
1090,3.E+08,2
1090,3.E+08,0
1090,4.E+08,0
1090,4.E+08,0
1090,5.E+08,0
1091,5.E+07,17242
1091,1.E+08,0
1091,1.E+08,0
1091,2.E+08,0
1091,2.E+08,0
1091,3.E+08,0
1091,3.E+08,0
1091,4.E+08,0
1091,4.E+08,0
1091,5.E+08,0
1092,5.E+07,17225
1092,1.E+08,0
1092,1.E+08,0
1092,2.E+08,0
1092,2.E+08,0
1092,3.E+08,0
1092,3.E+08,0
1092,4.E+08,0
1092,4.E+08,0
1092,5.E+08,0
1093,5.E+07,17140
1093,1.E+08,0
1093,1.E+08,0
1093,2.E+08,0
1093,2.E+08,0
1093,3.E+08,0
1093,3.E+08,0
1093,4.E+08,0
1093,4.E+08,0
1093,5.E+08,0
1094,5.E+07,17527
1094,1.E+08,0
1094,1.E+08,0
1094,2.E+08,0
1094,2.E+08,0
1094,3.E+08,0
1094,3.E+08,0
1094,4.E+08,0
1094,4.E+08,0
1094,5.E+08,0
1095,5.E+07,17849
1095,1.E+08,0
1095,1.E+08,0
1095,2.E+08,0
1095,2.E+08,0
1095,3.E+08,2
1095,3.E+08,0
1095,4.E+08,0
1095,4.E+08,0
1095,5.E+08,0
1096,5.E+07,17835
1096,1.E+08,0
1096,1.E+08,2
1096,2.E+08,0
1096,2.E+08,32
1096,3.E+08,0
1096,3.E+08,0
1096,4.E+08,0
1096,4.E+08,0
1096,5.E+08,0
1097,5.E+07,15032
1097,1.E+08,0
1097,1.E+08,0
1097,2.E+08,0
1097,2.E+08,0
1097,3.E+08,0
1097,3.E+08,0
1097,4.E+08,0
1097,4.E+08,0
1097,5.E+08,0
1098,5.E+07,11377
1098,1.E+08,0
1098,1.E+08,0
1098,2.E+08,0
1098,2.E+08,0
1098,3.E+08,0
1098,3.E+08,0
1098,4.E+08,0
1098,4.E+08,0
1098,5.E+08,0
1099,5.E+07,5227
1099,1.E+08,0
1099,1.E+08,0
1099,2.E+08,0
1099,2.E+08,0
1099,3.E+08,0
1099,3.E+08,0
1099,4.E+08,0
1099,4.E+08,0
1099,5.E+08,0
1100,5.E+07,4240
1100,1.E+08,0
1100,1.E+08,0
1100,2.E+08,0
1100,2.E+08,0
1100,3.E+08,1
1100,3.E+08,0
1100,4.E+08,0
1100,4.E+08,0
1100,5.E+08,0
1101,5.E+07,4750
1101,1.E+08,0
1101,1.E+08,0
1101,2.E+08,0
1101,2.E+08,27
1101,3.E+08,1
1101,3.E+08,0
1101,4.E+08,0
1101,4.E+08,0
1101,5.E+08,0
1102,5.E+07,759
1102,1.E+08,0
1102,1.E+08,0
1102,2.E+08,0
1102,2.E+08,218
1102,3.E+08,0
1102,3.E+08,0
1102,4.E+08,0
1102,4.E+08,0
1102,5.E+08,0
1103,5.E+07,4884
1103,1.E+08,0
1103,1.E+08,0
1103,2.E+08,0
1103,2.E+08,0
1103,3.E+08,0
1103,3.E+08,0
1103,4.E+08,0
1103,4.E+08,0
1103,5.E+08,0
1104,5.E+07,4599
1104,1.E+08,0
1104,1.E+08,0
1104,2.E+08,0
1104,2.E+08,0
1104,3.E+08,0
1104,3.E+08,0
1104,4.E+08,0
1104,4.E+08,0
1104,5.E+08,0
1105,5.E+07,3611
1105,1.E+08,0
1105,1.E+08,0
1105,2.E+08,0
1105,2.E+08,0
1105,3.E+08,0
1105,3.E+08,0
1105,4.E+08,2
1105,4.E+08,0
1105,5.E+08,0
1106,5.E+07,6041
1106,1.E+08,0
1106,1.E+08,0
1106,2.E+08,0
1106,2.E+08,0
1106,3.E+08,2
1106,3.E+08,0
1106,4.E+08,0
1106,4.E+08,0
1106,5.E+08,0
1107,5.E+07,56989
1107,1.E+08,0
1107,1.E+08,0
1107,2.E+08,0
1107,2.E+08,0
1107,3.E+08,0
1107,3.E+08,0
1107,4.E+08,0
1107,4.E+08,0
1107,5.E+08,0
1108,5.E+07,61921
1108,1.E+08,0
1108,1.E+08,0
1108,2.E+08,0
1108,2.E+08,0
1108,3.E+08,0
1108,3.E+08,0
1108,4.E+08,0
1108,4.E+08,0
1108,5.E+08,0
1109,5.E+07,67340
1109,1.E+08,0
1109,1.E+08,0
1109,2.E+08,0
1109,2.E+08,0
1109,3.E+08,0
1109,3.E+08,0
1109,4.E+08,0
1109,4.E+08,0
1109,5.E+08,0
1110,5.E+07,83470
1110,1.E+08,0
1110,1.E+08,0
1110,2.E+08,0
1110,2.E+08,0
1110,3.E+08,0
1110,3.E+08,0
1110,4.E+08,0
1110,4.E+08,0
1110,5.E+08,0
1111,5.E+07,83172
1111,1.E+08,0
1111,1.E+08,0
1111,2.E+08,0
1111,2.E+08,0
1111,3.E+08,2
1111,3.E+08,0
1111,4.E+08,0
1111,4.E+08,0
1111,5.E+08,0
1112,5.E+07,82398
1112,1.E+08,0
1112,1.E+08,0
1112,2.E+08,0
1112,2.E+08,0
1112,3.E+08,0
1112,3.E+08,0
1112,4.E+08,0
1112,4.E+08,0
1112,5.E+08,0
1113,5.E+07,83864
1113,1.E+08,0
1113,1.E+08,0
1113,2.E+08,0
1113,2.E+08,0
1113,3.E+08,0
1113,3.E+08,0
1113,4.E+08,0
1113,4.E+08,0
1113,5.E+08,0
1114,5.E+07,83511
1114,1.E+08,0
1114,1.E+08,0
1114,2.E+08,0
1114,2.E+08,0
1114,3.E+08,0
1114,3.E+08,0
1114,4.E+08,0
1114,4.E+08,0
1114,5.E+08,0
1115,5.E+07,77458
1115,1.E+08,0
1115,1.E+08,0
1115,2.E+08,0
1115,2.E+08,0
1115,3.E+08,0
1115,3.E+08,0
1115,4.E+08,0
1115,4.E+08,0
1115,5.E+08,0
1116,5.E+07,59632
1116,1.E+08,0
1116,1.E+08,0
1116,2.E+08,0
1116,2.E+08,0
1116,3.E+08,2
1116,3.E+08,0
1116,4.E+08,0
1116,4.E+08,0
1116,5.E+08,0
1117,5.E+07,62569
1117,1.E+08,0
1117,1.E+08,0
1117,2.E+08,0
1117,2.E+08,0
1117,3.E+08,0
1117,3.E+08,0
1117,4.E+08,0
1117,4.E+08,0
1117,5.E+08,0
1118,5.E+07,67904
1118,1.E+08,0
1118,1.E+08,0
1118,2.E+08,0
1118,2.E+08,0
1118,3.E+08,0
1118,3.E+08,0
1118,4.E+08,0
1118,4.E+08,0
1118,5.E+08,0
1119,5.E+07,82734
1119,1.E+08,0
1119,1.E+08,0
1119,2.E+08,0
1119,2.E+08,0
1119,3.E+08,0
1119,3.E+08,0
1119,4.E+08,0
1119,4.E+08,0
1119,5.E+08,0
1120,5.E+07,83325
1120,1.E+08,1
1120,1.E+08,0
1120,2.E+08,13
1120,2.E+08,95
1120,3.E+08,0
1120,3.E+08,1
1120,4.E+08,7
1120,4.E+08,0
1120,5.E+08,0
1121,5.E+07,77427
1121,1.E+08,0
1121,1.E+08,4
1121,2.E+08,1
1121,2.E+08,2
1121,3.E+08,2
1121,3.E+08,0
1121,4.E+08,8
1121,4.E+08,2
1121,5.E+08,1
1122,5.E+07,55512
1122,1.E+08,1
1122,1.E+08,2
1122,2.E+08,0
1122,2.E+08,26
1122,3.E+08,0
1122,3.E+08,0
1122,4.E+08,0
1122,4.E+08,0
1122,5.E+08,0
1123,5.E+07,55766
1123,1.E+08,0
1123,1.E+08,0
1123,2.E+08,0
1123,2.E+08,0
1123,3.E+08,0
1123,3.E+08,0
1123,4.E+08,0
1123,4.E+08,0
1123,5.E+08,0
1124,5.E+07,56220
1124,1.E+08,0
1124,1.E+08,0
1124,2.E+08,0
1124,2.E+08,0
1124,3.E+08,0
1124,3.E+08,0
1124,4.E+08,0
1124,4.E+08,0
1124,5.E+08,0
1125,5.E+07,58023
1125,1.E+08,0
1125,1.E+08,0
1125,2.E+08,0
1125,2.E+08,0
1125,3.E+08,0
1125,3.E+08,0
1125,4.E+08,0
1125,4.E+08,0
1125,5.E+08,0
1126,5.E+07,54543
1126,1.E+08,0
1126,1.E+08,0
1126,2.E+08,0
1126,2.E+08,0
1126,3.E+08,2
1126,3.E+08,0
1126,4.E+08,0
1126,4.E+08,0
1126,5.E+08,0
1127,5.E+07,20424
1127,1.E+08,0
1127,1.E+08,0
1127,2.E+08,0
1127,2.E+08,0
1127,3.E+08,0
1127,3.E+08,0
1127,4.E+08,0
1127,4.E+08,0
1127,5.E+08,0
1128,5.E+07,17721
1128,1.E+08,0
1128,1.E+08,0
1128,2.E+08,0
1128,2.E+08,451
1128,3.E+08,0
1128,3.E+08,0
1128,4.E+08,0
1128,4.E+08,0
1128,5.E+08,0
1129,5.E+07,17812
1129,1.E+08,0
1129,1.E+08,0
1129,2.E+08,191
1129,2.E+08,195
1129,3.E+08,0
1129,3.E+08,0
1129,4.E+08,0
1129,4.E+08,0
1129,5.E+08,0
1130,5.E+07,17837
1130,1.E+08,0
1130,1.E+08,0
1130,2.E+08,0
1130,2.E+08,0
1130,3.E+08,0
1130,3.E+08,0
1130,4.E+08,0
1130,4.E+08,0
1130,5.E+08,0
1131,5.E+07,17247
1131,1.E+08,0
1131,1.E+08,0
1131,2.E+08,0
1131,2.E+08,0
1131,3.E+08,2
1131,3.E+08,0
1131,4.E+08,0
1131,4.E+08,0
1131,5.E+08,0
1132,5.E+07,17403
1132,1.E+08,0
1132,1.E+08,0
1132,2.E+08,0
1132,2.E+08,0
1132,3.E+08,0
1132,3.E+08,0
1132,4.E+08,0
1132,4.E+08,0
1132,5.E+08,0
1133,5.E+07,16746
1133,1.E+08,0
1133,1.E+08,0
1133,2.E+08,0
1133,2.E+08,0
1133,3.E+08,0
1133,3.E+08,0
1133,4.E+08,0
1133,4.E+08,0
1133,5.E+08,0
1134,5.E+07,17337
1134,1.E+08,0
1134,1.E+08,0
1134,2.E+08,0
1134,2.E+08,0
1134,3.E+08,0
1134,3.E+08,0
1134,4.E+08,0
1134,4.E+08,0
1134,5.E+08,0
1135,5.E+07,16274
1135,1.E+08,0
1135,1.E+08,0
1135,2.E+08,0
1135,2.E+08,0
1135,3.E+08,0
1135,3.E+08,0
1135,4.E+08,0
1135,4.E+08,0
1135,5.E+08,0
1136,5.E+07,15593
1136,1.E+08,0
1136,1.E+08,0
1136,2.E+08,0
1136,2.E+08,0
1136,3.E+08,2
1136,3.E+08,0
1136,4.E+08,0
1136,4.E+08,0
1136,5.E+08,0
1137,5.E+07,17309
1137,1.E+08,0
1137,1.E+08,0
1137,2.E+08,0
1137,2.E+08,0
1137,3.E+08,0
1137,3.E+08,0
1137,4.E+08,0
1137,4.E+08,0
1137,5.E+08,0
1138,5.E+07,17935
1138,1.E+08,0
1138,1.E+08,0
1138,2.E+08,0
1138,2.E+08,0
1138,3.E+08,0
1138,3.E+08,0
1138,4.E+08,0
1138,4.E+08,0
1138,5.E+08,0
1139,5.E+07,17913
1139,1.E+08,0
1139,1.E+08,0
1139,2.E+08,0
1139,2.E+08,0
1139,3.E+08,0
1139,3.E+08,0
1139,4.E+08,0
1139,4.E+08,0
1139,5.E+08,0
1140,5.E+07,16874
1140,1.E+08,0
1140,1.E+08,0
1140,2.E+08,0
1140,2.E+08,0
1140,3.E+08,0
1140,3.E+08,0
1140,4.E+08,0
1140,4.E+08,0
1140,5.E+08,0
1141,5.E+07,12529
1141,1.E+08,0
1141,1.E+08,0
1141,2.E+08,0
1141,2.E+08,0
1141,3.E+08,2
1141,3.E+08,0
1141,4.E+08,0
1141,4.E+08,0
1141,5.E+08,0
1142,5.E+07,17059
1142,1.E+08,0
1142,1.E+08,0
1142,2.E+08,0
1142,2.E+08,0
1142,3.E+08,0
1142,3.E+08,0
1142,4.E+08,0
1142,4.E+08,0
1142,5.E+08,0
1143,5.E+07,27681
1143,1.E+08,0
1143,1.E+08,0
1143,2.E+08,0
1143,2.E+08,0
1143,3.E+08,0
1143,3.E+08,0
1143,4.E+08,0
1143,4.E+08,0
1143,5.E+08,0
1144,5.E+07,20614
1144,1.E+08,0
1144,1.E+08,0
1144,2.E+08,0
1144,2.E+08,0
1144,3.E+08,0
1144,3.E+08,0
1144,4.E+08,0
1144,4.E+08,0
1144,5.E+08,0
1145,5.E+07,15193
1145,1.E+08,0
1145,1.E+08,0
1145,2.E+08,0
1145,2.E+08,0
1145,3.E+08,0
1145,3.E+08,0
1145,4.E+08,0
1145,4.E+08,0
1145,5.E+08,0
1146,5.E+07,15296
1146,1.E+08,0
1146,1.E+08,0
1146,2.E+08,0
1146,2.E+08,0
1146,3.E+08,2
1146,3.E+08,0
1146,4.E+08,0
1146,4.E+08,0
1146,5.E+08,0
1147,5.E+07,13715
1147,1.E+08,0
1147,1.E+08,0
1147,2.E+08,0
1147,2.E+08,0
1147,3.E+08,0
1147,3.E+08,0
1147,4.E+08,0
1147,4.E+08,0
1147,5.E+08,0
1148,5.E+07,23556
1148,1.E+08,0
1148,1.E+08,0
1148,2.E+08,0
1148,2.E+08,0
1148,3.E+08,0
1148,3.E+08,0
1148,4.E+08,0
1148,4.E+08,0
1148,5.E+08,0
1149,5.E+07,28957
1149,1.E+08,0
1149,1.E+08,0
1149,2.E+08,0
1149,2.E+08,0
1149,3.E+08,0
1149,3.E+08,0
1149,4.E+08,0
1149,4.E+08,0
1149,5.E+08,0
1150,5.E+07,29487
1150,1.E+08,0
1150,1.E+08,0
1150,2.E+08,0
1150,2.E+08,0
1150,3.E+08,0
1150,3.E+08,0
1150,4.E+08,0
1150,4.E+08,0
1150,5.E+08,0
1151,5.E+07,29840
1151,1.E+08,0
1151,1.E+08,0
1151,2.E+08,0
1151,2.E+08,0
1151,3.E+08,2
1151,3.E+08,0
1151,4.E+08,0
1151,4.E+08,0
1151,5.E+08,0
1152,5.E+07,30791
1152,1.E+08,0
1152,1.E+08,0
1152,2.E+08,0
1152,2.E+08,0
1152,3.E+08,0
1152,3.E+08,0
1152,4.E+08,0
1152,4.E+08,0
1152,5.E+08,0
1153,5.E+07,30222
1153,1.E+08,0
1153,1.E+08,0
1153,2.E+08,0
1153,2.E+08,0
1153,3.E+08,0
1153,3.E+08,0
1153,4.E+08,0
1153,4.E+08,0
1153,5.E+08,0
1154,5.E+07,23003
1154,1.E+08,0
1154,1.E+08,0
1154,2.E+08,0
1154,2.E+08,0
1154,3.E+08,0
1154,3.E+08,0
1154,4.E+08,0
1154,4.E+08,0
1154,5.E+08,0
1155,5.E+07,23806
1155,1.E+08,2
1155,1.E+08,1
1155,2.E+08,0
1155,2.E+08,0
1155,3.E+08,0
1155,3.E+08,0
1155,4.E+08,0
1155,4.E+08,0
1155,5.E+08,0
1156,5.E+07,22157
1156,1.E+08,2
1156,1.E+08,1
1156,2.E+08,2
1156,2.E+08,0
1156,3.E+08,2
1156,3.E+08,0
1156,4.E+08,0
1156,4.E+08,4
1156,5.E+08,0
1157,5.E+07,18699
1157,1.E+08,0
1157,1.E+08,0
1157,2.E+08,0
1157,2.E+08,0
1157,3.E+08,0
1157,3.E+08,0
1157,4.E+08,0
1157,4.E+08,0
1157,5.E+08,0
1158,5.E+07,14545
1158,1.E+08,0
1158,1.E+08,0
1158,2.E+08,0
1158,2.E+08,0
1158,3.E+08,0
1158,3.E+08,0
1158,4.E+08,0
1158,4.E+08,0
1158,5.E+08,0
1159,5.E+07,14317
1159,1.E+08,0
1159,1.E+08,0
1159,2.E+08,0
1159,2.E+08,0
1159,3.E+08,0
1159,3.E+08,0
1159,4.E+08,0
1159,4.E+08,0
1159,5.E+08,0
1160,5.E+07,16782
1160,1.E+08,0
1160,1.E+08,0
1160,2.E+08,214
1160,2.E+08,0
1160,3.E+08,0
1160,3.E+08,0
1160,4.E+08,0
1160,4.E+08,0
1160,5.E+08,0
1161,5.E+07,27384
1161,1.E+08,0
1161,1.E+08,0
1161,2.E+08,187
1161,2.E+08,0
1161,3.E+08,2
1161,3.E+08,0
1161,4.E+08,0
1161,4.E+08,0
1161,5.E+08,0
1162,5.E+07,23710
1162,1.E+08,0
1162,1.E+08,0
1162,2.E+08,0
1162,2.E+08,0
1162,3.E+08,0
1162,3.E+08,0
1162,4.E+08,0
1162,4.E+08,0
1162,5.E+08,0
1163,5.E+07,10388
1163,1.E+08,0
1163,1.E+08,0
1163,2.E+08,0
1163,2.E+08,0
1163,3.E+08,0
1163,3.E+08,0
1163,4.E+08,0
1163,4.E+08,0
1163,5.E+08,0
1164,5.E+07,10389
1164,1.E+08,0
1164,1.E+08,0
1164,2.E+08,0
1164,2.E+08,0
1164,3.E+08,0
1164,3.E+08,0
1164,4.E+08,0
1164,4.E+08,0
1164,5.E+08,0
1165,5.E+07,10460
1165,1.E+08,1
1165,1.E+08,0
1165,2.E+08,9
1165,2.E+08,59
1165,3.E+08,0
1165,3.E+08,1
1165,4.E+08,7
1165,4.E+08,0
1165,5.E+08,0
1166,5.E+07,10559
1166,1.E+08,0
1166,1.E+08,0
1166,2.E+08,0
1166,2.E+08,0
1166,3.E+08,2
1166,3.E+08,0
1166,4.E+08,0
1166,4.E+08,0
1166,5.E+08,0
1167,5.E+07,10242
1167,1.E+08,0
1167,1.E+08,0
1167,2.E+08,0
1167,2.E+08,0
1167,3.E+08,0
1167,3.E+08,0
1167,4.E+08,0
1167,4.E+08,0
1167,5.E+08,0
1168,5.E+07,10358
1168,1.E+08,0
1168,1.E+08,0
1168,2.E+08,0
1168,2.E+08,0
1168,3.E+08,0
1168,3.E+08,0
1168,4.E+08,0
1168,4.E+08,0
1168,5.E+08,0
1169,5.E+07,11146
1169,1.E+08,0
1169,1.E+08,0
1169,2.E+08,0
1169,2.E+08,0
1169,3.E+08,0
1169,3.E+08,0
1169,4.E+08,0
1169,4.E+08,0
1169,5.E+08,0
1170,5.E+07,17933
1170,1.E+08,0
1170,1.E+08,0
1170,2.E+08,0
1170,2.E+08,0
1170,3.E+08,0
1170,3.E+08,0
1170,4.E+08,0
1170,4.E+08,0
1170,5.E+08,0
1171,5.E+07,17809
1171,1.E+08,0
1171,1.E+08,0
1171,2.E+08,0
1171,2.E+08,0
1171,3.E+08,2
1171,3.E+08,0
1171,4.E+08,0
1171,4.E+08,0
1171,5.E+08,0
1172,5.E+07,16912
1172,1.E+08,0
1172,1.E+08,0
1172,2.E+08,0
1172,2.E+08,0
1172,3.E+08,0
1172,3.E+08,0
1172,4.E+08,0
1172,4.E+08,0
1172,5.E+08,0
1173,5.E+07,10971
1173,1.E+08,0
1173,1.E+08,0
1173,2.E+08,0
1173,2.E+08,0
1173,3.E+08,0
1173,3.E+08,0
1173,4.E+08,0
1173,4.E+08,0
1173,5.E+08,0
1174,5.E+07,17874
1174,1.E+08,0
1174,1.E+08,0
1174,2.E+08,0
1174,2.E+08,0
1174,3.E+08,0
1174,3.E+08,0
1174,4.E+08,0
1174,4.E+08,0
1174,5.E+08,0
1175,5.E+07,17864
1175,1.E+08,0
1175,1.E+08,0
1175,2.E+08,0
1175,2.E+08,0
1175,3.E+08,0
1175,3.E+08,0
1175,4.E+08,0
1175,4.E+08,0
1175,5.E+08,0
1176,5.E+07,17840
1176,1.E+08,0
1176,1.E+08,0
1176,2.E+08,0
1176,2.E+08,0
1176,3.E+08,2
1176,3.E+08,0
1176,4.E+08,0
1176,4.E+08,0
1176,5.E+08,0
1177,5.E+07,10663
1177,1.E+08,0
1177,1.E+08,0
1177,2.E+08,0
1177,2.E+08,0
1177,3.E+08,0
1177,3.E+08,0
1177,4.E+08,0
1177,4.E+08,0
1177,5.E+08,0
1178,5.E+07,10467
1178,1.E+08,0
1178,1.E+08,0
1178,2.E+08,0
1178,2.E+08,0
1178,3.E+08,0
1178,3.E+08,0
1178,4.E+08,0
1178,4.E+08,0
1178,5.E+08,0
1179,5.E+07,10513
1179,1.E+08,0
1179,1.E+08,0
1179,2.E+08,0
1179,2.E+08,0
1179,3.E+08,0
1179,3.E+08,0
1179,4.E+08,0
1179,4.E+08,0
1179,5.E+08,0
1180,5.E+07,10284
1180,1.E+08,0
1180,1.E+08,0
1180,2.E+08,0
1180,2.E+08,0
1180,3.E+08,0
1180,3.E+08,0
1180,4.E+08,0
1180,4.E+08,0
1180,5.E+08,0
1181,5.E+07,10321
1181,1.E+08,2
1181,1.E+08,0
1181,2.E+08,15
1181,2.E+08,82
1181,3.E+08,2
1181,3.E+08,0
1181,4.E+08,0
1181,4.E+08,0
1181,5.E+08,0
1182,5.E+07,11300
1182,1.E+08,0
1182,1.E+08,0
1182,2.E+08,0
1182,2.E+08,2
1182,3.E+08,0
1182,3.E+08,0
1182,4.E+08,0
1182,4.E+08,0
1182,5.E+08,0
1183,5.E+07,13637
1183,1.E+08,0
1183,1.E+08,0
1183,2.E+08,0
1183,2.E+08,0
1183,3.E+08,0
1183,3.E+08,0
1183,4.E+08,0
1183,4.E+08,0
1183,5.E+08,0
1184,5.E+07,83814
1184,1.E+08,0
1184,1.E+08,0
1184,2.E+08,0
1184,2.E+08,0
1184,3.E+08,0
1184,3.E+08,0
1184,4.E+08,0
1184,4.E+08,0
1184,5.E+08,0
1185,5.E+07,83804
1185,1.E+08,0
1185,1.E+08,0
1185,2.E+08,0
1185,2.E+08,0
1185,3.E+08,0
1185,3.E+08,0
1185,4.E+08,0
1185,4.E+08,0
1185,5.E+08,0
1186,5.E+07,83041
1186,1.E+08,0
1186,1.E+08,0
1186,2.E+08,0
1186,2.E+08,0
1186,3.E+08,2
1186,3.E+08,0
1186,4.E+08,0
1186,4.E+08,0
1186,5.E+08,0
1187,5.E+07,69203
1187,1.E+08,0
1187,1.E+08,0
1187,2.E+08,0
1187,2.E+08,268
1187,3.E+08,0
1187,3.E+08,0
1187,4.E+08,0
1187,4.E+08,0
1187,5.E+08,0
1188,5.E+07,79958
1188,1.E+08,0
1188,1.E+08,0
1188,2.E+08,0
1188,2.E+08,0
1188,3.E+08,0
1188,3.E+08,0
1188,4.E+08,0
1188,4.E+08,0
1188,5.E+08,0
1189,5.E+07,83076
1189,1.E+08,0
1189,1.E+08,0
1189,2.E+08,0
1189,2.E+08,0
1189,3.E+08,0
1189,3.E+08,0
1189,4.E+08,0
1189,4.E+08,0
1189,5.E+08,0
1190,5.E+07,83942
1190,1.E+08,0
1190,1.E+08,0
1190,2.E+08,0
1190,2.E+08,0
1190,3.E+08,0
1190,3.E+08,0
1190,4.E+08,0
1190,4.E+08,0
1190,5.E+08,0
1191,5.E+07,58885
1191,1.E+08,1
1191,1.E+08,3
1191,2.E+08,2
1191,2.E+08,1
1191,3.E+08,2
1191,3.E+08,0
1191,4.E+08,0
1191,4.E+08,3
1191,5.E+08,0
1192,5.E+07,54083
1192,1.E+08,0
1192,1.E+08,0
1192,2.E+08,0
1192,2.E+08,0
1192,3.E+08,0
1192,3.E+08,0
1192,4.E+08,0
1192,4.E+08,0
1192,5.E+08,0
1193,5.E+07,36835
1193,1.E+08,0
1193,1.E+08,0
1193,2.E+08,0
1193,2.E+08,0
1193,3.E+08,0
1193,3.E+08,0
1193,4.E+08,0
1193,4.E+08,0
1193,5.E+08,0
1194,5.E+07,33703
1194,1.E+08,0
1194,1.E+08,0
1194,2.E+08,0
1194,2.E+08,0
1194,3.E+08,0
1194,3.E+08,0
1194,4.E+08,0
1194,4.E+08,0
1194,5.E+08,0
1195,5.E+07,54649
1195,1.E+08,0
1195,1.E+08,0
1195,2.E+08,0
1195,2.E+08,0
1195,3.E+08,0
1195,3.E+08,0
1195,4.E+08,0
1195,4.E+08,0
1195,5.E+08,0
1196,5.E+07,36286
1196,1.E+08,2
1196,1.E+08,0
1196,2.E+08,0
1196,2.E+08,185
1196,3.E+08,2
1196,3.E+08,0
1196,4.E+08,0
1196,4.E+08,0
1196,5.E+08,0
1197,5.E+07,27714
1197,1.E+08,2
1197,1.E+08,0
1197,2.E+08,0
1197,2.E+08,147
1197,3.E+08,0
1197,3.E+08,0
1197,4.E+08,0
1197,4.E+08,0
1197,5.E+08,0
1198,5.E+07,26483
1198,1.E+08,1
1198,1.E+08,0
1198,2.E+08,0
1198,2.E+08,20
1198,3.E+08,0
1198,3.E+08,0
1198,4.E+08,0
1198,4.E+08,0
1198,5.E+08,0
1199,5.E+07,33884
1199,1.E+08,2
1199,1.E+08,0
1199,2.E+08,0
1199,2.E+08,27
1199,3.E+08,0
1199,3.E+08,0
1199,4.E+08,0
1199,4.E+08,0
1199,5.E+08,0
1200,5.E+07,30218
1200,1.E+08,1
1200,1.E+08,0
1200,2.E+08,0
1200,2.E+08,24
1200,3.E+08,0
1200,3.E+08,0
1200,4.E+08,0
1200,4.E+08,0
1200,5.E+08,0
1201,5.E+07,33411
1201,1.E+08,3
1201,1.E+08,0
1201,2.E+08,0
1201,2.E+08,35
1201,3.E+08,2
1201,3.E+08,0
1201,4.E+08,0
1201,4.E+08,3
1201,5.E+08,0
1202,5.E+07,35408
1202,1.E+08,2
1202,1.E+08,0
1202,2.E+08,0
1202,2.E+08,27
1202,3.E+08,0
1202,3.E+08,0
1202,4.E+08,0
1202,4.E+08,0
1202,5.E+08,0
1203,5.E+07,27448
1203,1.E+08,1
1203,1.E+08,0
1203,2.E+08,0
1203,2.E+08,22
1203,3.E+08,0
1203,3.E+08,0
1203,4.E+08,0
1203,4.E+08,0
1203,5.E+08,0
1204,5.E+07,3402
1204,1.E+08,0
1204,1.E+08,0
1204,2.E+08,0
1204,2.E+08,6
1204,3.E+08,0
1204,3.E+08,0
1204,4.E+08,0
1204,4.E+08,0
1204,5.E+08,0
1205,5.E+07,193
1205,1.E+08,0
1205,1.E+08,0
1205,2.E+08,0
1205,2.E+08,0
1205,3.E+08,0
1205,3.E+08,0
1205,4.E+08,0
1205,4.E+08,0
1205,5.E+08,0
1206,5.E+07,147
1206,1.E+08,0
1206,1.E+08,0
1206,2.E+08,0
1206,2.E+08,0
1206,3.E+08,2
1206,3.E+08,0
1206,4.E+08,0
1206,4.E+08,0
1206,5.E+08,0
1207,5.E+07,179
1207,1.E+08,0
1207,1.E+08,0
1207,2.E+08,0
1207,2.E+08,0
1207,3.E+08,0
1207,3.E+08,0
1207,4.E+08,0
1207,4.E+08,0
1207,5.E+08,0
1208,5.E+07,169
1208,1.E+08,1
1208,1.E+08,0
1208,2.E+08,0
1208,2.E+08,2
1208,3.E+08,0
1208,3.E+08,0
1208,4.E+08,0
1208,4.E+08,3
1208,5.E+08,0
1209,5.E+07,153
1209,1.E+08,2
1209,1.E+08,0
1209,2.E+08,0
1209,2.E+08,5
1209,3.E+08,0
1209,3.E+08,0
1209,4.E+08,0
1209,4.E+08,0
1209,5.E+08,0
1210,5.E+07,184
1210,1.E+08,0
1210,1.E+08,0
1210,2.E+08,0
1210,2.E+08,0
1210,3.E+08,0
1210,3.E+08,0
1210,4.E+08,0
1210,4.E+08,0
1210,5.E+08,0
1211,5.E+07,172
1211,1.E+08,0
1211,1.E+08,0
1211,2.E+08,0
1211,2.E+08,0
1211,3.E+08,2
1211,3.E+08,0
1211,4.E+08,0
1211,4.E+08,0
1211,5.E+08,0
1212,5.E+07,150
1212,1.E+08,0
1212,1.E+08,0
1212,2.E+08,0
1212,2.E+08,0
1212,3.E+08,0
1212,3.E+08,0
1212,4.E+08,0
1212,4.E+08,0
1212,5.E+08,0
1213,5.E+07,724
1213,1.E+08,0
1213,1.E+08,0
1213,2.E+08,0
1213,2.E+08,0
1213,3.E+08,0
1213,3.E+08,0
1213,4.E+08,0
1213,4.E+08,0
1213,5.E+08,0
1214,5.E+07,5149
1214,1.E+08,2
1214,1.E+08,0
1214,2.E+08,0
1214,2.E+08,10
1214,3.E+08,0
1214,3.E+08,0
1214,4.E+08,0
1214,4.E+08,0
1214,5.E+08,0
1215,5.E+07,5813
1215,1.E+08,2
1215,1.E+08,0
1215,2.E+08,0
1215,2.E+08,9
1215,3.E+08,0
1215,3.E+08,0
1215,4.E+08,0
1215,4.E+08,0
1215,5.E+08,0
1216,5.E+07,4436
1216,1.E+08,3
1216,1.E+08,0
1216,2.E+08,0
1216,2.E+08,9
1216,3.E+08,2
1216,3.E+08,0
1216,4.E+08,0
1216,4.E+08,3
1216,5.E+08,0
1217,5.E+07,4832
1217,1.E+08,2
1217,1.E+08,0
1217,2.E+08,0
1217,2.E+08,3
1217,3.E+08,0
1217,3.E+08,0
1217,4.E+08,0
1217,4.E+08,0
1217,5.E+08,0
1218,5.E+07,9501
1218,1.E+08,2
1218,1.E+08,0
1218,2.E+08,0
1218,2.E+08,14
1218,3.E+08,0
1218,3.E+08,0
1218,4.E+08,0
1218,4.E+08,0
1218,5.E+08,0
1219,5.E+07,7761
1219,1.E+08,2
1219,1.E+08,0
1219,2.E+08,0
1219,2.E+08,8
1219,3.E+08,4
1219,3.E+08,0
1219,4.E+08,0
1219,4.E+08,0
1219,5.E+08,0
1220,5.E+07,4436
1220,1.E+08,2
1220,1.E+08,0
1220,2.E+08,0
1220,2.E+08,8
1220,3.E+08,0
1220,3.E+08,0
1220,4.E+08,0
1220,4.E+08,0
1220,5.E+08,0
1221,5.E+07,5901
1221,1.E+08,1
1221,1.E+08,0
1221,2.E+08,0
1221,2.E+08,4
1221,3.E+08,0
1221,3.E+08,0
1221,4.E+08,0
1221,4.E+08,0
1221,5.E+08,0
1222,5.E+07,5994
1222,1.E+08,2
1222,1.E+08,0
1222,2.E+08,0
1222,2.E+08,9
1222,3.E+08,0
1222,3.E+08,0
1222,4.E+08,0
1222,4.E+08,0
1222,5.E+08,0
1223,5.E+07,6606
1223,1.E+08,2
1223,1.E+08,0
1223,2.E+08,0
1223,2.E+08,9
1223,3.E+08,0
1223,3.E+08,0
1223,4.E+08,0
1223,4.E+08,0
1223,5.E+08,0
1224,5.E+07,7208
1224,1.E+08,2
1224,1.E+08,5
1224,2.E+08,0
1224,2.E+08,9
1224,3.E+08,2
1224,3.E+08,0
1224,4.E+08,0
1224,4.E+08,2
1224,5.E+08,1
1225,5.E+07,7312
1225,1.E+08,2
1225,1.E+08,0
1225,2.E+08,0
1225,2.E+08,6
1225,3.E+08,0
1225,3.E+08,0
1225,4.E+08,0
1225,4.E+08,0
1225,5.E+08,0
1226,5.E+07,8197
1226,1.E+08,0
1226,1.E+08,0
1226,2.E+08,0
1226,2.E+08,9
1226,3.E+08,0
1226,3.E+08,0
1226,4.E+08,0
1226,4.E+08,0
1226,5.E+08,0
1227,5.E+07,5312
1227,1.E+08,43
1227,1.E+08,0
1227,2.E+08,0
1227,2.E+08,9
1227,3.E+08,0
1227,3.E+08,0
1227,4.E+08,0
1227,4.E+08,0
1227,5.E+08,0
1228,5.E+07,9860
1228,1.E+08,212
1228,1.E+08,0
1228,2.E+08,0
1228,2.E+08,15
1228,3.E+08,0
1228,3.E+08,0
1228,4.E+08,0
1228,4.E+08,0
1228,5.E+08,0
1229,5.E+07,10681
1229,1.E+08,211
1229,1.E+08,0
1229,2.E+08,0
1229,2.E+08,12
1229,3.E+08,2
1229,3.E+08,0
1229,4.E+08,0
1229,4.E+08,0
1229,5.E+08,0
1230,5.E+07,10730
1230,1.E+08,198
1230,1.E+08,0
1230,2.E+08,0
1230,2.E+08,6
1230,3.E+08,0
1230,3.E+08,0
1230,4.E+08,0
1230,4.E+08,0
1230,5.E+08,0
1231,5.E+07,12527
1231,1.E+08,224
1231,1.E+08,0
1231,2.E+08,0
1231,2.E+08,13
1231,3.E+08,0
1231,3.E+08,0
1231,4.E+08,0
1231,4.E+08,0
1231,5.E+08,0
1232,5.E+07,12058
1232,1.E+08,207
1232,1.E+08,0
1232,2.E+08,0
1232,2.E+08,12
1232,3.E+08,0
1232,3.E+08,0
1232,4.E+08,0
1232,4.E+08,0
1232,5.E+08,0
1233,5.E+07,8104
1233,1.E+08,317
1233,1.E+08,0
1233,2.E+08,0
1233,2.E+08,6
1233,3.E+08,0
1233,3.E+08,0
1233,4.E+08,0
1233,4.E+08,0
1233,5.E+08,0
1234,5.E+07,10129
1234,1.E+08,317
1234,1.E+08,0
1234,2.E+08,0
1234,2.E+08,15
1234,3.E+08,2
1234,3.E+08,0
1234,4.E+08,0
1234,4.E+08,3
1234,5.E+08,0
1235,5.E+07,14593
1235,1.E+08,46
1235,1.E+08,0
1235,2.E+08,0
1235,2.E+08,0
1235,3.E+08,0
1235,3.E+08,0
1235,4.E+08,0
1235,4.E+08,0
1235,5.E+08,0
1236,5.E+07,17757
1236,1.E+08,0
1236,1.E+08,0
1236,2.E+08,0
1236,2.E+08,0
1236,3.E+08,0
1236,3.E+08,0
1236,4.E+08,0
1236,4.E+08,0
1236,5.E+08,0
1237,5.E+07,17922
1237,1.E+08,0
1237,1.E+08,0
1237,2.E+08,0
1237,2.E+08,0
1237,3.E+08,0
1237,3.E+08,0
1237,4.E+08,0
1237,4.E+08,0
1237,5.E+08,0
1238,5.E+07,17885
1238,1.E+08,0
1238,1.E+08,0
1238,2.E+08,0
1238,2.E+08,0
1238,3.E+08,0
1238,3.E+08,0
1238,4.E+08,0
1238,4.E+08,0
1238,5.E+08,0
1239,5.E+07,17839
1239,1.E+08,0
1239,1.E+08,0
1239,2.E+08,0
1239,2.E+08,0
1239,3.E+08,2
1239,3.E+08,0
1239,4.E+08,0
1239,4.E+08,0
1239,5.E+08,0
1240,5.E+07,10598
1240,1.E+08,91
1240,1.E+08,0
1240,2.E+08,0
1240,2.E+08,0
1240,3.E+08,0
1240,3.E+08,0
1240,4.E+08,0
1240,4.E+08,0
1240,5.E+08,0
1241,5.E+07,7968
1241,1.E+08,29
1241,1.E+08,0
1241,2.E+08,0
1241,2.E+08,69
1241,3.E+08,0
1241,3.E+08,0
1241,4.E+08,0
1241,4.E+08,0
1241,5.E+08,0
1242,5.E+07,13229
1242,1.E+08,0
1242,1.E+08,0
1242,2.E+08,0
1242,2.E+08,0
1242,3.E+08,0
1242,3.E+08,0
1242,4.E+08,0
1242,4.E+08,0
1242,5.E+08,0
1243,5.E+07,17831
1243,1.E+08,0
1243,1.E+08,0
1243,2.E+08,0
1243,2.E+08,0
1243,3.E+08,0
1243,3.E+08,0
1243,4.E+08,0
1243,4.E+08,0
1243,5.E+08,0
1244,5.E+07,17845
1244,1.E+08,0
1244,1.E+08,0
1244,2.E+08,0
1244,2.E+08,0
1244,3.E+08,2
1244,3.E+08,0
1244,4.E+08,0
1244,4.E+08,0
1244,5.E+08,0
1245,5.E+07,17844
1245,1.E+08,0
1245,1.E+08,0
1245,2.E+08,0
1245,2.E+08,0
1245,3.E+08,0
1245,3.E+08,0
1245,4.E+08,0
1245,4.E+08,0
1245,5.E+08,0
1246,5.E+07,17950
1246,1.E+08,0
1246,1.E+08,0
1246,2.E+08,0
1246,2.E+08,65
1246,3.E+08,0
1246,3.E+08,0
1246,4.E+08,0
1246,4.E+08,0
1246,5.E+08,0
1247,5.E+07,17432
1247,1.E+08,0
1247,1.E+08,0
1247,2.E+08,0
1247,2.E+08,0
1247,3.E+08,0
1247,3.E+08,0
1247,4.E+08,0
1247,4.E+08,0
1247,5.E+08,0
1248,5.E+07,17805
1248,1.E+08,0
1248,1.E+08,0
1248,2.E+08,0
1248,2.E+08,0
1248,3.E+08,0
1248,3.E+08,0
1248,4.E+08,0
1248,4.E+08,0
1248,5.E+08,0
1249,5.E+07,17513
1249,1.E+08,0
1249,1.E+08,0
1249,2.E+08,0
1249,2.E+08,0
1249,3.E+08,2
1249,3.E+08,0
1249,4.E+08,0
1249,4.E+08,0
1249,5.E+08,0
1250,5.E+07,17274
1250,1.E+08,0
1250,1.E+08,0
1250,2.E+08,0
1250,2.E+08,0
1250,3.E+08,0
1250,3.E+08,0
1250,4.E+08,0
1250,4.E+08,0
1250,5.E+08,0
1251,5.E+07,17047
1251,1.E+08,0
1251,1.E+08,0
1251,2.E+08,0
1251,2.E+08,0
1251,3.E+08,0
1251,3.E+08,0
1251,4.E+08,0
1251,4.E+08,0
1251,5.E+08,0
1252,5.E+07,16570
1252,1.E+08,0
1252,1.E+08,0
1252,2.E+08,0
1252,2.E+08,0
1252,3.E+08,0
1252,3.E+08,0
1252,4.E+08,0
1252,4.E+08,0
1252,5.E+08,0
1253,5.E+07,17270
1253,1.E+08,0
1253,1.E+08,0
1253,2.E+08,0
1253,2.E+08,0
1253,3.E+08,0
1253,3.E+08,0
1253,4.E+08,0
1253,4.E+08,0
1253,5.E+08,0
1254,5.E+07,17049
1254,1.E+08,0
1254,1.E+08,0
1254,2.E+08,0
1254,2.E+08,0
1254,3.E+08,2
1254,3.E+08,0
1254,4.E+08,0
1254,4.E+08,0
1254,5.E+08,0
1255,5.E+07,17145
1255,1.E+08,0
1255,1.E+08,0
1255,2.E+08,0
1255,2.E+08,0
1255,3.E+08,0
1255,3.E+08,0
1255,4.E+08,0
1255,4.E+08,0
1255,5.E+08,0
1256,5.E+07,17438
1256,1.E+08,0
1256,1.E+08,0
1256,2.E+08,0
1256,2.E+08,0
1256,3.E+08,0
1256,3.E+08,0
1256,4.E+08,0
1256,4.E+08,0
1256,5.E+08,0
1257,5.E+07,15392
1257,1.E+08,0
1257,1.E+08,0
1257,2.E+08,0
1257,2.E+08,0
1257,3.E+08,0
1257,3.E+08,0
1257,4.E+08,0
1257,4.E+08,0
1257,5.E+08,0
1258,5.E+07,17
1258,1.E+08,0
1258,1.E+08,0
1258,2.E+08,0
1258,2.E+08,0
1258,3.E+08,0
1258,3.E+08,0
1258,4.E+08,0
1258,4.E+08,0
1258,5.E+08,0
1259,5.E+07,190
1259,1.E+08,1
1259,1.E+08,0
1259,2.E+08,0
1259,2.E+08,2
1259,3.E+08,2
1259,3.E+08,0
1259,4.E+08,0
1259,4.E+08,3
1259,5.E+08,0
1260,5.E+07,316
1260,1.E+08,0
1260,1.E+08,0
1260,2.E+08,0
1260,2.E+08,0
1260,3.E+08,0
1260,3.E+08,0
1260,4.E+08,0
1260,4.E+08,0
1260,5.E+08,0
1261,5.E+07,182
1261,1.E+08,0
1261,1.E+08,0
1261,2.E+08,0
1261,2.E+08,0
1261,3.E+08,0
1261,3.E+08,0
1261,4.E+08,0
1261,4.E+08,0
1261,5.E+08,0
1262,5.E+07,144
1262,1.E+08,4
1262,1.E+08,0
1262,2.E+08,0
1262,2.E+08,122
1262,3.E+08,0
1262,3.E+08,0
1262,4.E+08,0
1262,4.E+08,0
1262,5.E+08,0
1263,5.E+07,172
1263,1.E+08,0
1263,1.E+08,0
1263,2.E+08,0
1263,2.E+08,0
1263,3.E+08,0
1263,3.E+08,0
1263,4.E+08,0
1263,4.E+08,0
1263,5.E+08,0
1264,5.E+07,149
1264,1.E+08,0
1264,1.E+08,0
1264,2.E+08,0
1264,2.E+08,0
1264,3.E+08,2
1264,3.E+08,0
1264,4.E+08,0
1264,4.E+08,0
1264,5.E+08,0
1265,5.E+07,169
1265,1.E+08,0
1265,1.E+08,0
1265,2.E+08,0
1265,2.E+08,0
1265,3.E+08,0
1265,3.E+08,0
1265,4.E+08,0
1265,4.E+08,0
1265,5.E+08,0
1266,5.E+07,177
1266,1.E+08,1
1266,1.E+08,0
1266,2.E+08,0
1266,2.E+08,2
1266,3.E+08,0
1266,3.E+08,0
1266,4.E+08,0
1266,4.E+08,3
1266,5.E+08,0
1267,5.E+07,170
1267,1.E+08,2
1267,1.E+08,0
1267,2.E+08,0
1267,2.E+08,2
1267,3.E+08,0
1267,3.E+08,0
1267,4.E+08,0
1267,4.E+08,0
1267,5.E+08,0
1268,5.E+07,209
1268,1.E+08,0
1268,1.E+08,0
1268,2.E+08,0
1268,2.E+08,0
1268,3.E+08,0
1268,3.E+08,0
1268,4.E+08,0
1268,4.E+08,0
1268,5.E+08,0
1269,5.E+07,5928
1269,1.E+08,3
1269,1.E+08,0
1269,2.E+08,0
1269,2.E+08,8
1269,3.E+08,2
1269,3.E+08,0
1269,4.E+08,0
1269,4.E+08,0
1269,5.E+08,0
1270,5.E+07,8293
1270,1.E+08,2
1270,1.E+08,0
1270,2.E+08,0
1270,2.E+08,11
1270,3.E+08,0
1270,3.E+08,0
1270,4.E+08,0
1270,4.E+08,0
1270,5.E+08,0
1271,5.E+07,8366
1271,1.E+08,1
1271,1.E+08,0
1271,2.E+08,0
1271,2.E+08,17
1271,3.E+08,0
1271,3.E+08,0
1271,4.E+08,0
1271,4.E+08,0
1271,5.E+08,0
1272,5.E+07,9192
1272,1.E+08,2
1272,1.E+08,0
1272,2.E+08,0
1272,2.E+08,10
1272,3.E+08,0
1272,3.E+08,0
1272,4.E+08,0
1272,4.E+08,0
1272,5.E+08,0
1273,5.E+07,4737
1273,1.E+08,0
1273,1.E+08,0
1273,2.E+08,0
1273,2.E+08,2
1273,3.E+08,0
1273,3.E+08,0
1273,4.E+08,0
1273,4.E+08,0
1273,5.E+08,0
1274,5.E+07,3876
1274,1.E+08,5
1274,1.E+08,0
1274,2.E+08,0
1274,2.E+08,12
1274,3.E+08,2
1274,3.E+08,0
1274,4.E+08,0
1274,4.E+08,3
1274,5.E+08,0
1275,5.E+07,7434
1275,1.E+08,2
1275,1.E+08,0
1275,2.E+08,0
1275,2.E+08,6
1275,3.E+08,0
1275,3.E+08,0
1275,4.E+08,0
1275,4.E+08,0
1275,5.E+08,0
1276,5.E+07,9865
1276,1.E+08,0
1276,1.E+08,0
1276,2.E+08,0
1276,2.E+08,7
1276,3.E+08,0
1276,3.E+08,0
1276,4.E+08,0
1276,4.E+08,0
1276,5.E+08,0
1277,5.E+07,10485
1277,1.E+08,4
1277,1.E+08,0
1277,2.E+08,0
1277,2.E+08,17
1277,3.E+08,0
1277,3.E+08,0
1277,4.E+08,0
1277,4.E+08,0
1277,5.E+08,0
1278,5.E+07,9108
1278,1.E+08,0
1278,1.E+08,0
1278,2.E+08,0
1278,2.E+08,9
1278,3.E+08,0
1278,3.E+08,0
1278,4.E+08,0
1278,4.E+08,0
1278,5.E+08,0
1279,5.E+07,11447
1279,1.E+08,1
1279,1.E+08,0
1279,2.E+08,0
1279,2.E+08,20
1279,3.E+08,2
1279,3.E+08,0
1279,4.E+08,0
1279,4.E+08,0
1279,5.E+08,0
1280,5.E+07,9082
1280,1.E+08,4
1280,1.E+08,0
1280,2.E+08,0
1280,2.E+08,5
1280,3.E+08,2
1280,3.E+08,0
1280,4.E+08,0
1280,4.E+08,0
1280,5.E+08,0
1281,5.E+07,7196
1281,1.E+08,1
1281,1.E+08,0
1281,2.E+08,0
1281,2.E+08,8
1281,3.E+08,0
1281,3.E+08,0
1281,4.E+08,0
1281,4.E+08,0
1281,5.E+08,0
1282,5.E+07,6807
1282,1.E+08,3
1282,1.E+08,0
1282,2.E+08,0
1282,2.E+08,14
1282,3.E+08,0
1282,3.E+08,0
1282,4.E+08,0
1282,4.E+08,0
1282,5.E+08,0
1283,5.E+07,9040
1283,1.E+08,0
1283,1.E+08,0
1283,2.E+08,0
1283,2.E+08,7
1283,3.E+08,0
1283,3.E+08,0
1283,4.E+08,0
1283,4.E+08,0
1283,5.E+08,0
1284,5.E+07,8685
1284,1.E+08,2
1284,1.E+08,2
1284,2.E+08,0
1284,2.E+08,6
1284,3.E+08,0
1284,3.E+08,0
1284,4.E+08,0
1284,4.E+08,0
1284,5.E+08,0
1285,5.E+07,8348
1285,1.E+08,1
1285,1.E+08,0
1285,2.E+08,0
1285,2.E+08,18
1285,3.E+08,2
1285,3.E+08,0
1285,4.E+08,0
1285,4.E+08,0
1285,5.E+08,0
1286,5.E+07,9801
1286,1.E+08,2
1286,1.E+08,0
1286,2.E+08,0
1286,2.E+08,10
1286,3.E+08,0
1286,3.E+08,0
1286,4.E+08,0
1286,4.E+08,0
1286,5.E+08,0
1287,5.E+07,7211
1287,1.E+08,1
1287,1.E+08,0
1287,2.E+08,0
1287,2.E+08,9
1287,3.E+08,0
1287,3.E+08,0
1287,4.E+08,0
1287,4.E+08,0
1287,5.E+08,0
1288,5.E+07,7958
1288,1.E+08,2
1288,1.E+08,0
1288,2.E+08,0
1288,2.E+08,8
1288,3.E+08,0
1288,3.E+08,0
1288,4.E+08,0
1288,4.E+08,0
1288,5.E+08,0
1289,5.E+07,16448
1289,1.E+08,0
1289,1.E+08,0
1289,2.E+08,0
1289,2.E+08,6
1289,3.E+08,0
1289,3.E+08,0
1289,4.E+08,0
1289,4.E+08,0
1289,5.E+08,0
1290,5.E+07,3895
1290,1.E+08,0
1290,1.E+08,0
1290,2.E+08,0
1290,2.E+08,1
1290,3.E+08,2
1290,3.E+08,0
1290,4.E+08,0
1290,4.E+08,1
1290,5.E+08,0
1294,5.E+07,117
1294,1.E+08,0
1294,1.E+08,0
1294,2.E+08,0
1294,2.E+08,0
1294,3.E+08,0
1294,3.E+08,0
1294,4.E+08,0
1294,4.E+08,0
1294,5.E+08,0
1295,5.E+07,4
1295,1.E+08,1
1295,1.E+08,0
1295,2.E+08,0
1295,2.E+08,1
1295,3.E+08,2
1295,3.E+08,0
1295,4.E+08,0
1295,4.E+08,3
1295,5.E+08,0
1300,5.E+07,149
1300,1.E+08,0
1300,1.E+08,0
1300,2.E+08,0
1300,2.E+08,0
1300,3.E+08,2
1300,3.E+08,0
1300,4.E+08,0
1300,4.E+08,0
1300,5.E+08,0
1301,5.E+07,162
1301,1.E+08,0
1301,1.E+08,0
1301,2.E+08,0
1301,2.E+08,0
1301,3.E+08,0
1301,3.E+08,0
1301,4.E+08,0
1301,4.E+08,0
1301,5.E+08,0
1302,5.E+07,165
1302,1.E+08,0
1302,1.E+08,0
1302,2.E+08,0
1302,2.E+08,0
1302,3.E+08,0
1302,3.E+08,0
1302,4.E+08,0
1302,4.E+08,0
1302,5.E+08,0
1303,5.E+07,171
1303,1.E+08,0
1303,1.E+08,0
1303,2.E+08,0
1303,2.E+08,0
1303,3.E+08,0
1303,3.E+08,0
1303,4.E+08,0
1303,4.E+08,0
1303,5.E+08,0
1304,5.E+07,164
1304,1.E+08,2
1304,1.E+08,0
1304,2.E+08,0
1304,2.E+08,10
1304,3.E+08,0
1304,3.E+08,0
1304,4.E+08,0
1304,4.E+08,0
1304,5.E+08,0
1305,5.E+07,174
1305,1.E+08,0
1305,1.E+08,0
1305,2.E+08,0
1305,2.E+08,0
1305,3.E+08,2
1305,3.E+08,0
1305,4.E+08,0
1305,4.E+08,0
1305,5.E+08,0
1306,5.E+07,174
1306,1.E+08,0
1306,1.E+08,0
1306,2.E+08,0
1306,2.E+08,0
1306,3.E+08,0
1306,3.E+08,0
1306,4.E+08,0
1306,4.E+08,0
1306,5.E+08,0
1307,5.E+07,174
1307,1.E+08,0
1307,1.E+08,0
1307,2.E+08,0
1307,2.E+08,0
1307,3.E+08,0
1307,3.E+08,0
1307,4.E+08,0
1307,4.E+08,0
1307,5.E+08,0
1308,5.E+07,154
1308,1.E+08,0
1308,1.E+08,0
1308,2.E+08,0
1308,2.E+08,0
1308,3.E+08,0
1308,3.E+08,0
1308,4.E+08,0
1308,4.E+08,0
1308,5.E+08,0
1309,5.E+07,181
1309,1.E+08,0
1309,1.E+08,0
1309,2.E+08,0
1309,2.E+08,6
1309,3.E+08,0
1309,3.E+08,0
1309,4.E+08,0
1309,4.E+08,0
1309,5.E+08,0
1310,5.E+07,172
1310,1.E+08,0
1310,1.E+08,0
1310,2.E+08,0
1310,2.E+08,0
1310,3.E+08,2
1310,3.E+08,0
1310,4.E+08,0
1310,4.E+08,0
1310,5.E+08,0
1311,5.E+07,156
1311,1.E+08,0
1311,1.E+08,0
1311,2.E+08,0
1311,2.E+08,0
1311,3.E+08,0
1311,3.E+08,0
1311,4.E+08,0
1311,4.E+08,0
1311,5.E+08,0
1312,5.E+07,154
1312,1.E+08,0
1312,1.E+08,0
1312,2.E+08,0
1312,2.E+08,0
1312,3.E+08,0
1312,3.E+08,0
1312,4.E+08,0
1312,4.E+08,0
1312,5.E+08,0
1313,5.E+07,154
1313,1.E+08,0
1313,1.E+08,0
1313,2.E+08,0
1313,2.E+08,0
1313,3.E+08,0
1313,3.E+08,0
1313,4.E+08,0
1313,4.E+08,0
1313,5.E+08,0
1314,5.E+07,160
1314,1.E+08,0
1314,1.E+08,0
1314,2.E+08,0
1314,2.E+08,0
1314,3.E+08,0
1314,3.E+08,0
1314,4.E+08,0
1314,4.E+08,0
1314,5.E+08,0
1315,5.E+07,166
1315,1.E+08,0
1315,1.E+08,0
1315,2.E+08,0
1315,2.E+08,0
1315,3.E+08,2
1315,3.E+08,0
1315,4.E+08,0
1315,4.E+08,0
1315,5.E+08,0
1316,5.E+07,164
1316,1.E+08,0
1316,1.E+08,0
1316,2.E+08,0
1316,2.E+08,0
1316,3.E+08,0
1316,3.E+08,0
1316,4.E+08,0
1316,4.E+08,0
1316,5.E+08,0
1317,5.E+07,160
1317,1.E+08,0
1317,1.E+08,0
1317,2.E+08,0
1317,2.E+08,0
1317,3.E+08,0
1317,3.E+08,0
1317,4.E+08,0
1317,4.E+08,0
1317,5.E+08,0
1318,5.E+07,160
1318,1.E+08,0
1318,1.E+08,0
1318,2.E+08,0
1318,2.E+08,0
1318,3.E+08,0
1318,3.E+08,0
1318,4.E+08,0
1318,4.E+08,0
1318,5.E+08,0
1319,5.E+07,161
1319,1.E+08,0
1319,1.E+08,0
1319,2.E+08,0
1319,2.E+08,0
1319,3.E+08,0
1319,3.E+08,0
1319,4.E+08,0
1319,4.E+08,0
1319,5.E+08,0
1320,5.E+07,327
1320,1.E+08,0
1320,1.E+08,0
1320,2.E+08,0
1320,2.E+08,0
1320,3.E+08,2
1320,3.E+08,0
1320,4.E+08,0
1320,4.E+08,0
1320,5.E+08,0
1321,5.E+07,173
1321,1.E+08,0
1321,1.E+08,0
1321,2.E+08,0
1321,2.E+08,0
1321,3.E+08,0
1321,3.E+08,0
1321,4.E+08,0
1321,4.E+08,0
1321,5.E+08,0
1322,5.E+07,157
1322,1.E+08,0
1322,1.E+08,0
1322,2.E+08,0
1322,2.E+08,0
1322,3.E+08,0
1322,3.E+08,0
1322,4.E+08,0
1322,4.E+08,0
1322,5.E+08,0
1323,5.E+07,162
1323,1.E+08,0
1323,1.E+08,0
1323,2.E+08,0
1323,2.E+08,0
1323,3.E+08,0
1323,3.E+08,0
1323,4.E+08,0
1323,4.E+08,0
1323,5.E+08,0
1324,5.E+07,158
1324,1.E+08,2
1324,1.E+08,0
1324,2.E+08,0
1324,2.E+08,4
1324,3.E+08,0
1324,3.E+08,0
1324,4.E+08,0
1324,4.E+08,0
1324,5.E+08,0
1325,5.E+07,169
1325,1.E+08,0
1325,1.E+08,0
1325,2.E+08,0
1325,2.E+08,0
1325,3.E+08,2
1325,3.E+08,0
1325,4.E+08,0
1325,4.E+08,0
1325,5.E+08,0
1326,5.E+07,164
1326,1.E+08,0
1326,1.E+08,0
1326,2.E+08,0
1326,2.E+08,0
1326,3.E+08,0
1326,3.E+08,0
1326,4.E+08,0
1326,4.E+08,0
1326,5.E+08,0
1327,5.E+07,180
1327,1.E+08,0
1327,1.E+08,0
1327,2.E+08,0
1327,2.E+08,0
1327,3.E+08,0
1327,3.E+08,0
1327,4.E+08,0
1327,4.E+08,0
1327,5.E+08,0
1328,5.E+07,140
1328,1.E+08,0
1328,1.E+08,0
1328,2.E+08,0
1328,2.E+08,0
1328,3.E+08,0
1328,3.E+08,0
1328,4.E+08,0
1328,4.E+08,0
1328,5.E+08,0
1330,5.E+07,0
1330,1.E+08,0
1330,1.E+08,0
1330,2.E+08,0
1330,2.E+08,0
1330,3.E+08,2
1330,3.E+08,0
1330,4.E+08,0
1330,4.E+08,0
1330,5.E+08,0
1335,5.E+07,2
1335,1.E+08,2
1335,1.E+08,0
1335,2.E+08,0
1335,2.E+08,4
1335,3.E+08,0
1335,3.E+08,0
1335,4.E+08,0
1335,4.E+08,0
1335,5.E+08,0
1336,5.E+07,4
1336,1.E+08,1
1336,1.E+08,0
1336,2.E+08,0
1336,2.E+08,2
1336,3.E+08,2
1336,3.E+08,0
1336,4.E+08,0
1336,4.E+08,3
1336,5.E+08,0
1338,5.E+07,112
1338,1.E+08,0
1338,1.E+08,0
1338,2.E+08,0
1338,2.E+08,0
1338,3.E+08,0
1338,3.E+08,0
1338,4.E+08,0
1338,4.E+08,0
1338,5.E+08,0
1341,5.E+07,0
1341,1.E+08,0
1341,1.E+08,0
1341,2.E+08,0
1341,2.E+08,0
1341,3.E+08,2
1341,3.E+08,0
1341,4.E+08,0
1341,4.E+08,0
1341,5.E+08,0
1345,5.E+07,2
1345,1.E+08,2
1345,1.E+08,0
1345,2.E+08,0
1345,2.E+08,4
1345,3.E+08,0
1345,3.E+08,0
1345,4.E+08,0
1345,4.E+08,0
1345,5.E+08,0
1346,5.E+07,0
1346,1.E+08,0
1346,1.E+08,0
1346,2.E+08,0
1346,2.E+08,0
1346,3.E+08,2
1346,3.E+08,0
1346,4.E+08,0
1346,4.E+08,0
1346,5.E+08,0
1351,5.E+07,0
1351,1.E+08,0
1351,1.E+08,0
1351,2.E+08,0
1351,2.E+08,0
1351,3.E+08,2
1351,3.E+08,0
1351,4.E+08,0
1351,4.E+08,0
1351,5.E+08,0
1355,5.E+07,2
1355,1.E+08,2
1355,1.E+08,0
1355,2.E+08,0
1355,2.E+08,4
1355,3.E+08,0
1355,3.E+08,0
1355,4.E+08,0
1355,4.E+08,0
1355,5.E+08,0
1356,5.E+07,0
1356,1.E+08,0
1356,1.E+08,0
1356,2.E+08,0
1356,2.E+08,0
1356,3.E+08,2
1356,3.E+08,0
1356,4.E+08,0
1356,4.E+08,0
1356,5.E+08,0
1361,5.E+07,0
1361,1.E+08,0
1361,1.E+08,0
1361,2.E+08,0
1361,2.E+08,0
1361,3.E+08,2
1361,3.E+08,0
1361,4.E+08,0
1361,4.E+08,0
1361,5.E+08,0
1365,5.E+07,2
1365,1.E+08,2
1365,1.E+08,0
1365,2.E+08,0
1365,2.E+08,6
1365,3.E+08,0
1365,3.E+08,0
1365,4.E+08,0
1365,4.E+08,0
1365,5.E+08,0
1366,5.E+07,0
1366,1.E+08,0
1366,1.E+08,0
1366,2.E+08,0
1366,2.E+08,0
1366,3.E+08,2
1366,3.E+08,0
1366,4.E+08,0
1366,4.E+08,0
1366,5.E+08,0
1371,5.E+07,4
1371,1.E+08,1
1371,1.E+08,0
1371,2.E+08,0
1371,2.E+08,2
1371,3.E+08,2
1371,3.E+08,0
1371,4.E+08,0
1371,4.E+08,3
1371,5.E+08,0
1376,5.E+07,2
1376,1.E+08,2
1376,1.E+08,0
1376,2.E+08,0
1376,2.E+08,6
1376,3.E+08,2
1376,3.E+08,0
1376,4.E+08,0
1376,4.E+08,0
1376,5.E+08,0
1381,5.E+07,2
1381,1.E+08,2
1381,1.E+08,0
1381,2.E+08,0
1381,2.E+08,4
1381,3.E+08,2
1381,3.E+08,0
1381,4.E+08,0
1381,4.E+08,0
1381,5.E+08,0
1386,5.E+07,2
1386,1.E+08,2
1386,1.E+08,0
1386,2.E+08,0
1386,2.E+08,2
1386,3.E+08,2
1386,3.E+08,0
1386,4.E+08,0
1386,4.E+08,0
1386,5.E+08,0
1391,5.E+07,2
1391,1.E+08,2
1391,1.E+08,0
1391,2.E+08,0
1391,2.E+08,2
1391,3.E+08,2
1391,3.E+08,0
1391,4.E+08,0
1391,4.E+08,0
1391,5.E+08,0
1396,5.E+07,2
1396,1.E+08,2
1396,1.E+08,0
1396,2.E+08,0
1396,2.E+08,2
1396,3.E+08,2
1396,3.E+08,0
1396,4.E+08,0
1396,4.E+08,0
1396,5.E+08,0
1401,5.E+07,2
1401,1.E+08,2
1401,1.E+08,0
1401,2.E+08,0
1401,2.E+08,2
1401,3.E+08,2
1401,3.E+08,0
1401,4.E+08,0
1401,4.E+08,0
1401,5.E+08,0
1404,5.E+07,4
1404,1.E+08,0
1404,1.E+08,0
1404,2.E+08,0
1404,2.E+08,0
1404,3.E+08,0
1404,3.E+08,0
1404,4.E+08,0
1404,4.E+08,0
1404,5.E+08,0
1406,5.E+07,1
1406,1.E+08,2
1406,1.E+08,0
1406,2.E+08,0
1406,2.E+08,2
1406,3.E+08,2
1406,3.E+08,0
1406,4.E+08,0
1406,4.E+08,0
1406,5.E+08,0
1411,5.E+07,1
1411,1.E+08,2
1411,1.E+08,0
1411,2.E+08,0
1411,2.E+08,2
1411,3.E+08,2
1411,3.E+08,0
1411,4.E+08,0
1411,4.E+08,0
1411,5.E+08,0
1416,5.E+07,0
1416,1.E+08,0
1416,1.E+08,0
1416,2.E+08,0
1416,2.E+08,0
1416,3.E+08,2
1416,3.E+08,0
1416,4.E+08,0
1416,4.E+08,0
1416,5.E+08,0
1417,5.E+07,1
1417,1.E+08,2
1417,1.E+08,0
1417,2.E+08,0
1417,2.E+08,2
1417,3.E+08,0
1417,3.E+08,0
1417,4.E+08,0
1417,4.E+08,0
1417,5.E+08,0
1421,5.E+07,0
1421,1.E+08,0
1421,1.E+08,0
1421,2.E+08,0
1421,2.E+08,0
1421,3.E+08,2
1421,3.E+08,0
1421,4.E+08,0
1421,4.E+08,0
1421,5.E+08,0
1422,5.E+07,1
1422,1.E+08,2
1422,1.E+08,0
1422,2.E+08,0
1422,2.E+08,2
1422,3.E+08,0
1422,3.E+08,0
1422,4.E+08,0
1422,4.E+08,0
1422,5.E+08,0
1426,5.E+07,0
1426,1.E+08,0
1426,1.E+08,0
1426,2.E+08,0
1426,2.E+08,0
1426,3.E+08,2
1426,3.E+08,0
1426,4.E+08,0
1426,4.E+08,0
1426,5.E+08,0
1431,5.E+07,0
1431,1.E+08,0
1431,1.E+08,0
1431,2.E+08,0
1431,2.E+08,0
1431,3.E+08,2
1431,3.E+08,0
1431,4.E+08,0
1431,4.E+08,0
1431,5.E+08,0
1432,5.E+07,2
1432,1.E+08,2
1432,1.E+08,0
1432,2.E+08,0
1432,2.E+08,4
1432,3.E+08,0
1432,3.E+08,0
1432,4.E+08,0
1432,4.E+08,0
1432,5.E+08,0
1436,5.E+07,0
1436,1.E+08,0
1436,1.E+08,0
1436,2.E+08,0
1436,2.E+08,0
1436,3.E+08,2
1436,3.E+08,0
1436,4.E+08,0
1436,4.E+08,0
1436,5.E+08,0
1441,5.E+07,0
1441,1.E+08,0
1441,1.E+08,0
1441,2.E+08,0
1441,2.E+08,0
1441,3.E+08,2
1441,3.E+08,0
1441,4.E+08,0
1441,4.E+08,0
1441,5.E+08,0
1442,5.E+07,5
1442,1.E+08,2
1442,1.E+08,0
1442,2.E+08,0
1442,2.E+08,6
1442,3.E+08,0
1442,3.E+08,0
1442,4.E+08,0
1442,4.E+08,3
1442,5.E+08,0
1446,5.E+07,0
1446,1.E+08,0
1446,1.E+08,0
1446,2.E+08,0
1446,2.E+08,0
1446,3.E+08,2
1446,3.E+08,0
1446,4.E+08,0
1446,4.E+08,0
1446,5.E+08,0
1451,5.E+07,0
1451,1.E+08,0
1451,1.E+08,0
1451,2.E+08,0
1451,2.E+08,0
1451,3.E+08,2
1451,3.E+08,0
1451,4.E+08,0
1451,4.E+08,0
1451,5.E+08,0
1452,5.E+07,1
1452,1.E+08,2
1452,1.E+08,0
1452,2.E+08,0
1452,2.E+08,4
1452,3.E+08,0
1452,3.E+08,0
1452,4.E+08,0
1452,4.E+08,0
1452,5.E+08,0
1457,5.E+07,0
1457,1.E+08,0
1457,1.E+08,0
1457,2.E+08,0
1457,2.E+08,0
1457,3.E+08,2
1457,3.E+08,0
1457,4.E+08,0
1457,4.E+08,0
1457,5.E+08,0
1460,5.E+07,0
1460,1.E+08,1
1460,1.E+08,0
1460,2.E+08,0
1460,2.E+08,0
1460,3.E+08,2
1460,3.E+08,0
1460,4.E+08,0
1460,4.E+08,0
1460,5.E+08,0
1463,5.E+07,1
1463,1.E+08,1
1463,1.E+08,0
1463,2.E+08,0
1463,2.E+08,5
1463,3.E+08,0
1463,3.E+08,0
1463,4.E+08,0
1463,4.E+08,0
1463,5.E+08,0
1465,5.E+07,4
1465,1.E+08,1
1465,1.E+08,0
1465,2.E+08,10
1465,2.E+08,68
1465,3.E+08,2
1465,3.E+08,1
1465,4.E+08,7
1465,4.E+08,0
1465,5.E+08,0
1470,5.E+07,0
1470,1.E+08,0
1470,1.E+08,0
1470,2.E+08,0
1470,2.E+08,0
1470,3.E+08,2
1470,3.E+08,0
1470,4.E+08,0
1470,4.E+08,0
1470,5.E+08,0
1473,5.E+07,2
1473,1.E+08,1
1473,1.E+08,0
1473,2.E+08,0
1473,2.E+08,4
1473,3.E+08,0
1473,3.E+08,0
1473,4.E+08,0
1473,4.E+08,0
1473,5.E+08,0
1475,5.E+07,0
1475,1.E+08,0
1475,1.E+08,0
1475,2.E+08,0
1475,2.E+08,0
1475,3.E+08,2
1475,3.E+08,0
1475,4.E+08,0
1475,4.E+08,0
1475,5.E+08,0
1477,5.E+07,6
1477,1.E+08,1
1477,1.E+08,4
1477,2.E+08,0
1477,2.E+08,2
1477,3.E+08,0
1477,3.E+08,1
1477,4.E+08,0
1477,4.E+08,3
1477,5.E+08,0
1480,5.E+07,0
1480,1.E+08,0
1480,1.E+08,0
1480,2.E+08,0
1480,2.E+08,0
1480,3.E+08,2
1480,3.E+08,0
1480,4.E+08,0
1480,4.E+08,0
1480,5.E+08,0
1483,5.E+07,2
1483,1.E+08,1
1483,1.E+08,0
1483,2.E+08,0
1483,2.E+08,5
1483,3.E+08,0
1483,3.E+08,0
1483,4.E+08,0
1483,4.E+08,0
1483,5.E+08,0
1484,5.E+07,0
1484,1.E+08,0
1484,1.E+08,0
1484,2.E+08,0
1484,2.E+08,0
1484,3.E+08,0
1484,3.E+08,0
1484,4.E+08,0
1484,4.E+08,0
1484,5.E+08,1
1485,5.E+07,0
1485,1.E+08,0
1485,1.E+08,0
1485,2.E+08,0
1485,2.E+08,0
1485,3.E+08,2
1485,3.E+08,0
1485,4.E+08,0
1485,4.E+08,0
1485,5.E+08,0
1490,5.E+07,4
1490,1.E+08,5
1490,1.E+08,0
1490,2.E+08,1
1490,2.E+08,0
1490,3.E+08,2
1490,3.E+08,0
1490,4.E+08,2
1490,4.E+08,0
1490,5.E+08,0
1495,5.E+07,0
1495,1.E+08,0
1495,1.E+08,0
1495,2.E+08,0
1495,2.E+08,0
1495,3.E+08,2
1495,3.E+08,0
1495,4.E+08,0
1495,4.E+08,0
1495,5.E+08,0
1498,5.E+07,1
1498,1.E+08,2
1498,1.E+08,0
1498,2.E+08,0
1498,2.E+08,5
1498,3.E+08,0
1498,3.E+08,0
1498,4.E+08,0
1498,4.E+08,0
1498,5.E+08,0
1499,5.E+07,2
1499,1.E+08,0
1499,1.E+08,0
1499,2.E+08,0
1499,2.E+08,1
1499,3.E+08,0
1499,3.E+08,0
1499,4.E+08,0
1499,4.E+08,0
1499,5.E+08,0
