time,idx,issue_time,cmd_type,lba,size(KB),latency(us),queue_cnt,cpu_no,host_no,tag,nextlba,continuity,lt99,lt99_99,lt99_9999,lt100,throughput
1034,243,1034.979992,WRITE_10,364544,672,35981,32,4,0,31,364552,1,34599,35981,35981,35981,49112
1035,318,1035.215214,WRITE_10,372736,672,36930,32,7,0,31,372744,1,35057,36930,36930,36930,18656
1041,7417,1041.999997,WRITE_10,26681800,1280,14251,32,7,0,31,26682216,1,10448,14234,14251,14251,145708
1042,23409,1042.999481,WRITE_10,27339712,1280,13142,32,7,0,31,27339720,1,9238,13128,13142,13142,328760
1043,29375,1043.99957,WRITE_10,28010904,1280,63276,32,7,0,31,28010912,1,38213,63141,63276,63276,335632
1044,32323,1044.998834,WRITE_10,28681456,1280,96382,32,7,0,31,28681480,1,70057,96382,96382,96382,335328
1045,36186,1045.99946,WRITE_10,29333272,1280,88946,32,6,0,31,29333288,1,63077,88946,88946,88946,325676
1046,39373,1046.999953,WRITE_10,29976360,1280,59285,32,7,0,31,29976512,1,45606,59285,59285,59285,321668
1047,52071,1047.998814,WRITE_10,30627968,1280,79725,32,7,0,31,30627984,1,17382,79483,79725,79725,325772
1048,69322,1048.999895,WRITE_10,31282512,1280,13854,32,7,0,31,31282520,1,9777,13850,13854,13854,327396
1049,87543,1049.999973,WRITE_10,31940072,1280,13780,32,7,0,31,31940080,1,9221,13731,13780,13780,328812
1050,101756,1050.999506,WRITE_10,32602288,1280,13440,32,7,0,31,32602544,1,10244,12939,13440,13440,331864
1051,112925,1051.999794,WRITE_10,33252544,1280,15560,32,7,0,31,33252952,1,12190,15550,15560,15560,325904
1052,124212,1052.998496,WRITE_10,33914440,1280,25740,32,7,0,31,33914792,1,11854,25654,25740,25740,331472
1053,137568,1053.999596,WRITE_10,34536160,1280,16381,32,7,0,31,34536168,1,11078,16229,16381,16381,325352
1054,152935,1054.999958,WRITE_10,34882144,1280,20790,32,7,0,31,34882400,1,10556,19300,20790,20790,310096
1055,179544,1055.999955,WRITE_10,34883856,1280,11123,32,7,0,31,34885256,1,6394,11102,11123,11123,331436
1056,198340,1056.998779,WRITE_10,28707120,1280,17032,32,7,0,31,28707128,1,9463,16589,17032,17032,329972
1057,212670,1057.999027,WRITE_10,29259288,1280,23238,32,7,0,31,29259296,1,13023,23206,23238,23238,330568
1058,227927,1058.999999,WRITE_10,30028960,1280,22113,32,7,0,31,30029184,1,12847,22092,22113,22113,318412
1059,243133,1059.998922,WRITE_10,30496992,1280,19334,32,7,0,31,30497080,1,11559,18707,19334,19334,328540
1060,264976,1060.999871,WRITE_10,34915344,1280,16611,32,7,0,31,34915872,1,8843,16572,16611,16611,328344
1061,285922,1061.99882,WRITE_10,31423496,1280,12802,32,7,0,31,31423520,1,5353,12795,12802,12802,211776
1062,296058,1062.996474,WRITE_10,451960,4,345,11,6,0,31,451968,1,88,125,345,345,40544
1063,305763,1063.999929,WRITE_10,496336,4,325,11,7,0,31,496344,1,96,237,325,325,38820
1064,314465,1064.99991,WRITE_10,536120,4,348,11,6,0,31,536128,1,89,328,348,348,34808
1065,323723,1065.996619,WRITE_10,578456,4,331,11,7,0,31,578464,1,92,151,331,331,37032
1066,332981,1066.999998,WRITE_10,620784,4,358,11,7,0,31,620792,1,92,125,358,358,37032
1067,360117,1067.999238,WRITE_10,27257416,1280,8354,32,7,0,31,27257424,1,5885,8110,8354,8354,315672
1068,381994,1068.999039,WRITE_10,28355576,1280,21520,32,7,0,31,28355832,1,8883,20515,21520,21520,332428
1069,400361,1069.999986,WRITE_10,29034632,1280,18510,32,7,0,31,29034640,1,10265,16667,18510,18510,327824
1070,415482,1070.998543,WRITE_10,29810224,1280,17725,32,7,0,31,29810232,1,12214,17164,17725,17725,323724
1071,428269,1071.997566,WRITE_10,30379424,1280,21992,32,7,0,31,30379432,1,12921,21745,21992,21992,323864
1072,447435,1072.999987,WRITE_10,30864080,1280,16775,32,7,0,31,30864688,1,11453,16764,16775,16775,328160
1073,473723,1073.998837,WRITE_10,31491912,1280,15324,32,7,0,31,31491920,1,6861,13114,15324,15324,328828
1074,503693,1074.996825,WRITE_10,32166520,1280,8602,32,7,0,31,32166528,1,4743,8268,8602,8602,332424
1075,531333,1075.997866,WRITE_10,34939936,1280,18568,32,7,0,31,34940448,1,6216,18521,18568,18568,330136
1076,561603,1076.998474,WRITE_10,33386848,1280,10769,32,7,0,31,33386856,1,5080,8566,10769,10769,331728
1077,591841,1077.999984,WRITE_10,34085568,1280,11499,32,7,0,31,34085576,1,6081,11484,11499,11499,332708
1078,618062,1078.996405,WRITE_10,34690368,1280,14854,32,7,0,31,34691136,1,7406,13889,14854,14854,332468
1079,642064,1079.99915,WRITE_10,34852712,1280,11260,32,7,0,31,34852720,1,6683,11256,11260,11260,331884
1080,664182,1080.999932,WRITE_10,34946096,1280,16381,32,7,0,31,34947352,1,7920,16360,16381,16381,329452
1081,687329,1081.997871,WRITE_10,28762040,1280,18885,32,7,0,31,28762048,1,9877,18872,18885,18885,334192
1082,703038,1082.999408,WRITE_10,29769704,1280,19809,32,7,0,31,29769712,1,12305,18829,19809,19809,328776
1083,719000,1083.999751,WRITE_10,30432680,1280,32066,32,7,0,31,30432688,1,11606,31976,32066,32066,324936
1084,734988,1084.999981,WRITE_10,30846048,1280,18104,32,7,0,31,30846056,1,10939,18077,18104,18104,330320
1085,754001,1085.999998,WRITE_10,34947352,1280,14732,32,7,0,31,34948424,1,9303,14494,14732,14732,333164
1086,783072,1086.999892,WRITE_10,31957712,1280,10710,32,7,0,31,31957720,1,6603,10626,10710,10710,334008
1087,798482,1087.999952,WRITE_10,32006384,1280,6923,32,7,0,31,32006616,1,4132,6887,6923,6923,88292
1088,813792,1088.999975,WRITE_10,785720,4,118,11,7,0,31,785728,1,36,107,118,118,61240
1089,831618,1089.999974,WRITE_10,867272,4,142,9,7,0,31,867280,1,35,109,142,142,71304
1090,849567,1090.999987,WRITE_10,949400,4,159,9,7,0,31,949408,1,35,89,159,159,71796
1091,866810,1091.999985,WRITE_10,1028264,4,166,9,7,0,31,1028272,1,35,118,166,166,68968
1092,884035,1092.999948,WRITE_10,1107008,4,166,9,7,0,31,1107016,1,35,123,166,166,68900
1093,901175,1093.999964,WRITE_10,1185368,4,153,9,7,0,31,1185376,1,35,123,153,153,68560
1094,918702,1094.999968,WRITE_10,1265512,4,125,9,7,0,31,1265520,1,35,123,125,125,70108
1095,936551,1095.999989,WRITE_10,1347176,4,96,9,7,0,31,1347184,1,35,95,96,96,71396
1096,954385,1096.999979,WRITE_10,1428816,4,133,9,7,0,31,1428824,1,35,82,133,133,71336
1097,969417,1097.995781,WRITE_10,1497624,4,181,9,7,0,31,1497632,1,35,95,181,181,60128
1098,980794,1098.999768,WRITE_10,1549640,4,232,9,7,0,31,1549648,1,37,113,232,232,45508
1099,986021,1099.999977,WRITE_10,35223384,1280,17659,32,7,0,31,35224616,1,7136,17331,17659,17659,176588
1100,990261,1100.999997,WRITE_10,35635480,1280,21049,15,5,0,31,35636504,1,7482,21049,21049,21049,221640
1101,995011,1101.999802,WRITE_10,1632232,4,106,9,6,0,31,1632240,1,39,106,106,106,19000
1102,995770,1102.994244,WRITE_10,36240664,1280,96014,32,5,0,31,36243224,1,90041,96014,96014,96014,305448
1103,1000654,1103.932904,WRITE_10,36454080,1280,92209,32,6,0,31,36456640,1,33110,92209,92209,92209,125908
1104,1005253,1104.979764,WRITE_10,36794976,1280,94169,32,6,0,31,36797536,1,54135,94169,94169,94169,188308
1105,1008864,1105.999836,WRITE_10,37173856,1280,94075,32,7,0,31,37174272,1,69694,94075,94075,94075,202220
1106,1014906,1106.999958,WRITE_10,37481512,1280,92463,32,7,0,31,37482976,1,48048,90609,92463,92463,179056
1107,1071896,1107.999959,WRITE_10,37482960,8,2645,32,7,0,31,37482968,1,987,2109,2645,2645,227968
1108,1133823,1108.999999,WRITE_10,37482960,8,2813,32,7,0,31,37482968,1,897,2630,2813,2813,247700
1109,1201168,1109.999986,WRITE_10,37482960,8,2124,32,7,0,31,37482968,1,1192,1956,2124,2124,269388
1110,1284652,1110.999992,WRITE_10,37482952,8,2602,32,7,0,31,37482960,0,1332,2125,2602,2602,333920
1111,1367835,1111.999997,WRITE_10,37482968,8,2595,32,7,0,31,37482976,1,1303,2326,2595,2595,332744
1112,1450236,1112.99999,WRITE_10,37482960,8,2548,32,7,0,31,37482968,0,1382,2455,2548,2548,329680
1113,1534107,1113.999984,WRITE_10,37482944,8,2720,32,7,0,31,37482952,0,1246,2295,2720,2720,335508
1114,1617627,1114.999998,WRITE_10,37482928,8,2782,32,7,0,31,37482936,1,1329,2455,2782,2782,334096
1115,1695097,1115.99999,WRITE_10,37482952,8,2403,32,7,0,31,37482960,1,1421,2203,2403,2403,309872
1116,1754731,1116.999637,WRITE_10,37482856,8,2617,32,7,0,31,37482864,1,849,2337,2617,2617,238552
1117,1817305,1117.999968,WRITE_10,37482936,8,2533,32,7,0,31,37482944,1,904,2334,2533,2533,250304
1118,1885213,1118.999986,WRITE_10,37482920,8,2279,32,7,0,31,37482928,1,1051,2021,2279,2279,271640
1119,1967962,1119.999974,WRITE_10,37482944,8,2785,32,7,0,31,37482952,0,1363,2176,2785,2785,331000
1120,2051294,1120.999993,WRITE_10,37482888,8,2595,32,7,0,31,37482896,0,1290,2488,2595,2595,333348
1121,2128719,1121.999978,WRITE_10,37482968,8,2636,32,7,0,31,37482976,1,1275,2412,2636,2636,309716
1122,2184231,1122.999987,WRITE_10,37482968,8,2010,32,7,0,31,37482976,1,796,1822,2010,2010,222044
1123,2240000,1123.999891,WRITE_10,37482944,4,2749,32,7,0,31,37482952,1,852,2565,2749,2749,223064
1124,2296223,1124.999999,WRITE_10,37482944,8,2639,32,7,0,31,37482952,1,829,2530,2639,2639,224896
1125,2354250,1125.999987,WRITE_10,37482920,8,2164,32,7,0,31,37482928,1,999,1955,2164,2164,232112
1126,2408795,1126.99999,WRITE_10,37495584,1280,6989,32,7,0,31,37497648,1,903,6965,6989,6989,225480
1127,2429219,1127.999971,WRITE_10,37482968,4,1800,32,7,0,31,37482976,1,620,1694,1800,1800,81696
1128,2446940,1128.999969,WRITE_10,2145232,4,99,9,6,0,31,2145240,1,35,82,99,99,70884
1129,2464752,1129.999955,WRITE_10,2226752,4,116,9,6,0,31,2226760,1,35,96,116,116,71248
1130,2482589,1130.999951,WRITE_10,2308360,4,112,9,7,0,31,2308368,1,36,97,112,112,71348
1131,2499836,1131.999966,WRITE_10,37520640,604,1167,11,7,0,31,37521808,1,39,1131,1167,1167,80940
1132,2517239,1132.999972,WRITE_10,2466624,4,133,9,7,0,31,2466632,1,35,123,133,133,69612
1133,2533985,1133.999948,WRITE_10,2543176,4,197,9,7,0,31,2543184,1,35,126,197,197,66984
1134,2551322,1134.999973,WRITE_10,2622432,4,126,9,7,0,31,2622440,1,35,124,126,126,69348
1135,2567596,1135.999996,WRITE_10,2696832,4,133,9,7,0,31,2696840,1,36,120,133,133,65096
1136,2583189,1136.999984,WRITE_10,37614016,1280,19026,14,7,0,31,37614072,1,50,13941,19026,19026,108264
1137,2600498,1137.999969,WRITE_10,2847000,4,182,9,7,0,31,2847008,1,35,122,182,182,69236
1138,2618433,1138.999999,WRITE_10,2929128,4,114,9,5,0,31,2929136,1,35,98,114,114,71740
1139,2636346,1139.999971,WRITE_10,3011088,4,115,9,6,0,31,3011096,1,35,103,115,115,71652
1140,2653220,1140.999968,WRITE_10,3088336,4,130,9,7,0,31,3088344,1,35,111,130,130,67496
1141,2665749,1141.999946,WRITE_10,3145640,4,190,9,7,0,31,3145648,1,37,188,190,190,50116
1142,2682808,1142.999983,WRITE_10,26719592,1280,6757,32,7,0,31,26719600,1,4443,6725,6757,6757,136980
1143,2710489,1143.999954,WRITE_10,27402408,1280,10077,32,7,0,31,27402416,1,5803,10047,10077,10077,334220
1144,2731103,1144.999849,WRITE_10,28516128,1280,16874,32,7,0,31,28516136,1,9065,16637,16874,16874,337184
1145,2746296,1145.9944,WRITE_10,28948296,1280,22462,32,7,0,31,28948304,1,12594,22264,22462,22462,332628
1146,2761592,1146.999933,WRITE_10,29788472,1280,16278,32,7,0,31,29788480,1,11244,16266,16278,16278,330672
1147,2775307,1147.998997,WRITE_10,30426040,1280,26011,32,6,0,31,30426048,1,15510,25781,26011,26011,324304
1148,2798863,1148.999954,WRITE_10,31067008,1280,18893,32,7,0,31,31067016,1,8387,18861,18893,18893,330768
1149,2827820,1149.999975,WRITE_10,31722512,1280,13575,32,7,0,31,31722520,1,5926,12828,13575,13575,339232
1150,2857308,1150.999971,WRITE_10,32347992,1280,9561,32,7,0,31,32348000,1,5552,9540,9561,9561,332448
1151,2887148,1151.999986,WRITE_10,33040088,1280,9254,32,7,0,31,33040096,1,5155,9236,9254,9254,333404
1152,2917939,1152.999963,WRITE_10,33720088,1280,11485,32,7,0,31,33720096,1,4863,11470,11485,11485,334672
1153,2948161,1153.999993,WRITE_10,34354296,1280,9383,32,7,0,31,34354368,1,5573,9366,9383,9383,331456
1154,2971164,1154.999977,WRITE_10,34799696,1280,12762,32,7,0,31,34799704,1,7524,12717,12762,12762,329712
1155,2994967,1155.99944,WRITE_10,34880864,1280,15298,32,7,0,31,34882400,1,6948,15289,15298,15298,337064
1156,3017116,1156.999972,WRITE_10,34707664,1280,18079,32,7,0,31,34709848,1,8382,18056,18079,18079,329556
1157,3035815,1157.997211,WRITE_10,28910336,1280,14924,32,7,0,31,28910432,1,9727,14912,14924,14924,331396
1158,3050360,1158.999543,WRITE_10,29903072,1280,35172,32,7,0,31,29903080,1,14426,35143,35172,35172,327420
1159,3064677,1159.997718,WRITE_10,30393368,1280,19874,32,7,0,31,30393376,1,13061,19852,19874,19874,322400
1160,3081459,1160.99999,WRITE_10,30783856,1280,16288,32,7,0,31,30783864,1,10397,15583,16288,16288,331980
1161,3108843,1161.999956,WRITE_10,31675896,1280,14029,32,7,0,31,31675904,1,7016,13843,14029,14029,335572
1162,3132553,1162.998798,WRITE_10,37626400,1280,14101,32,7,0,31,37627408,1,5960,13969,14101,14101,253916
1163,3142941,1163.999995,WRITE_10,3275616,4,115,9,7,0,31,3275624,1,37,92,115,115,41552
1164,3153330,1164.999982,WRITE_10,3323112,4,124,9,7,0,31,3323120,1,37,121,124,124,41556
1165,3163790,1165.996857,WRITE_10,3370944,4,119,9,7,0,31,3370952,1,37,94,119,119,41840
1166,3174349,1166.999975,WRITE_10,3419232,4,106,9,7,0,31,3419240,1,38,99,106,106,42236
1167,3184591,1167.999721,WRITE_10,37651296,736,1425,11,7,0,31,37652360,1,42,1421,1425,1425,53316
1168,3194949,1168.999996,WRITE_10,3513272,4,99,9,6,0,31,3513280,1,38,79,99,99,41432
1169,3206095,1169.999948,WRITE_10,3564248,4,94,9,5,0,31,3564256,1,37,79,94,94,44584
1170,3224028,1170.999983,WRITE_10,3646312,4,111,9,7,0,31,3646320,1,36,105,111,111,71732
1171,3241837,1171.999974,WRITE_10,3727728,4,113,9,7,0,31,3727736,1,36,111,113,113,71236
1172,3258749,1172.999941,WRITE_10,3805072,4,112,9,6,0,31,3805080,1,36,110,112,112,67648
1173,3269720,1173.999947,WRITE_10,3855280,4,2063,9,7,0,31,3855288,1,40,268,2063,2063,43884
1174,3287594,1174.99999,WRITE_10,3937072,4,185,9,6,0,31,3937080,1,35,111,185,185,71496
1175,3305458,1175.999977,WRITE_10,4018816,4,117,9,7,0,31,4018824,1,35,112,117,117,71456
1176,3323298,1176.99997,WRITE_10,4100440,4,120,9,6,0,31,4100448,1,35,96,120,120,71360
1177,3333961,1177.999957,WRITE_10,4149184,4,137,9,6,0,31,4149192,1,38,134,137,137,42652
1178,3344428,1178.999756,WRITE_10,4197032,4,130,9,7,0,31,4197040,1,38,127,130,130,41868
1179,3354941,1179.999994,WRITE_10,4245104,4,116,9,7,0,31,4245112,1,38,101,116,116,42052
1180,3365225,1180.99997,WRITE_10,4292120,4,103,9,5,0,31,4292128,1,39,101,103,103,41136
1181,3375542,1181.999484,WRITE_10,4339304,4,100,9,7,0,31,4339312,1,38,83,100,100,41268
1182,3386842,1182.99978,WRITE_10,4390976,4,114,9,7,0,31,4390984,1,38,99,114,114,45200
1183,3400479,1183.99997,WRITE_10,37653712,216,2045,32,7,0,31,37654144,1,639,2028,2045,2045,55408
1184,3484303,1184.999999,WRITE_10,37482960,8,2719,32,7,0,31,37482968,0,1316,2454,2719,2719,335308
1185,3568117,1185.999998,WRITE_10,37482960,8,2814,32,7,0,31,37482968,0,1347,2403,2814,2814,335256
1186,3651168,1186.999983,WRITE_10,37482952,8,2785,32,7,0,31,37482960,0,1390,2535,2785,2785,332208
1187,3720377,1187.999954,WRITE_10,37482968,8,2325,32,7,0,31,37482976,1,1045,1992,2325,2325,276836
1188,3800352,1188.99999,WRITE_10,37654144,440,2720,32,7,0,31,37655024,1,1338,2247,2720,2720,320324
1189,3883436,1189.999984,WRITE_10,37482960,8,2630,32,7,0,31,37482968,0,1341,2303,2630,2630,332364
1190,3967385,1190.999994,WRITE_10,37482920,8,2538,32,7,0,31,37482928,0,1315,2368,2538,2538,335840
1191,4026267,1191.999926,WRITE_10,37482952,8,2324,32,7,0,31,37482960,1,1021,1960,2324,2324,235528
1192,4080350,1192.998007,WRITE_10,37482944,8,2569,32,7,0,31,37482952,0,889,2401,2569,2569,216340
1193,4117187,1193.999933,WRITE_10,37913584,1280,16598,32,7,0,31,37916144,1,10616,16527,16598,16598,277464
1194,4150894,1194.999925,WRITE_10,38169584,1280,22663,32,7,0,31,38171120,1,10501,22524,22663,22663,261892
1195,4205547,1195.999782,WRITE_10,37482936,8,2597,32,7,0,31,37482944,1,911,2555,2597,2597,218620
1196,4241830,1196.999947,WRITE_10,38346736,1280,20344,32,7,0,31,38349296,1,8666,18093,20344,20344,242860
1197,4269544,1197.999964,WRITE_10,38725104,1280,23399,32,7,0,31,38727664,1,14348,23310,23399,23399,299436
1198,4296025,1198.996225,WRITE_10,39100912,1280,24356,32,7,0,31,39103472,1,15187,24081,24356,24356,293236
1199,4329908,1199.999958,WRITE_10,39485424,1280,24565,32,7,0,31,39487984,1,13988,24526,24565,24565,327192
1200,4360126,1200.995895,WRITE_10,39911920,1280,31607,32,7,0,31,39914480,1,18198,31553,31607,31607,333452
1201,4393532,1201.99999,WRITE_10,40305648,1280,27828,32,7,0,31,40308208,1,15572,27769,27828,27828,329856
1202,4428937,1202.999995,WRITE_10,40691184,1280,28568,32,7,0,31,40693744,1,16006,27635,28568,28568,333800
1203,4456384,1203.999914,WRITE_10,41135600,1280,29661,32,7,0,31,41138160,1,18361,29596,29661,29661,331288
1204,4459786,1204.996222,WRITE_10,41574120,1280,24003,32,7,0,31,41576680,1,18283,24003,24003,24003,232172
1205,4459979,1205.996376,WRITE_10,42025744,1280,24085,13,5,0,31,42028304,1,23390,24085,24085,24085,225812
1206,4460126,1206.888375,WRITE_10,42395120,1280,24112,14,3,0,31,42397680,1,23917,24112,24112,24112,184692
1207,4460305,1207.997442,WRITE_10,42844656,1280,23731,13,5,0,31,42847216,1,23554,23731,23731,23731,224768
1208,4460470,1208.953722,WRITE_10,43262960,1280,24215,13,3,0,31,43265520,1,23790,24215,24215,24215,209152
1209,4460619,1209.993082,WRITE_10,43637232,1280,25452,14,4,0,31,43639792,1,24072,25452,25452,25452,187140
1210,4460803,1210.996483,WRITE_10,44105200,1280,24606,13,4,0,31,44107760,1,23337,24606,24606,24606,233984
1211,4460975,1211.99247,WRITE_10,44543472,1280,23415,13,4,0,31,44546032,1,23270,23415,23415,23415,219136
1212,4461125,1212.931964,WRITE_10,44925424,1280,23609,13,4,0,31,44927984,1,23288,23609,23609,23609,190976
1213,4461849,1213.996003,WRITE_10,45346096,1280,27900,29,4,0,31,45347904,1,22967,27900,27900,27900,228048
1214,4466994,1214.999928,WRITE_10,45692968,1280,19358,11,7,0,31,45693240,1,8174,18186,19358,19358,192460
1215,4472807,1215.996795,WRITE_10,46012152,1280,18222,11,7,0,31,46012576,1,6680,17561,18222,18222,182128
1216,4477236,1216.996974,WRITE_10,46443152,1280,18925,11,6,0,31,46445120,1,10231,18925,18925,18925,233048
1217,4482068,1217.999982,WRITE_10,46865288,1280,23020,12,6,0,31,46866008,1,10177,23020,23020,23020,228820
1218,4491567,1218.996266,WRITE_10,47201760,1280,17753,11,7,0,31,47202392,1,2574,14062,17753,17753,205116
1219,4499327,1219.999996,WRITE_10,47647552,1280,19469,11,6,0,31,47649224,1,6760,18783,19469,19469,253240
1220,4503766,1220.990169,WRITE_10,48212688,1280,20706,12,6,0,31,48212704,1,11196,20706,20706,20706,298196
1221,4509667,1221.999936,WRITE_10,48575544,1280,19035,11,6,0,31,48577952,1,8089,19013,19035,19035,205332
1222,4515660,1222.997668,WRITE_10,48852208,1280,18861,11,6,0,31,48852888,1,4891,18748,18861,18861,160784
1223,4522264,1223.996643,WRITE_10,49131800,1280,18481,11,6,0,31,49134360,1,3978,18455,18481,18481,166420
1224,4529465,1224.984834,WRITE_10,49338680,1280,18819,11,7,0,31,49341240,1,2926,18580,18819,18819,131748
1225,4536777,1225.996044,WRITE_10,49555776,1280,18972,12,7,0,31,49556688,1,3546,18846,18972,18972,136408
1226,4544973,1226.999972,WRITE_10,49632624,1280,18975,12,6,0,31,49634800,1,126,16941,18975,18975,71624
1227,4550326,1227.997649,WRITE_10,49941816,1280,19253,11,7,0,31,49943952,1,7001,17763,19253,19253,175140
1228,4560393,1228.995298,WRITE_10,50247144,1280,19789,12,7,0,31,50249072,1,2489,18780,19789,19789,191996
1229,4571282,1229.999999,WRITE_10,50554136,1280,19169,11,7,0,31,50556400,1,2846,19073,19169,19169,196384
1230,4582208,1230.995508,WRITE_10,50858256,1280,18381,11,6,0,31,50860456,1,3417,18252,18381,18381,194940
1231,4594956,1231.998778,WRITE_10,51090448,1280,17203,11,7,0,31,51093008,1,1209,16162,17203,17203,166380
1232,4607218,1232.999962,WRITE_10,51332368,1280,18548,11,7,0,31,51332864,1,1572,18350,18548,18548,168156
1233,4615639,1233.999949,WRITE_10,51737944,1280,18542,11,7,0,31,51740024,1,6405,18510,18542,18542,235996
1234,4626075,1234.996335,WRITE_10,52093576,1280,18136,11,7,0,31,52096136,1,2931,18134,18136,18136,218552
1235,4640714,1235.999953,WRITE_10,52199512,1280,18736,11,7,0,31,52200976,1,38,17907,18736,18736,110792
1236,4658471,1236.999995,WRITE_10,1249976,4,176,6,7,0,31,1249984,1,35,125,176,176,71028
1237,4676393,1237.999955,WRITE_10,1332000,4,136,6,6,0,31,1332008,1,35,114,136,136,71688
1238,4694278,1238.999985,WRITE_10,1413808,4,120,6,6,0,31,1413816,1,35,116,120,120,71540
1239,4712117,1239.999996,WRITE_10,1495424,4,171,6,6,0,31,1495432,1,35,139,171,171,71356
1240,4722806,1240.990499,WRITE_10,52378384,1280,22315,11,7,0,31,52380944,1,419,22237,22315,22315,132376
1241,4730799,1241.999981,WRITE_10,52427560,1280,19050,22,7,0,31,52428800,1,4592,16248,19050,19050,162460
1242,4744028,1242.999978,WRITE_10,1971320,1280,22000,11,7,0,31,1971328,1,60,21979,22000,22000,100908
1243,4761859,1243.999992,WRITE_10,2052912,4,107,6,7,0,31,2052920,1,36,103,107,107,71324
1244,4779704,1244.999969,WRITE_10,2134576,4,114,6,7,0,31,2134584,1,35,111,114,114,71380
1245,4797548,1245.999976,WRITE_10,2216304,4,187,6,7,0,31,2216312,1,35,116,187,187,71376
1246,4815498,1246.999984,WRITE_10,2298528,4,208,6,7,0,31,2298536,1,35,98,208,208,71800
1247,4832930,1247.99999,WRITE_10,2402768,1280,2709,8,6,0,31,2402776,1,59,2488,2709,2709,82592
1248,4850735,1248.999959,WRITE_10,2484264,4,202,6,6,0,31,2484272,1,35,125,202,202,71220
1249,4868248,1249.999942,WRITE_10,2564320,4,161,6,5,0,31,2564328,1,36,128,161,161,70052
1250,4885522,1250.999992,WRITE_10,2643288,4,128,6,5,0,31,2643296,1,36,123,128,128,69096
1251,4902569,1251.999949,WRITE_10,2721216,4,129,6,5,0,31,2721224,1,37,125,129,129,68188
1252,4919139,1252.999994,WRITE_10,2796976,4,128,6,5,0,31,2796984,1,37,123,128,128,66280
1253,4936409,1253.999958,WRITE_10,2875928,4,161,6,1,0,31,2875936,1,36,132,161,161,69080
1254,4953458,1254.999981,WRITE_10,2953864,4,164,6,1,0,31,2953872,1,36,128,164,164,68196
1255,4970603,1255.999989,WRITE_10,3032240,4,128,6,1,0,31,3032248,1,36,122,128,128,68580
1256,4988041,1256.99995,WRITE_10,3112080,4,124,6,6,0,31,3112088,1,36,110,124,124,69752
1257,5003433,1257.861148,WRITE_10,3182600,4,125,6,7,0,31,3182608,1,35,115,125,125,61568
1258,5003450,1258.986043,WRITE_10,3222528,1280,15425,9,4,0,22,3225088,1,15425,15425,15425,15425,19884
1259,5003636,1259.963995,WRITE_10,3673776,1280,23728,11,6,0,31,3676336,1,23147,23728,23728,23728,225764
1260,5003952,1260.981216,WRITE_10,4134680,1280,23764,29,2,0,31,4137240,1,21953,23764,23764,23764,231988
1261,5004134,1261.997735,WRITE_10,4625176,1280,23674,11,2,0,31,4627736,1,23405,23674,23674,23674,230912
1262,5004276,1262.953276,WRITE_10,4982040,1280,23911,11,5,0,31,4982552,1,23405,23911,23911,23911,177412
1263,5004448,1263.961104,WRITE_10,5412120,1280,24333,11,5,0,31,5414680,1,23637,24333,24333,24333,216176
1264,5004597,1264.869244,WRITE_10,5790488,1280,23751,11,5,0,31,5793048,1,23342,23751,23751,23751,189240
1265,5004766,1265.999893,WRITE_10,6213400,1280,23769,11,5,0,31,6215960,1,23095,23769,23769,23769,211512
1266,5004939,1266.89225,WRITE_10,6649112,1280,23540,11,4,0,31,6651672,1,23263,23540,23540,23540,217916
1267,5005107,1267.981378,WRITE_10,7075608,1280,23739,11,4,0,31,7078168,1,23250,23739,23739,23739,213304
1268,5005316,1268.991209,WRITE_10,7551424,1280,23957,12,4,0,31,7553984,1,23672,23957,23957,23957,238188
1269,5011242,1269.999968,WRITE_10,8082208,1280,19634,29,4,0,31,8083648,1,9973,19016,19634,19634,277088
1270,5019534,1270.999094,WRITE_10,8555208,1280,18417,11,6,0,31,8556384,1,5636,18411,18417,18417,250164
1271,5027898,1271.997612,WRITE_10,8995576,1280,17562,11,7,0,31,8997040,1,4884,16683,17562,17562,234592
1272,5037088,1272.999994,WRITE_10,9355264,1280,23151,11,7,0,31,9356968,1,3222,19999,23151,23151,195560
1273,5041825,1273.993345,WRITE_10,9842720,1280,23259,12,7,0,31,9842728,1,11094,23259,23259,23259,252008
1274,5045695,1274.998825,WRITE_10,10293528,1280,23399,22,7,0,31,10294664,1,11351,23399,23399,23399,234564
1275,5053129,1275.999929,WRITE_10,10668232,1280,22297,12,7,0,31,10670184,1,6462,22233,22297,22297,198332
1276,5062993,1276.99996,WRITE_10,10967640,1280,17032,29,7,0,31,10967768,1,3400,15773,17032,17032,190716
1277,5073477,1277.997332,WRITE_10,11308176,1280,19599,12,7,0,31,11310736,1,3315,19594,19599,19599,212504
1278,5082583,1278.999642,WRITE_10,11666672,1280,20673,12,7,0,31,11668424,1,6449,20668,20673,20673,214400
1279,5094029,1279.998462,WRITE_10,11846800,1280,17996,11,7,0,31,11848272,1,1488,15127,17996,17996,135164
1280,5103111,1280.999954,WRITE_10,11968512,1280,5307,9,7,0,31,11968968,1,1215,5150,5307,5307,96240
1281,5110306,1281.998895,WRITE_10,12094680,1280,19670,11,6,0,31,12096904,1,95,18030,19670,19670,92524
1282,5117112,1282.99994,WRITE_10,12297464,1280,22378,11,6,0,31,12297512,1,2324,21981,22378,22378,127032
1283,5126151,1283.999123,WRITE_10,12373144,1280,9929,9,7,0,31,12373208,1,488,7150,9929,9929,73768
1284,5134836,1284.999956,WRITE_10,12465096,1280,4766,8,7,0,31,12465944,1,971,3773,4766,4766,80772
1285,5143182,1285.999915,WRITE_10,12571600,1280,14586,11,7,0,31,12571704,1,809,14586,14586,14586,85972
1286,5152983,1286.999018,WRITE_10,12599968,1280,5196,9,7,0,31,12601744,1,62,5169,5196,5196,54080
1287,5160193,1287.998074,WRITE_10,12785576,1280,18018,11,6,0,31,12785736,1,2569,16634,18018,18018,120340
1288,5168150,1288.999957,WRITE_10,13107944,1280,20529,12,7,0,31,13108104,1,5178,18999,20529,20529,192256
1289,5184598,1289.999968,WRITE_10,13170960,1280,16461,11,6,0,31,13172824,1,38,11283,16461,16461,97976
1290,5188493,1290.217408,WRITE_10,974864,4,96,6,6,0,31,974872,1,35,96,96,96,15580
1294,5188610,1294.889985,WRITE_10,13469696,1280,23293,11,4,0,31,13471832,1,23176,23293,23293,23293,147456
1300,5188759,1300.991461,WRITE_10,13847640,1280,26537,11,5,0,31,13850200,1,24659,26537,26537,26537,189184
1301,5188921,1301.986925,WRITE_10,14258264,1280,23531,11,5,0,31,14260824,1,23466,23531,23531,23531,205312
1302,5189086,1302.890069,WRITE_10,14679128,1280,23859,11,5,0,31,14681688,1,23547,23859,23859,23859,210432
1303,5189257,1303.990686,WRITE_10,15111256,1280,23915,11,5,0,31,15113816,1,23537,23915,23915,23915,216064
1304,5189419,1304.984426,WRITE_10,15521880,1280,25792,11,5,0,31,15524440,1,23582,25792,25792,25792,205312
1305,5189593,1305.915386,WRITE_10,15965784,1280,24144,11,5,0,31,15968344,1,23567,24144,24144,24144,221952
1306,5189767,1306.996656,WRITE_10,16410104,1280,24782,11,5,0,31,16412664,1,23807,24782,24782,24782,222160
1307,5189941,1307.968792,WRITE_10,16851448,1280,25485,11,5,0,31,16854008,1,23551,25485,25485,25485,220672
1308,5190095,1308.993389,WRITE_10,17240568,1280,23684,11,5,0,31,17243128,1,23444,23684,23684,23684,194560
1309,5190276,1309.996797,WRITE_10,17701368,1280,23875,11,4,0,31,17703928,1,23539,23875,23875,23875,230400
1310,5190448,1310.981721,WRITE_10,18139640,1280,24500,11,5,0,31,18142200,1,23361,24500,24500,24500,219136
1311,5190604,1311.941724,WRITE_10,18537464,1280,24467,11,5,0,31,18540024,1,23344,24467,24467,24467,198912
1312,5190758,1312.88175,WRITE_10,18930680,1280,24206,11,5,0,31,18933240,1,23649,24206,24206,24206,196608
1313,5190912,1313.807895,WRITE_10,19323896,1280,23925,11,5,0,31,19326456,1,23320,23925,23925,23925,196608
1314,5191072,1314.796959,WRITE_10,19732984,1280,23927,11,5,0,31,19735544,1,23649,23927,23927,23927,204544
1315,5191238,1315.998987,WRITE_10,20157944,1280,23650,11,1,0,31,20160504,1,23447,23650,23650,23650,212480
1316,5191402,1316.978213,WRITE_10,20576816,1280,24235,11,0,0,31,20579376,1,23179,24235,24235,24235,209436
1317,5191562,1317.987414,WRITE_10,20986416,1280,24805,11,2,0,31,20988976,1,23435,24805,24805,24805,204800
1318,5191722,1318.983615,WRITE_10,21396016,1280,23736,11,4,0,31,21398576,1,23516,23736,23736,23736,204800
1319,5191883,1319.983097,WRITE_10,21805616,1280,23805,11,4,0,31,21808176,1,23719,23805,23805,23805,205388
1320,5192210,1320.980505,WRITE_10,22202416,1280,23792,29,0,0,31,22204976,1,23141,23792,23792,23792,200108
1321,5192383,1321.99782,WRITE_10,22639600,1280,23557,11,0,0,31,22642160,1,23025,23557,23557,23557,218704
1322,5192540,1322.996204,WRITE_10,23034416,1280,23691,11,0,0,31,23036976,1,23633,23691,23691,23691,197520
1323,5192702,1323.999989,WRITE_10,23444016,1280,23532,11,0,0,31,23446576,1,23371,23532,23532,23532,204912
1324,5192858,1324.985378,WRITE_10,23838256,1280,23468,11,0,0,31,23840816,1,23274,23468,23468,23468,197232
1325,5193027,1325.985526,WRITE_10,24260656,1280,24175,11,4,0,31,24263216,1,23427,24175,24175,24175,211312
1326,5193191,1326.979072,WRITE_10,24672816,1280,23669,11,5,0,31,24675376,1,23390,23669,23669,23669,206192
1327,5193371,1327.991018,WRITE_10,25128496,1280,24914,11,4,0,31,25131056,1,23997,24914,24914,24914,227952
1328,5193511,1328.397985,WRITE_10,25315376,1280,23375,29,2,0,31,25317376,1,23007,23375,23375,23375,96800
1338,5193623,1338.788888,WRITE_10,10701416,1280,8938,29,7,0,31,10702848,1,8831,8938,8938,8938,15756
1404,5193627,1404.535355,WRITE_10,989512,152,353,8,4,0,21,989816,1,353,353,353,353,168
1465,5193631,1465.97872,WRITE_10,989816,80,182,7,7,0,17,989976,1,182,182,182,182,96
